2018-10-03 02:19:29, 2018-10-03 02:19:59, true, 0.0097, 0.0128, -0.1557, true
2018-10-03 02:20:00, 2018-10-03 02:20:59, false, -0.0042, 0.0118, 0.0269, true
2018-10-03 02:21:01, 2018-10-03 02:21:59, false, -0.0116, 0.0019, 0.1187, true
2018-10-03 02:22:00, 2018-10-03 02:22:59, true, 0.0014, 0.0063, -0.1374, true
2018-10-03 02:23:00, 2018-10-03 02:23:59, true, 0.0084, 0.0108, 0.0690, true
2018-10-03 02:24:00, 2018-10-03 02:24:59, true, 0.0207, 0.0296, -0.0449, true
2018-10-03 02:25:00, 2018-10-03 02:25:57, true, 0.0043, 0.0255, -0.0181, true
2018-10-03 02:26:01, 2018-10-03 02:26:59, false, -0.0339, 0.0130, 0.1447, true
2018-10-03 02:27:00, 2018-10-03 02:27:59, true, 0.0104, 0.0150, -0.0520, true
2018-10-03 02:28:01, 2018-10-03 02:28:59, true, 0.0141, 0.0297, -0.0125, true
2018-10-03 02:29:01, 2018-10-03 02:29:59, true, 0.0464, 0.0624, -0.0224, true
2018-10-03 02:30:00, 2018-10-03 02:30:59, false, -0.0036, 0.0527, 0.1616, true
2018-10-03 02:31:00, 2018-10-03 02:31:59, true, 0.0176, 0.0278, -0.2014, true
2018-10-03 02:32:02, 2018-10-03 02:32:59, true, 0.0162, 0.0351, 0.2605, true
2018-10-03 02:33:01, 2018-10-03 02:33:59, false, -0.0073, 0.0145, -0.1938, true
2018-10-03 02:34:00, 2018-10-03 02:34:59, false, -0.0023, 0.0046, -0.0769, true
2018-10-03 02:35:00, 2018-10-03 02:35:58, true, 0.0034, 0.0042, 0.2143, true
2018-10-03 02:36:00, 2018-10-03 02:36:59, false, -0.0484, 0.0039, 0.0685, true
2018-10-03 02:37:00, 2018-10-03 02:37:59, true, 0.0048, 0.0121, -0.2876, true
2018-10-03 02:38:00, 2018-10-03 02:38:57, true, 0.0026, 0.0084, 0.0990, true
2018-10-03 02:39:00, 2018-10-03 02:39:59, false, -0.0014, 0.0130, -0.1239, true
2018-10-03 02:40:00, 2018-10-03 02:40:59, true, 0.0217, 0.0285, 0.0370, true
2018-10-03 02:41:00, 2018-10-03 02:41:57, false, -0.0116, 0.0311, 0.0987, true
2018-10-03 02:42:01, 2018-10-03 02:42:57, false, -0.0042, 0.0215, -0.1366, true
2018-10-03 02:43:00, 2018-10-03 02:43:59, true, 0.0046, 0.0084, 0.0565, true
2018-10-03 02:44:00, 2018-10-03 02:44:59, false, -0.0023, 0.0060, -0.0433, true
2018-10-03 02:45:00, 2018-10-03 02:45:59, false, -0.0019, 0.0000, 0.0387, true
2018-10-03 02:46:00, 2018-10-03 02:46:59, false, -0.0128, 0.0015, 0.0464, true
2018-10-03 02:47:00, 2018-10-03 02:47:59, false, -0.0003, 0.0074, -0.0251, true
2018-10-03 02:48:00, 2018-10-03 02:48:59, true, 0.0526, 0.0596, -0.0286, true
2018-10-03 02:49:00, 2018-10-03 02:49:59, false, -0.0025, 0.0530, -0.0564, true
2018-10-03 02:50:00, 2018-10-03 02:50:58, false, -0.0122, 0.0003, 0.1418, true
2018-10-03 02:51:00, 2018-10-03 02:51:59, false, -0.0040, 0.0002, 0.0070, true
2018-10-03 02:52:00, 2018-10-03 02:52:59, false, -0.0220, 0.0000, -0.0243, true
2018-10-03 02:53:00, 2018-10-03 02:53:58, true, 0.0017, 0.0036, -0.0930, true
2018-10-03 02:54:00, 2018-10-03 02:54:59, false, -0.0039, 0.0017, -0.0002, true
2018-10-03 02:55:01, 2018-10-03 02:55:59, false, -0.0122, 0.0020, 0.2189, true
2018-10-03 02:56:00, 2018-10-03 02:56:59, false, -0.0224, -0.0002, 0.1250, true
2018-10-03 02:57:00, 2018-10-03 02:57:59, false, -0.0379, 0.0000, -0.0276, true
2018-10-03 02:58:00, 2018-10-03 02:58:59, false, -0.0008, 0.0023, -0.0187, true
2018-10-03 02:59:01, 2018-10-03 02:59:59, false, -0.0110, 0.0009, 0.0163, true
2018-10-03 03:00:00, 2018-10-03 03:00:59, false, -0.0139, 0.0091, -0.1635, true
2018-10-03 03:01:00, 2018-10-03 03:01:59, false, -0.0251, 0.0088, -0.0556, true
2018-10-03 03:02:00, 2018-10-03 03:02:59, false, -0.0153, 0.0156, 0.0945, true
2018-10-03 03:03:00, 2018-10-03 03:03:57, false, -0.0161, 0.0195, -0.0525, true
2018-10-03 03:04:01, 2018-10-03 03:04:59, true, 0.0026, 0.0026, -0.0276, true
2018-10-03 03:05:00, 2018-10-03 03:05:59, true, 0.0003, 0.0133, 0.0014, true
2018-10-03 03:06:00, 2018-10-03 03:06:59, true, 0.0265, 0.0491, -0.0855, true
2018-10-03 03:07:00, 2018-10-03 03:07:59, false, -0.0025, 0.0291, 0.0497, true
2018-10-03 03:08:00, 2018-10-03 03:08:59, true, 0.0218, 0.0245, 0.1103, true
2018-10-03 03:09:00, 2018-10-03 03:09:58, true, 0.0014, 0.0386, -0.1539, true
2018-10-03 03:10:00, 2018-10-03 03:10:58, false, -0.0045, 0.0178, 0.1956, true
2018-10-03 03:11:01, 2018-10-03 03:11:59, true, 0.0096, 0.0364, -0.2309, true
2018-10-03 03:12:00, 2018-10-03 03:12:59, true, 0.0019, 0.0144, 0.1209, true
2018-10-03 03:13:00, 2018-10-03 03:13:59, false, -0.0107, 0.0048, 0.4889, true
2018-10-03 03:14:00, 2018-10-03 03:14:59, false, -0.0139, 0.0000, -0.4859, true
2018-10-03 03:15:00, 2018-10-03 03:15:59, false, -0.0301, 0.0033, 0.0369, true
2018-10-03 03:16:00, 2018-10-03 03:16:59, false, -0.0164, 0.0022, -0.1319, true
2018-10-03 03:17:00, 2018-10-03 03:17:59, false, -0.0619, 0.0003, 0.2549, true
2018-10-03 03:18:00, 2018-10-03 03:18:58, false, -0.0043, 0.0164, 0.0105, true
2018-10-03 03:19:00, 2018-10-03 03:19:59, false, -0.0118, 0.0141, -0.1563, true
2018-10-03 03:20:00, 2018-10-03 03:20:59, false, -0.0304, 0.0039, 0.2139, true
2018-10-03 03:21:00, 2018-10-03 03:21:58, false, -0.0014, 0.0093, -0.0391, true
2018-10-03 03:22:00, 2018-10-03 03:22:59, false, -0.0146, 0.0006, 0.1483, true
2018-10-03 03:23:03, 2018-10-03 03:23:59, true, 0.0003, 0.0298, -0.3272, true
2018-10-03 03:24:00, 2018-10-03 03:24:58, false, -0.0171, 0.0242, -0.0728, true
2018-10-03 03:25:00, 2018-10-03 03:25:59, false, -0.0037, 0.0000, 0.0092, true
2018-10-03 03:26:00, 2018-10-03 03:26:59, false, -0.0076, 0.0135, 0.3892, true
2018-10-03 03:27:00, 2018-10-03 03:27:59, false, -0.0102, 0.0036, -0.3410, true
2018-10-03 03:28:00, 2018-10-03 03:28:58, false, -0.0020, 0.0012, -0.0107, true
2018-10-03 03:29:00, 2018-10-03 03:29:58, false, -0.0172, 0.0165, -0.0225, true
2018-10-03 03:30:00, 2018-10-03 03:30:58, false, -0.0006, 0.0051, 0.2343, true
2018-10-03 03:31:00, 2018-10-03 03:31:59, false, -0.0079, 0.0011, -0.2559, true
2018-10-03 03:32:01, 2018-10-03 03:32:59, true, 0.0130, 0.0146, 0.0180, true
2018-10-03 03:33:00, 2018-10-03 03:33:59, false, -0.0064, 0.0135, -0.0804, true
2018-10-03 03:34:00, 2018-10-03 03:34:58, false, -0.0328, 0.0003, 0.0741, true
2018-10-03 03:35:00, 2018-10-03 03:35:58, true, 0.0728, 0.0742, 1.4235, true
2018-10-03 03:36:00, 2018-10-03 03:36:59, true, 0.0363, 0.1210, -0.8591, true
2018-10-03 03:37:00, 2018-10-03 03:37:59, false, -0.0057, 0.0324, -0.5687, true
2018-10-03 03:38:00, 2018-10-03 03:38:59, false, -0.0019, 0.0079, 0.0326, true
2018-10-03 03:39:00, 2018-10-03 03:39:59, true, 0.1054, 0.1061, 0.1248, true
2018-10-03 03:40:00, 2018-10-03 03:40:57, true, 0.0245, 0.1398, -0.1450, true
2018-10-03 03:41:01, 2018-10-03 03:41:59, true, 0.0070, 0.0232, -0.0514, true
2018-10-03 03:42:00, 2018-10-03 03:42:59, true, 0.0020, 0.0096, 0.0130, true
2018-10-03 03:43:17, 2018-10-03 03:43:59, true, 0.0015, 0.0040, 0.0287, true
2018-10-03 03:44:00, 2018-10-03 03:44:59, true, 0.0118, 0.0203, -0.0496, true
2018-10-03 03:45:00, 2018-10-03 03:45:56, true, 0.0053, 0.0240, -0.0547, true
2018-10-03 03:46:00, 2018-10-03 03:46:59, true, 0.0522, 0.0867, 0.7016, true
2018-10-03 03:47:00, 2018-10-03 03:47:59, true, 0.0102, 0.0669, -0.5842, true
2018-10-03 03:48:00, 2018-10-03 03:48:57, true, 0.0099, 0.0406, -0.0040, true
2018-10-03 03:49:00, 2018-10-03 03:49:59, true, 0.0014, 0.0172, 0.0565, true
2018-10-03 03:50:00, 2018-10-03 03:50:59, false, -0.0060, 0.0045, -0.0559, true
2018-10-03 03:51:00, 2018-10-03 03:51:59, true, 0.0555, 0.0567, 1.3956, true
2018-10-03 03:52:00, 2018-10-03 03:52:59, false, -0.0088, 0.0631, -1.1141, true
2018-10-03 03:53:00, 2018-10-03 03:53:59, false, -0.0002, -0.0002, -0.3187, true
2018-10-03 03:54:02, 2018-10-03 03:54:59, true, 0.0158, 0.0187, 0.3499, true
2018-10-03 03:55:00, 2018-10-03 03:55:59, false, -0.0398, 0.0220, 0.1202, true
2018-10-03 03:56:00, 2018-10-03 03:56:58, false, -0.0042, 0.0022, -0.3334, true
2018-10-03 03:57:00, 2018-10-03 03:57:59, true, 0.0278, 0.0299, -0.0582, true
2018-10-03 03:58:00, 2018-10-03 03:58:59, false, -0.0311, 0.0300, -0.0715, true
2018-10-03 03:59:00, 2018-10-03 03:59:59, true, 0.0059, 0.0102, -0.0785, true
2018-10-03 04:00:00, 2018-10-03 04:00:59, false, -0.0050, 0.0073, 0.1252, true
2018-10-03 04:01:01, 2018-10-03 04:01:59, false, -0.0073, 0.0028, -0.0864, true
2018-10-03 04:02:00, 2018-10-03 04:02:59, true, 0.0031, 0.0074, 0.1305, true
2018-10-03 04:03:00, 2018-10-03 04:03:59, false, -0.0381, 0.0073, -0.0943, true
2018-10-03 04:04:00, 2018-10-03 04:04:59, false, -0.0054, 0.0002, -0.0336, true
2018-10-03 04:05:00, 2018-10-03 04:05:59, false, -0.0081, 0.0029, 0.0400, true
2018-10-03 04:06:00, 2018-10-03 04:06:59, false, -0.0155, 0.0000, -0.0799, true
2018-10-03 04:07:00, 2018-10-03 04:07:59, false, -0.0002, 0.0067, 0.1118, true
2018-10-03 04:08:00, 2018-10-03 04:08:59, true, 0.0113, 0.0113, -0.0384, true
2018-10-03 04:09:00, 2018-10-03 04:09:59, false, -0.0003, 0.0511, 0.3588, true
2018-10-03 04:10:00, 2018-10-03 04:10:59, false, -0.0212, 0.0019, -0.1437, true
2018-10-03 04:11:00, 2018-10-03 04:11:59, true, 0.0981, 0.1035, -0.0735, true
2018-10-03 04:12:00, 2018-10-03 04:12:58, false, -0.0043, 0.1012, 0.0045, true
2018-10-03 04:13:00, 2018-10-03 04:13:59, true, 0.0036, 0.0065, -0.1185, true
2018-10-03 04:14:00, 2018-10-03 04:14:59, false, -0.0023, 0.0121, 0.4228, true
2018-10-03 04:15:00, 2018-10-03 04:15:58, true, 0.0088, 0.0322, -0.2637, true
2018-10-03 04:16:00, 2018-10-03 04:16:59, false, -0.0073, 0.0065, 0.0741, true
2018-10-03 04:17:00, 2018-10-03 04:17:59, false, -0.0034, 0.0017, -0.2504, true
2018-10-03 04:18:00, 2018-10-03 04:18:59, false, -0.0050, 0.0009, 0.2779, true
2018-10-03 04:19:00, 2018-10-03 04:19:58, true, 0.0009, 0.0138, 0.1636, true
2018-10-03 04:20:00, 2018-10-03 04:20:59, true, 0.0029, 0.0039, -0.4118, true
2018-10-03 04:21:00, 2018-10-03 04:21:59, true, 0.0046, 0.0105, 0.0104, true
2018-10-03 04:22:00, 2018-10-03 04:22:59, true, 0.0077, 0.0128, 0.1411, true
2018-10-03 04:23:00, 2018-10-03 04:23:59, false, -0.0252, 0.0127, 0.5315, true
2018-10-03 04:24:01, 2018-10-03 04:24:59, false, -0.0161, 0.0028, -0.3248, true
2018-10-03 04:25:00, 2018-10-03 04:25:59, true, 0.0057, 0.0060, 0.5529, true
2018-10-03 04:26:00, 2018-10-03 04:26:59, true, 0.0073, 0.0164, -0.2221, true
2018-10-03 04:27:00, 2018-10-03 04:27:59, true, 0.0391, 0.0498, -0.5664, true
2018-10-03 04:28:00, 2018-10-03 04:28:59, false, -0.0036, 0.0421, 0.4499, true
2018-10-03 04:29:00, 2018-10-03 04:29:59, true, 0.0022, 0.0053, -0.1581, true
2018-10-03 04:30:00, 2018-10-03 04:30:59, true, 0.0008, 0.0085, -0.3588, true
2018-10-03 04:31:00, 2018-10-03 04:31:59, false, -0.0119, 0.0070, 0.2052, true
2018-10-03 04:32:00, 2018-10-03 04:32:57, true, 0.0183, 0.0370, -0.0461, true
2018-10-03 04:33:00, 2018-10-03 04:33:59, true, 0.0048, 0.0231, -0.2944, true
2018-10-03 04:34:00, 2018-10-03 04:34:59, true, 0.0184, 0.0337, 0.2351, true
2018-10-03 04:35:00, 2018-10-03 04:35:59, false, -0.1081, 0.0212, 1.9798, true
2018-10-03 04:36:00, 2018-10-03 04:36:59, false, -0.0184, 0.0000, -2.1053, true
2018-10-03 04:37:00, 2018-10-03 04:37:59, true, 0.0031, 0.0104, 0.0352, true
2018-10-03 04:38:00, 2018-10-03 04:38:58, false, -0.0051, 0.0019, -0.0257, true
2018-10-03 04:39:00, 2018-10-03 04:39:59, false, -0.0260, 0.0085, 0.1242, true
2018-10-03 04:40:00, 2018-10-03 04:40:58, false, -0.0364, 0.0012, -0.0480, true
2018-10-03 04:41:00, 2018-10-03 04:41:59, false, -0.0095, 0.0054, -0.1243, true
2018-10-03 04:42:00, 2018-10-03 04:42:59, true, 0.0401, 0.0442, 2.0404, true
2018-10-03 04:43:01, 2018-10-03 04:43:59, false, -0.0074, 0.0438, -1.9180, true
2018-10-03 04:44:00, 2018-10-03 04:44:59, true, 0.0015, 0.0028, -0.1820, true
2018-10-03 04:45:00, 2018-10-03 04:45:59, true, 0.0079, 0.0129, 0.0793, true
2018-10-03 04:46:00, 2018-10-03 04:46:57, true, 0.0186, 0.0344, 1.2700, true
2018-10-03 04:47:00, 2018-10-03 04:47:59, false, -0.0226, 0.0480, 0.4607, true
2018-10-03 04:48:01, 2018-10-03 04:48:59, false, -0.0622, -0.0045, -1.7158, true
2018-10-03 04:49:00, 2018-10-03 04:49:59, true, 0.0166, 0.0229, 0.1238, true
2018-10-03 04:50:00, 2018-10-03 04:50:59, true, 0.0033, 0.0232, -0.0831, true
2018-10-03 04:51:00, 2018-10-03 04:51:59, false, -0.0276, 0.0088, 0.0186, true
2018-10-03 04:52:00, 2018-10-03 04:52:58, false, -0.0109, 0.0012, -0.0068, true
2018-10-03 04:53:00, 2018-10-03 04:53:59, true, 0.0011, 0.0011, -0.1918, true
2018-10-03 04:54:01, 2018-10-03 04:54:57, false, -0.0060, 0.0051, 0.2082, true
2018-10-03 04:55:00, 2018-10-03 04:55:59, true, 0.0045, 0.0045, 0.0087, true
2018-10-03 04:56:00, 2018-10-03 04:56:57, true, 0.0239, 0.0301, 0.6744, true
2018-10-03 04:57:00, 2018-10-03 04:57:59, false, -0.0327, 0.0172, 0.0202, true
2018-10-03 04:58:00, 2018-10-03 04:58:59, false, -0.0023, 0.0019, 0.1285, true
2018-10-03 04:59:02, 2018-10-03 04:59:59, true, 0.0525, 0.0673, 0.3233, true
2018-10-03 05:00:00, 2018-10-03 05:00:59, false, -0.0003, 0.0573, -1.2465, true
2018-10-03 05:01:00, 2018-10-03 05:01:58, true, 0.0005, 0.0014, 0.0890, true
2018-10-03 05:02:00, 2018-10-03 05:02:59, false, -0.0172, 0.0088, -0.1276, true
2018-10-03 05:03:00, 2018-10-03 05:03:59, false, -0.0036, 0.0016, 0.3410, true
2018-10-03 05:04:00, 2018-10-03 05:04:59, true, 0.0121, 0.0161, -0.0361, true
2018-10-03 05:05:00, 2018-10-03 05:05:59, false, -0.0050, 0.0135, -0.1421, true
2018-10-03 05:06:01, 2018-10-03 05:06:59, true, 0.0188, 0.0264, 0.3202, true
2018-10-03 05:07:00, 2018-10-03 05:07:59, false, -0.0067, 0.0276, -0.1401, true
2018-10-03 05:08:00, 2018-10-03 05:08:57, false, -0.0005, 0.0071, -0.1886, true
2018-10-03 05:09:01, 2018-10-03 05:09:59, true, 0.0071, 0.0102, 0.2518, true
2018-10-03 05:10:00, 2018-10-03 05:10:59, false, -0.0068, 0.0101, -0.0322, true
2018-10-03 05:11:00, 2018-10-03 05:11:59, false, -0.0037, 0.0028, -0.3628, true
2018-10-03 05:12:00, 2018-10-03 05:12:59, false, -0.0057, 0.0070, 0.0108, true
2018-10-03 05:13:00, 2018-10-03 05:13:59, true, 0.0050, 0.0112, -0.0591, true
2018-10-03 05:14:00, 2018-10-03 05:14:59, false, -0.0077, 0.0050, 0.1446, true
2018-10-03 05:15:00, 2018-10-03 05:15:59, false, -0.0186, 0.0008, 0.8339, true
2018-10-03 05:16:00, 2018-10-03 05:16:59, false, -0.0076, 0.0166, -0.5761, true
2018-10-03 05:17:00, 2018-10-03 05:17:59, true, 0.0251, 0.0307, 0.0287, true
2018-10-03 05:18:00, 2018-10-03 05:18:58, false, -0.0147, 0.0257, 0.0757, true
2018-10-03 05:19:00, 2018-10-03 05:19:58, false, -0.0259, 0.0067, -0.1033, true
2018-10-03 05:20:00, 2018-10-03 05:20:59, true, 0.0045, 0.0045, 0.0878, true
2018-10-03 05:21:03, 2018-10-03 05:21:59, true, 0.0127, 0.0220, -0.1907, true
2018-10-03 05:22:00, 2018-10-03 05:22:59, false, -0.0054, 0.0141, 0.0059, true
2018-10-03 05:23:00, 2018-10-03 05:23:59, true, 0.0260, 0.0265, 0.1528, true
2018-10-03 05:24:01, 2018-10-03 05:24:59, false, -0.0366, 0.0281, 0.6637, true
2018-10-03 05:25:01, 2018-10-03 05:25:59, false, -0.0248, 0.0037, -0.3133, true
2018-10-03 05:26:00, 2018-10-03 05:26:58, false, -0.0284, 0.0104, -0.0101, true
2018-10-03 05:27:01, 2018-10-03 05:27:59, false, -0.0074, 0.0036, -0.5438, true
2018-10-03 05:28:00, 2018-10-03 05:28:59, true, 0.0048, 0.0082, -0.0563, true
2018-10-03 05:29:00, 2018-10-03 05:29:57, false, -0.0241, 0.0109, 0.1082, true
2018-10-03 05:30:00, 2018-10-03 05:30:59, true, 0.0143, 0.0242, -0.0706, true
2018-10-03 05:31:00, 2018-10-03 05:31:59, true, 0.0093, 0.0268, -0.0239, true
2018-10-03 05:32:00, 2018-10-03 05:32:59, false, -0.0071, 0.0106, -0.0402, true
2018-10-03 05:33:00, 2018-10-03 05:33:59, true, 0.0149, 0.0177, 0.3467, true
2018-10-03 05:34:00, 2018-10-03 05:34:59, true, 0.0009, 0.0155, -0.1657, true
2018-10-03 05:35:00, 2018-10-03 05:35:59, true, 0.0071, 0.0118, -0.1120, true
2018-10-03 05:36:00, 2018-10-03 05:36:59, false, -0.0268, 0.0056, 0.5614, true
2018-10-03 05:37:00, 2018-10-03 05:37:59, true, 0.0090, 0.0292, -0.3069, true
2018-10-03 05:38:00, 2018-10-03 05:38:59, false, -0.0074, 0.0363, -0.0919, true
2018-10-03 05:39:00, 2018-10-03 05:39:59, false, -0.0005, 0.0040, -0.0698, true
2018-10-03 05:40:00, 2018-10-03 05:40:58, true, 0.0399, 0.0616, 1.2196, true
2018-10-03 05:41:00, 2018-10-03 05:41:59, true, 0.0186, 0.0631, -1.3955, true
2018-10-03 05:42:00, 2018-10-03 05:42:59, false, -0.0154, 0.0313, 0.1328, true
2018-10-03 05:43:00, 2018-10-03 05:43:59, false, -0.0147, 0.0096, 0.4387, true
2018-10-03 05:44:00, 2018-10-03 05:44:59, false, -0.0227, 0.0233, -0.5119, true
2018-10-03 05:45:00, 2018-10-03 05:45:59, true, 0.0085, 0.0234, -0.1205, true
2018-10-03 05:46:00, 2018-10-03 05:46:59, true, 0.0105, 0.0258, 0.0459, true
2018-10-03 05:47:00, 2018-10-03 05:47:59, false, -0.0085, 0.0123, -0.0399, true
2018-10-03 05:48:00, 2018-10-03 05:48:59, true, 0.0005, 0.0081, 0.1601, true
2018-10-03 05:49:00, 2018-10-03 05:49:59, true, 0.0386, 0.0482, 0.4227, true
2018-10-03 05:50:00, 2018-10-03 05:50:58, true, 0.0206, 0.0640, 0.5735, true
2018-10-03 05:51:00, 2018-10-03 05:51:59, true, 0.0047, 0.0253, -1.2457, true
2018-10-03 05:52:00, 2018-10-03 05:52:59, true, 0.0071, 0.0287, 0.1408, true
2018-10-03 05:53:00, 2018-10-03 05:53:58, true, 0.0250, 0.0327, 0.0922, true
2018-10-03 05:54:00, 2018-10-03 05:54:58, false, -0.0031, 0.0287, -0.0727, true
2018-10-03 05:55:00, 2018-10-03 05:55:59, false, -0.0181, 0.0181, 1.6705, true
2018-10-03 05:56:00, 2018-10-03 05:56:58, true, 0.0003, 0.0478, -1.7955, true
2018-10-03 05:57:00, 2018-10-03 05:57:59, false, -0.0274, 0.0236, 0.0757, true
2018-10-03 05:58:00, 2018-10-03 05:58:59, false, -0.0279, 0.0064, -0.0009, true
2018-10-03 05:59:00, 2018-10-03 05:59:59, false, -0.0133, -0.0017, -0.0346, true
2018-10-03 06:00:00, 2018-10-03 06:00:59, false, -0.0133, 0.0076, 0.0110, true
2018-10-03 06:01:00, 2018-10-03 06:01:59, true, 0.0287, 0.0310, 0.0164, true
2018-10-03 06:02:01, 2018-10-03 06:02:59, false, -0.0113, 0.0327, 0.2985, true
2018-10-03 06:03:00, 2018-10-03 06:03:59, false, -0.0098, 0.0009, -0.3872, true
2018-10-03 06:04:00, 2018-10-03 06:04:59, false, -0.0012, 0.0090, 0.0375, true
2018-10-03 06:05:00, 2018-10-03 06:05:59, false, -0.0023, 0.0019, -0.0894, true
2018-10-03 06:06:00, 2018-10-03 06:06:59, true, 0.0039, 0.0040, 0.0047, true
2018-10-03 06:07:00, 2018-10-03 06:07:58, true, 0.0133, 0.0182, 0.1509, true
2018-10-03 06:08:00, 2018-10-03 06:08:59, true, 0.0045, 0.0188, 0.0918, true
2018-10-03 06:09:00, 2018-10-03 06:09:59, false, -0.0247, 0.0070, -0.1243, true
2018-10-03 06:10:00, 2018-10-03 06:10:58, false, -0.0076, 0.0003, -0.0453, true
2018-10-03 06:11:01, 2018-10-03 06:11:59, false, -0.0028, 0.0000, -0.0244, true
2018-10-03 06:12:01, 2018-10-03 06:12:59, true, 0.0065, 0.0068, -0.0782, true
2018-10-03 06:13:00, 2018-10-03 06:13:59, true, 0.0023, 0.0127, 0.0967, true
2018-10-03 06:14:00, 2018-10-03 06:14:58, true, 0.0237, 0.0261, 0.2446, true
2018-10-03 06:15:01, 2018-10-03 06:15:59, true, 0.0095, 0.0343, -0.2057, true
2018-10-03 06:16:00, 2018-10-03 06:16:59, true, 0.0095, 0.0202, -0.0698, true
2018-10-03 06:17:01, 2018-10-03 06:17:59, true, 0.0005, 0.0105, 0.0575, true
2018-10-03 06:18:00, 2018-10-03 06:18:58, true, 0.0043, 0.0099, -0.0195, true
2018-10-03 06:19:01, 2018-10-03 06:19:59, true, 0.0084, 0.0154, -0.0443, true
2018-10-03 06:20:00, 2018-10-03 06:20:59, true, 0.0110, 0.0194, 0.1206, true
2018-10-03 06:21:00, 2018-10-03 06:21:58, true, 0.0062, 0.0172, -0.1769, true
2018-10-03 06:22:00, 2018-10-03 06:22:59, false, -0.0009, 0.0082, 0.0569, true
2018-10-03 06:23:00, 2018-10-03 06:23:58, true, 0.0099, 0.0102, 0.0448, true
2018-10-03 06:24:00, 2018-10-03 06:24:59, true, 0.0065, 0.0214, 0.0346, true
2018-10-03 06:25:00, 2018-10-03 06:25:59, false, -0.0130, 0.0174, 0.3336, true
2018-10-03 06:26:00, 2018-10-03 06:26:58, true, 0.0060, 0.0060, -0.4476, true
2018-10-03 06:27:00, 2018-10-03 06:27:59, true, 0.0081, 0.0141, 0.0017, true
2018-10-03 06:28:00, 2018-10-03 06:28:59, false, -0.0014, 0.0091, 0.0257, true
2018-10-03 06:29:01, 2018-10-03 06:29:58, false, -0.0002, 0.0000, 0.0498, true
2018-10-03 06:30:00, 2018-10-03 06:30:48, false, -0.0608, 0.0014, 1.3411, true
2018-10-03 06:31:00, 2018-10-03 06:31:59, false, -0.0028, 0.0000, -1.1364, true
2018-10-03 06:32:00, 2018-10-03 06:32:59, true, 0.0667, 0.0779, 0.7169, true
2018-10-03 06:33:00, 2018-10-03 06:33:58, false, -0.0082, 0.0640, -0.9399, true
2018-10-03 06:34:00, 2018-10-03 06:34:58, true, 0.0022, 0.0053, -0.0126, true
2018-10-03 06:35:00, 2018-10-03 06:35:59, false, -0.0040, 0.0051, 0.0051, true
2018-10-03 06:36:00, 2018-10-03 06:36:59, false, -0.0413, 0.0073, -0.0633, true
2018-10-03 06:37:00, 2018-10-03 06:37:59, false, -0.0026, 0.0023, 0.0631, true
2018-10-03 06:38:00, 2018-10-03 06:38:59, false, -0.0037, 0.0009, -0.0202, true
2018-10-03 06:39:00, 2018-10-03 06:39:59, true, 0.0020, 0.0026, -0.0181, true
2018-10-03 06:40:00, 2018-10-03 06:40:59, true, 0.0002, 0.0047, -0.0132, true
2018-10-03 06:41:00, 2018-10-03 06:41:58, false, -0.0299, 0.0019, 0.0102, true
2018-10-03 06:42:00, 2018-10-03 06:42:59, false, -0.0037, 0.0043, -0.0261, true
2018-10-03 06:43:00, 2018-10-03 06:43:59, true, 0.0659, 0.0669, 0.6869, true
2018-10-03 06:44:00, 2018-10-03 06:44:58, false, -0.0051, 0.0685, -0.6808, true
2018-10-03 06:45:00, 2018-10-03 06:45:59, false, -0.0008, 0.0002, 0.0947, true
2018-10-03 06:46:00, 2018-10-03 06:46:59, true, 0.0088, 0.0129, 1.0309, true
2018-10-03 06:47:00, 2018-10-03 06:47:59, true, 0.0171, 0.0267, -0.8363, true
2018-10-03 06:48:00, 2018-10-03 06:48:59, true, 0.0042, 0.0245, -0.2480, true
2018-10-03 06:49:00, 2018-10-03 06:49:59, false, -0.0014, 0.0043, 0.2896, true
2018-10-03 06:50:00, 2018-10-03 06:50:59, true, 0.0330, 0.0470, -0.1714, true
2018-10-03 06:51:00, 2018-10-03 06:51:59, true, 0.0167, 0.0180, -0.0477, true
2018-10-03 06:52:00, 2018-10-03 06:52:58, true, 0.0036, 0.0212, -0.0638, true
2018-10-03 06:53:00, 2018-10-03 06:53:58, false, -0.0036, 0.0045, 0.3373, true
2018-10-03 06:54:00, 2018-10-03 06:54:59, false, -0.0037, 0.0011, 0.6751, true
2018-10-03 06:55:00, 2018-10-03 06:55:59, true, 0.0096, 0.0108, -0.8504, true
2018-10-03 06:56:00, 2018-10-03 06:56:59, false, 0.0000, 0.0122, -0.0559, true
2018-10-03 06:57:00, 2018-10-03 06:57:59, true, 0.0191, 0.0203, 0.1094, true
2018-10-03 06:58:00, 2018-10-03 06:58:57, false, -0.0153, 0.0181, 0.4308, true
2018-10-03 06:59:00, 2018-10-03 06:59:59, false, -0.0011, 0.0067, -0.2147, true
2018-10-03 07:00:00, 2018-10-03 07:00:59, true, 0.0158, 0.0271, 1.0730, true
2018-10-03 07:01:00, 2018-10-03 07:01:59, true, 0.0105, 0.0339, -1.1038, true
2018-10-03 07:02:00, 2018-10-03 07:02:59, true, 0.0091, 0.0220, -0.0979, true
2018-10-03 07:03:00, 2018-10-03 07:03:59, true, 0.0121, 0.0273, -0.2090, true
2018-10-03 07:04:00, 2018-10-03 07:04:59, true, 0.0046, 0.0181, 0.6455, true
2018-10-03 07:05:01, 2018-10-03 07:05:59, false, 0.0000, 0.0096, -0.2877, true
2018-10-03 07:06:00, 2018-10-03 07:06:59, true, 0.0036, 0.0091, -0.1678, true
2018-10-03 07:07:00, 2018-10-03 07:07:57, true, 0.0173, 0.0259, -0.0819, true
2018-10-03 07:08:00, 2018-10-03 07:08:59, false, -0.0201, 0.0167, 0.5215, true
2018-10-03 07:09:00, 2018-10-03 07:09:59, true, 0.0235, 0.0243, 0.5011, true
2018-10-03 07:10:00, 2018-10-03 07:10:58, false, -0.0070, 0.0249, 1.2984, true
2018-10-03 07:11:00, 2018-10-03 07:11:59, true, 0.0826, 0.1008, 0.3344, true
2018-10-03 07:12:01, 2018-10-03 07:12:59, true, 0.0456, 0.1412, -2.2601, true
2018-10-03 07:13:00, 2018-10-03 07:13:59, true, 0.1044, 0.1543, 1.3011, true
2018-10-03 07:14:00, 2018-10-03 07:14:59, true, 0.0199, 0.1338, -1.1829, true
2018-10-03 07:15:00, 2018-10-03 07:15:59, true, 0.0026, 0.0270, -0.6442, true
2018-10-03 07:16:01, 2018-10-03 07:16:58, false, -0.0005, 0.0076, 0.1842, true
2018-10-03 07:17:00, 2018-10-03 07:17:59, false, 0.0000, 0.0068, 0.1997, true
2018-10-03 07:18:00, 2018-10-03 07:18:59, true, 0.0040, 0.0046, -0.1918, true
2018-10-03 07:19:00, 2018-10-03 07:19:58, true, 0.0039, 0.0093, 0.1470, true
2018-10-03 07:20:00, 2018-10-03 07:20:59, false, -0.0053, 0.0088, 0.0913, true
2018-10-03 07:21:00, 2018-10-03 07:21:59, true, 0.0100, 0.0205, 0.0806, true
2018-10-03 07:22:00, 2018-10-03 07:22:59, true, 0.0242, 0.0423, 0.7257, true
2018-10-03 07:23:01, 2018-10-03 07:23:59, false, -0.0344, 0.0286, 0.0154, true
2018-10-03 07:24:00, 2018-10-03 07:24:59, false, -0.0014, 0.0195, -1.2940, true
2018-10-03 07:25:00, 2018-10-03 07:25:57, true, 0.0157, 0.0330, 0.1139, true
2018-10-03 07:26:00, 2018-10-03 07:26:59, false, -0.0108, 0.0170, 0.5935, true
2018-10-03 07:27:02, 2018-10-03 07:27:59, true, 0.0341, 0.0354, -0.0951, true
2018-10-03 07:28:00, 2018-10-03 07:28:59, true, 0.0011, 0.0398, 0.1653, true
2018-10-03 07:29:00, 2018-10-03 07:29:59, true, 0.0036, 0.0130, -0.4499, true
2018-10-03 07:30:00, 2018-10-03 07:30:59, true, 0.0588, 0.0662, 0.7138, true
2018-10-03 07:31:00, 2018-10-03 07:31:59, true, 0.0523, 0.1203, 0.0194, true
2018-10-03 07:32:00, 2018-10-03 07:32:59, true, 0.0632, 0.1192, 1.5739, true
2018-10-03 07:33:00, 2018-10-03 07:33:59, false, -0.0149, 0.0675, -1.2005, true
2018-10-03 07:34:00, 2018-10-03 07:34:59, true, 0.0054, 0.0065, -1.0713, true
2018-10-03 07:35:00, 2018-10-03 07:35:59, false, -0.0702, 0.0080, 1.2424, true
2018-10-03 07:36:00, 2018-10-03 07:36:59, false, -0.1462, 0.0014, 0.4417, true
2018-10-03 07:37:00, 2018-10-03 07:37:59, true, 0.0119, 0.0266, -1.4789, true
2018-10-03 07:38:00, 2018-10-03 07:38:59, true, 0.0063, 0.0385, -0.4794, true
2018-10-03 07:39:00, 2018-10-03 07:39:59, false, -0.0227, 0.0233, 0.0428, true
2018-10-03 07:40:00, 2018-10-03 07:40:58, true, 0.0374, 0.0386, 0.1340, true
2018-10-03 07:41:00, 2018-10-03 07:41:59, false, -0.0022, 0.0398, 0.4752, true
2018-10-03 07:42:00, 2018-10-03 07:42:59, true, 0.0060, 0.0210, -0.1130, true
2018-10-03 07:43:00, 2018-10-03 07:43:59, false, -0.0091, 0.0080, 0.5018, true
2018-10-03 07:44:00, 2018-10-03 07:44:58, false, 0.0000, 0.0005, -0.6158, true
2018-10-03 07:45:00, 2018-10-03 07:45:59, false, -0.0091, 0.0060, 0.2849, true
2018-10-03 07:46:00, 2018-10-03 07:46:59, false, -0.0171, 0.0000, -0.4573, true
2018-10-03 07:47:00, 2018-10-03 07:47:59, true, 0.0037, 0.0069, 0.1532, true
2018-10-03 07:48:00, 2018-10-03 07:48:59, true, 0.0077, 0.0167, 0.2092, true
2018-10-03 07:49:00, 2018-10-03 07:49:59, true, 0.0190, 0.0327, -0.0534, true
2018-10-03 07:50:00, 2018-10-03 07:50:59, true, 0.0025, 0.0222, -0.3963, true
2018-10-03 07:51:00, 2018-10-03 07:51:59, false, -0.0014, 0.0063, 0.2096, true
2018-10-03 07:52:00, 2018-10-03 07:52:57, false, -0.0094, 0.0008, -0.4459, true
2018-10-03 07:53:00, 2018-10-03 07:53:59, true, 0.0031, 0.0042, 0.0329, true
2018-10-03 07:54:00, 2018-10-03 07:54:58, false, -0.0065, 0.0059, 0.3570, true
2018-10-03 07:55:00, 2018-10-03 07:55:59, true, 0.0014, 0.0094, -0.0829, true
2018-10-03 07:56:00, 2018-10-03 07:56:59, false, -0.0099, 0.0366, 0.3329, true
2018-10-03 07:57:01, 2018-10-03 07:57:59, true, 0.0071, 0.0086, -0.5263, true
2018-10-03 07:58:00, 2018-10-03 07:58:59, false, -0.0039, 0.0022, -0.0434, true
2018-10-03 07:59:01, 2018-10-03 07:59:59, false, -0.0079, 0.0201, 0.0642, true
2018-10-03 08:00:00, 2018-10-03 08:00:59, false, -0.0042, 0.0096, -0.0244, true
2018-10-03 08:01:00, 2018-10-03 08:01:59, false, -0.0210, 0.0090, 0.3515, true
2018-10-03 08:02:00, 2018-10-03 08:02:59, false, -0.0233, 0.0049, 0.1968, true
2018-10-03 08:03:00, 2018-10-03 08:03:59, false, -0.0176, 0.0026, -0.1055, true
2018-10-03 08:04:01, 2018-10-03 08:04:58, false, -0.0343, 0.0096, 2.0135, true
2018-10-03 08:05:00, 2018-10-03 08:05:59, false, -0.0254, 0.0000, -1.2905, true
2018-10-03 08:06:00, 2018-10-03 08:06:58, true, 0.0073, 0.0300, -0.4185, true
2018-10-03 08:07:00, 2018-10-03 08:07:57, true, 0.0136, 0.0275, -0.0736, true
2018-10-03 08:08:01, 2018-10-03 08:08:59, false, -0.0105, 0.0209, -0.2761, true
2018-10-03 08:09:00, 2018-10-03 08:09:59, true, 0.0340, 0.0360, 0.5299, true
2018-10-03 08:10:00, 2018-10-03 08:10:59, true, 0.0155, 0.0476, -0.5614, true
2018-10-03 08:11:00, 2018-10-03 08:11:58, true, 0.0255, 0.0561, 0.3006, true
2018-10-03 08:12:00, 2018-10-03 08:12:59, true, 0.0534, 0.0843, -0.6103, true
2018-10-03 08:13:00, 2018-10-03 08:13:59, false, -0.0039, 0.0636, -0.1252, true
2018-10-03 08:14:00, 2018-10-03 08:14:59, false, -0.0028, 0.0015, -0.1075, true
2018-10-03 08:15:00, 2018-10-03 08:15:59, true, 0.0201, 0.0250, 0.3602, true
2018-10-03 08:16:00, 2018-10-03 08:16:59, false, -0.0025, 0.0338, -0.2748, true
2018-10-03 08:17:00, 2018-10-03 08:17:59, false, -0.0168, 0.0020, 0.1921, true
2018-10-03 08:18:01, 2018-10-03 08:18:59, true, 0.0424, 0.0435, 0.2127, true
2018-10-03 08:19:00, 2018-10-03 08:19:59, true, 0.0164, 0.0630, 0.1626, true
2018-10-03 08:20:00, 2018-10-03 08:20:59, false, -0.0082, 0.0177, -0.1582, true
2018-10-03 08:21:00, 2018-10-03 08:21:59, false, -0.0062, 0.0045, -0.3544, true
2018-10-03 08:22:00, 2018-10-03 08:22:58, true, 0.0105, 0.0194, 0.1731, true
2018-10-03 08:23:00, 2018-10-03 08:23:59, true, 0.0127, 0.0231, -0.2075, true
2018-10-03 08:24:00, 2018-10-03 08:24:59, true, 0.0148, 0.0398, 0.6822, true
2018-10-03 08:25:00, 2018-10-03 08:25:59, true, 0.0011, 0.0160, -0.7526, true
2018-10-03 08:26:00, 2018-10-03 08:26:59, true, 0.0037, 0.0083, 0.2214, true
2018-10-03 08:27:00, 2018-10-03 08:27:59, true, 0.0097, 0.0170, -0.1217, true
2018-10-03 08:28:00, 2018-10-03 08:28:59, true, 0.0069, 0.0193, -0.0558, true
2018-10-03 08:29:00, 2018-10-03 08:29:58, false, -0.0014, 0.0074, -0.0199, true
2018-10-03 08:30:00, 2018-10-03 08:30:59, false, -0.0125, 0.0012, 0.0262, true
2018-10-03 08:31:00, 2018-10-03 08:31:59, true, 0.0594, 0.0619, 1.2363, true
2018-10-03 08:32:00, 2018-10-03 08:32:59, true, 0.0227, 0.0820, -1.1800, true
2018-10-03 08:33:00, 2018-10-03 08:33:59, true, 0.0242, 0.0470, 0.2162, true
2018-10-03 08:34:00, 2018-10-03 08:34:59, false, -0.0055, 0.0378, 0.0333, true
2018-10-03 08:35:00, 2018-10-03 08:35:59, false, -0.0146, 0.0039, -0.0738, true
2018-10-03 08:36:00, 2018-10-03 08:36:59, false, -0.0412, 0.0077, 0.1722, true
2018-10-03 08:37:00, 2018-10-03 08:37:59, false, -0.0282, 0.0005, -0.2374, true
2018-10-03 08:38:01, 2018-10-03 08:38:59, true, 0.0002, 0.0077, -0.0625, true
2018-10-03 08:39:00, 2018-10-03 08:39:59, false, -0.0028, 0.0039, -0.1738, true
2018-10-03 08:40:00, 2018-10-03 08:40:59, true, 0.0099, 0.0187, 0.1012, true
2018-10-03 08:41:00, 2018-10-03 08:41:59, false, -0.0174, 0.0117, -0.0469, true
2018-10-03 08:42:00, 2018-10-03 08:42:59, false, -0.0012, 0.0042, 0.0861, true
2018-10-03 08:43:00, 2018-10-03 08:43:59, false, -0.0017, 0.0039, 0.0097, true
2018-10-03 08:44:00, 2018-10-03 08:44:59, false, -0.0088, 0.0026, -0.0421, true
2018-10-03 08:45:00, 2018-10-03 08:45:59, false, -0.0153, 0.0045, 0.1416, true
2018-10-03 08:46:00, 2018-10-03 08:46:58, false, -0.0080, 0.0060, 0.2583, true
2018-10-03 08:47:00, 2018-10-03 08:47:59, false, -0.0164, 0.0103, -0.3653, true
2018-10-03 08:48:02, 2018-10-03 08:48:59, true, 0.0105, 0.0122, -0.0698, true
2018-10-03 08:49:01, 2018-10-03 08:49:58, false, -0.0088, 0.0014, 0.0781, true
2018-10-03 08:50:00, 2018-10-03 08:50:59, true, 0.0272, 0.0361, -0.0423, true
2018-10-03 08:51:00, 2018-10-03 08:51:59, true, 0.0093, 0.0480, 0.3430, true
2018-10-03 08:52:00, 2018-10-03 08:52:58, true, 0.0282, 0.0613, 0.8173, true
2018-10-03 08:53:00, 2018-10-03 08:53:59, true, 0.0003, 0.0430, -1.2919, true
2018-10-03 08:54:00, 2018-10-03 08:54:57, true, 0.0162, 0.0173, 0.1844, true
2018-10-03 08:55:00, 2018-10-03 08:55:59, true, 0.0014, 0.0258, 0.0167, true
2018-10-03 08:56:00, 2018-10-03 08:56:59, false, -0.0102, 0.0042, -0.1596, true
2018-10-03 08:57:00, 2018-10-03 08:57:59, false, -0.0137, 0.0117, 0.0261, true
2018-10-03 08:58:00, 2018-10-03 08:58:59, false, -0.0068, 0.0012, 0.4139, true
2018-10-03 08:59:00, 2018-10-03 08:59:59, false, -0.0321, -0.0062, -0.0880, true
2018-10-03 09:00:00, 2018-10-03 09:00:59, false, -0.0062, 0.0002, -0.2623, true
2018-10-03 09:01:00, 2018-10-03 09:01:59, false, -0.0025, 0.0017, 0.1261, true
2018-10-03 09:02:00, 2018-10-03 09:02:59, false, -0.0120, 0.0062, 0.2519, true
2018-10-03 09:03:00, 2018-10-03 09:03:58, false, -0.0157, -0.0015, -0.4404, true
2018-10-03 09:04:00, 2018-10-03 09:04:58, false, -0.0002, 0.0028, 0.3797, true
2018-10-03 09:05:00, 2018-10-03 09:05:59, false, -0.0052, 0.0025, -0.4273, true
2018-10-03 09:06:00, 2018-10-03 09:06:59, true, 0.0028, 0.0028, 0.0346, true
2018-10-03 09:07:00, 2018-10-03 09:07:59, false, -0.0019, 0.0167, 0.1184, true
2018-10-03 09:08:00, 2018-10-03 09:08:59, true, 0.0134, 0.0164, 0.0803, true
2018-10-03 09:09:00, 2018-10-03 09:09:59, false, -0.0136, 0.0137, 0.0494, true
2018-10-03 09:10:00, 2018-10-03 09:10:59, true, 0.0077, 0.0113, -0.0627, true
2018-10-03 09:11:00, 2018-10-03 09:11:59, false, -0.0025, 0.0105, -0.1155, true
2018-10-03 09:12:00, 2018-10-03 09:12:59, true, 0.0037, 0.0100, 0.0062, true
2018-10-03 09:13:00, 2018-10-03 09:13:59, false, -0.0102, 0.0073, 0.0201, true
2018-10-03 09:14:00, 2018-10-03 09:14:59, true, 0.0036, 0.0066, 0.3793, true
2018-10-03 09:15:00, 2018-10-03 09:15:59, true, 0.0130, 0.0176, -0.4660, true
2018-10-03 09:16:00, 2018-10-03 09:16:57, true, 0.0008, 0.0164, -0.0333, true
2018-10-03 09:17:00, 2018-10-03 09:17:59, true, 0.0023, 0.0063, -0.0374, true
2018-10-03 09:18:00, 2018-10-03 09:18:58, true, 0.0054, 0.0443, 0.9988, true
2018-10-03 09:19:00, 2018-10-03 09:19:57, false, -0.0037, 0.0090, -0.9121, true
2018-10-03 09:20:00, 2018-10-03 09:20:59, true, 0.0014, 0.0028, -0.0190, true
2018-10-03 09:21:00, 2018-10-03 09:21:59, true, 0.0045, 0.0071, 0.0468, true
2018-10-03 09:22:00, 2018-10-03 09:22:59, true, 0.0079, 0.0139, -0.1151, true
2018-10-03 09:23:00, 2018-10-03 09:23:59, true, 0.0088, 0.0236, 0.0861, true
2018-10-03 09:24:00, 2018-10-03 09:24:59, false, -0.0120, 0.0161, -0.0483, true
2018-10-03 09:25:00, 2018-10-03 09:25:59, true, 0.0120, 0.0219, 0.8966, true
2018-10-03 09:26:00, 2018-10-03 09:26:59, true, 0.0020, 0.0198, -0.4320, true
2018-10-03 09:27:00, 2018-10-03 09:27:59, true, 0.0014, 0.0080, 0.0023, true
2018-10-03 09:28:00, 2018-10-03 09:28:59, false, -0.0014, 0.0037, -0.0532, true
2018-10-03 09:29:00, 2018-10-03 09:29:59, false, 0.0000, 0.0079, -0.1470, true
2018-10-03 09:30:00, 2018-10-03 09:30:59, false, -0.0106, 0.0012, -0.0693, true
2018-10-03 09:31:00, 2018-10-03 09:31:59, false, -0.0093, 0.0008, 0.4270, true
2018-10-03 09:32:00, 2018-10-03 09:32:59, false, -0.0211, 0.0066, 0.4958, true
2018-10-03 09:33:00, 2018-10-03 09:33:59, true, 0.0082, 0.0083, -0.5080, true
2018-10-03 09:34:00, 2018-10-03 09:34:58, false, -0.0060, 0.0131, -0.0247, true
2018-10-03 09:35:00, 2018-10-03 09:35:58, true, 0.0125, 0.0156, 0.0653, true
2018-10-03 09:36:00, 2018-10-03 09:36:59, false, -0.0164, 0.0168, -0.3976, true
2018-10-03 09:37:00, 2018-10-03 09:37:59, false, -0.0017, 0.0068, -0.1751, true
2018-10-03 09:38:00, 2018-10-03 09:38:59, true, 0.0123, 0.0252, 0.1735, true
2018-10-03 09:39:00, 2018-10-03 09:39:59, false, -0.0252, 0.0145, 0.4457, true
2018-10-03 09:40:00, 2018-10-03 09:40:59, false, -0.0128, 0.0023, 0.0999, true
2018-10-03 09:41:01, 2018-10-03 09:41:59, false, -0.0714, 0.0002, -0.1788, true
2018-10-03 09:42:00, 2018-10-03 09:42:59, false, -0.0020, 0.0297, -0.6434, true
2018-10-03 09:43:00, 2018-10-03 09:43:59, true, 0.0151, 0.0241, 0.1383, true
2018-10-03 09:44:00, 2018-10-03 09:44:59, true, 0.0063, 0.0244, 0.0383, true
2018-10-03 09:45:01, 2018-10-03 09:45:59, false, -0.0057, 0.0168, -0.1064, true
2018-10-03 09:46:00, 2018-10-03 09:46:59, false, -0.0094, -0.0020, 0.0885, true
2018-10-03 09:47:01, 2018-10-03 09:47:59, false, -0.0003, 0.0012, -0.1252, true
2018-10-03 09:48:00, 2018-10-03 09:48:59, false, -0.0057, 0.0326, 0.3325, true
2018-10-03 09:49:01, 2018-10-03 09:49:59, false, -0.0199, 0.0051, 0.2162, true
2018-10-03 09:50:00, 2018-10-03 09:50:59, false, -0.0015, 0.0039, -0.3026, true
2018-10-03 09:51:00, 2018-10-03 09:51:59, false, -0.0054, 0.0077, -0.1737, true
2018-10-03 09:52:00, 2018-10-03 09:52:59, true, 0.0168, 0.0232, -0.1261, true
2018-10-03 09:53:00, 2018-10-03 09:53:58, false, -0.0139, 0.0192, 0.2388, true
2018-10-03 09:54:00, 2018-10-03 09:54:59, false, -0.0465, -0.0028, 0.3077, true
2018-10-03 09:55:00, 2018-10-03 09:55:59, false, -0.0045, 0.0014, -0.4653, true
2018-10-03 09:56:01, 2018-10-03 09:56:59, true, 0.0258, 0.0261, 0.1345, true
2018-10-03 09:57:00, 2018-10-03 09:57:59, false, -0.0170, 0.0348, 0.1489, true
2018-10-03 09:58:01, 2018-10-03 09:58:58, false, -0.0230, 0.0029, 0.1081, true
2018-10-03 09:59:00, 2018-10-03 09:59:59, false, -0.0248, -0.0005, 2.0601, true
2018-10-03 10:00:00, 2018-10-03 10:00:59, false, -0.1506, -0.0003, -0.6411, true
2018-10-03 10:01:00, 2018-10-03 10:01:59, true, 0.1164, 0.1209, -0.7804, true
2018-10-03 10:02:00, 2018-10-03 10:02:59, true, 0.0003, 0.1371, -0.6615, true
2018-10-03 10:03:00, 2018-10-03 10:03:59, false, -0.0125, 0.0096, 0.0344, true
2018-10-03 10:04:01, 2018-10-03 10:04:59, false, -0.0121, 0.0073, -0.3902, true
2018-10-03 10:05:00, 2018-10-03 10:05:59, false, -0.0265, 0.0067, 0.6139, true
2018-10-03 10:06:00, 2018-10-03 10:06:58, false, -0.0087, 0.0006, -0.3983, true
2018-10-03 10:07:00, 2018-10-03 10:07:59, true, 0.0051, 0.0127, 0.4566, true
2018-10-03 10:08:02, 2018-10-03 10:08:59, false, -0.0040, 0.0285, -0.0102, true
2018-10-03 10:09:00, 2018-10-03 10:09:59, true, 0.0710, 0.0756, -0.4168, true
2018-10-03 10:10:00, 2018-10-03 10:10:59, false, -0.0288, 0.0760, 0.3874, true
2018-10-03 10:11:00, 2018-10-03 10:11:59, true, 0.0135, 0.0136, -0.2767, true
2018-10-03 10:12:00, 2018-10-03 10:12:58, true, 0.0071, 0.0302, -0.3027, true
2018-10-03 10:13:02, 2018-10-03 10:13:58, true, 0.0079, 0.0251, 0.5361, true
2018-10-03 10:14:00, 2018-10-03 10:14:59, true, 0.0130, 0.0258, -0.3990, true
2018-10-03 10:15:00, 2018-10-03 10:15:59, true, 0.0020, 0.0200, -0.1918, true
2018-10-03 10:16:00, 2018-10-03 10:16:58, true, 0.0050, 0.0116, -0.0568, true
2018-10-03 10:17:00, 2018-10-03 10:17:57, false, -0.0003, 0.0051, 0.0087, true
2018-10-03 10:18:00, 2018-10-03 10:18:59, true, 0.0257, 0.0257, 0.8297, true
2018-10-03 10:19:01, 2018-10-03 10:19:59, true, 0.0150, 0.0475, -0.6156, true
2018-10-03 10:20:00, 2018-10-03 10:20:59, false, -0.0082, 0.0196, 0.3670, true
2018-10-03 10:21:00, 2018-10-03 10:21:59, true, 0.0179, 0.0179, 0.0614, true
2018-10-03 10:22:02, 2018-10-03 10:22:58, true, 0.0014, 0.0281, -0.4145, true
2018-10-03 10:23:00, 2018-10-03 10:23:59, true, 0.0272, 0.0682, 0.5123, true
2018-10-03 10:24:00, 2018-10-03 10:24:59, false, -0.0034, 0.0349, -0.3147, true
2018-10-03 10:25:00, 2018-10-03 10:25:59, true, 0.0023, 0.0192, 0.0351, true
2018-10-03 10:26:00, 2018-10-03 10:26:59, true, 0.0159, 0.0193, 0.0513, true
2018-10-03 10:27:01, 2018-10-03 10:27:58, true, 0.0258, 0.0437, 0.3935, true
2018-10-03 10:28:00, 2018-10-03 10:28:59, true, 0.0568, 0.0848, -0.0635, true
2018-10-03 10:29:00, 2018-10-03 10:29:59, true, 0.0124, 0.0693, -0.6939, true
2018-10-03 10:30:00, 2018-10-03 10:30:59, true, 0.0327, 0.0503, 0.9004, true
2018-10-03 10:31:00, 2018-10-03 10:31:59, true, 0.0100, 0.0494, -0.0511, true
2018-10-03 10:32:00, 2018-10-03 10:32:59, true, 0.0413, 0.0670, 0.4594, true
2018-10-03 10:33:00, 2018-10-03 10:33:59, false, -0.0056, 0.0535, -1.2260, true
2018-10-03 10:34:00, 2018-10-03 10:34:59, true, 0.0023, 0.0085, -0.0623, true
2018-10-03 10:35:00, 2018-10-03 10:35:59, true, 0.0023, 0.0091, -0.0443, true
2018-10-03 10:36:00, 2018-10-03 10:36:58, false, -0.0025, 0.0034, 0.2922, true
2018-10-03 10:37:00, 2018-10-03 10:37:59, false, -0.0324, 0.0068, 0.1283, true
2018-10-03 10:38:00, 2018-10-03 10:38:59, false, -0.0278, 0.0208, -0.1027, true
2018-10-03 10:39:00, 2018-10-03 10:39:59, true, 0.0020, 0.0020, -0.2130, true
2018-10-03 10:40:00, 2018-10-03 10:40:58, false, -0.0179, 0.0090, 0.4964, true
2018-10-03 10:41:00, 2018-10-03 10:41:59, false, -0.0097, 0.0015, 0.6887, true
2018-10-03 10:42:00, 2018-10-03 10:42:59, false, -0.0287, 0.0006, -0.9552, true
2018-10-03 10:43:00, 2018-10-03 10:43:58, true, 0.0292, 0.0301, 0.0389, true
2018-10-03 10:44:00, 2018-10-03 10:44:59, true, 0.0085, 0.0398, 0.1268, true
2018-10-03 10:45:00, 2018-10-03 10:45:59, false, -0.0066, 0.0144, -0.3596, true
2018-10-03 10:46:00, 2018-10-03 10:46:59, true, 0.0110, 0.0110, 0.1204, true
2018-10-03 10:47:00, 2018-10-03 10:47:59, true, 0.0046, 0.0202, 0.5865, true
2018-10-03 10:48:00, 2018-10-03 10:48:59, false, -0.0025, 0.0094, -0.3529, true
2018-10-03 10:49:00, 2018-10-03 10:49:58, true, 0.0184, 0.0225, 0.0903, true
2018-10-03 10:50:01, 2018-10-03 10:50:57, false, -0.0011, 0.0222, -0.4719, true
2018-10-03 10:51:00, 2018-10-03 10:51:59, true, 0.0082, 0.0131, 0.5141, true
2018-10-03 10:52:00, 2018-10-03 10:52:58, false, -0.0198, 0.0090, -0.6782, true
2018-10-03 10:53:00, 2018-10-03 10:53:59, false, -0.0173, 0.0006, 0.3473, true
2018-10-03 10:54:02, 2018-10-03 10:54:59, true, 0.0012, 0.0012, -0.3090, true
2018-10-03 10:55:00, 2018-10-03 10:55:59, false, -0.0003, 0.0036, 0.0005, true
2018-10-03 10:56:00, 2018-10-03 10:56:59, false, -0.0281, 0.0029, 0.2014, true
2018-10-03 10:57:00, 2018-10-03 10:57:59, false, -0.0247, 0.0000, 0.0891, true
2018-10-03 10:58:00, 2018-10-03 10:58:59, true, 0.0022, 0.0034, 0.4163, true
2018-10-03 10:59:00, 2018-10-03 10:59:59, false, -0.0087, 0.0119, -0.5097, true
2018-10-03 11:00:00, 2018-10-03 11:00:59, false, -0.0677, 0.0142, 1.0624, true
2018-10-03 11:01:00, 2018-10-03 11:01:59, true, 0.0127, 0.0431, -1.3538, true
2018-10-03 11:02:00, 2018-10-03 11:02:59, false, -0.0039, 0.0170, 0.7473, true
2018-10-03 11:03:00, 2018-10-03 11:03:59, true, 0.0556, 0.0771, 0.6866, true
2018-10-03 11:04:00, 2018-10-03 11:04:59, true, 0.0026, 0.0573, -1.4002, true
2018-10-03 11:05:00, 2018-10-03 11:05:59, true, 0.0341, 0.0687, 0.9349, true
2018-10-03 11:06:00, 2018-10-03 11:06:59, true, 0.0029, 0.0266, -0.7785, true
2018-10-03 11:07:01, 2018-10-03 11:07:57, false, -0.0161, 0.0561, 0.6213, true
2018-10-03 11:08:00, 2018-10-03 11:08:59, false, -0.0125, -0.0031, -0.8118, true
2018-10-03 11:09:00, 2018-10-03 11:09:59, false, -0.0057, 0.0042, 0.1091, true
2018-10-03 11:10:01, 2018-10-03 11:10:59, true, 0.0090, 0.0167, 0.0283, true
2018-10-03 11:11:00, 2018-10-03 11:11:59, true, 0.1818, 0.2013, 2.7136, true
2018-10-03 11:12:00, 2018-10-03 11:12:59, false, -0.0423, 0.2021, -1.7668, true
2018-10-03 11:13:00, 2018-10-03 11:13:59, false, -0.0068, 0.0031, 0.4648, true
2018-10-03 11:14:00, 2018-10-03 11:14:59, false, -0.0113, 0.0420, -1.5334, true
2018-10-03 11:15:00, 2018-10-03 11:15:58, true, 0.0251, 0.0318, 0.1652, true
2018-10-03 11:16:00, 2018-10-03 11:16:57, true, 0.0435, 0.0689, 0.9561, true
2018-10-03 11:17:00, 2018-10-03 11:17:59, true, 0.0059, 0.0524, -1.1112, true
2018-10-03 11:18:00, 2018-10-03 11:18:59, true, 0.0122, 0.0163, -0.0331, true
2018-10-03 11:19:00, 2018-10-03 11:19:59, true, 0.0051, 0.0299, -0.0086, true
2018-10-03 11:20:00, 2018-10-03 11:20:58, false, -0.0140, 0.0051, 0.1596, true
2018-10-03 11:21:00, 2018-10-03 11:21:58, true, 0.0114, 0.0208, 0.2090, true
2018-10-03 11:22:00, 2018-10-03 11:22:59, false, -0.0046, 0.0170, -0.2881, true
2018-10-03 11:23:00, 2018-10-03 11:23:59, false, -0.0043, 0.0074, -0.0533, true
2018-10-03 11:24:00, 2018-10-03 11:24:57, true, 0.0079, 0.0079, 0.0610, true
2018-10-03 11:25:01, 2018-10-03 11:25:59, true, 0.1046, 0.1202, 1.3179, true
2018-10-03 11:26:01, 2018-10-03 11:26:59, true, 0.0046, 0.1118, -1.2541, true
2018-10-03 11:27:00, 2018-10-03 11:27:59, true, 0.0099, 0.0305, 0.0656, true
2018-10-03 11:28:00, 2018-10-03 11:28:59, false, -0.0128, 0.0370, 0.2408, true
2018-10-03 11:29:00, 2018-10-03 11:29:59, true, 0.0499, 0.0839, 1.0429, true
2018-10-03 11:30:00, 2018-10-03 11:30:59, true, 0.1307, 0.1821, 1.2102, true
2018-10-03 11:31:00, 2018-10-03 11:31:59, true, 0.1003, 0.2473, 0.9221, true
2018-10-03 11:32:00, 2018-10-03 11:32:59, true, 0.1948, 0.3260, 3.0901, true
2018-10-03 11:33:02, 2018-10-03 11:33:59, false, -0.0985, 0.2036, -3.8983, true
2018-10-03 11:34:02, 2018-10-03 11:34:59, true, 0.0098, 0.0402, -2.2737, true
2018-10-03 11:35:00, 2018-10-03 11:35:59, false, -0.0614, 0.0342, 0.7477, true
2018-10-03 11:36:00, 2018-10-03 11:36:59, true, 0.0009, 0.0437, -1.1065, true
2018-10-03 11:37:00, 2018-10-03 11:37:59, false, -0.0115, 0.0130, 0.0543, true
2018-10-03 11:38:00, 2018-10-03 11:38:58, false, -0.0212, 0.0040, -0.1324, true
2018-10-03 11:39:00, 2018-10-03 11:39:59, false, -0.0150, 0.0009, 0.0866, true
2018-10-03 11:40:00, 2018-10-03 11:40:59, true, 0.0227, 0.0281, 0.1743, true
2018-10-03 11:41:00, 2018-10-03 11:41:59, true, 0.0207, 0.0582, -0.3032, true
2018-10-03 11:42:00, 2018-10-03 11:42:59, true, 0.0060, 0.0284, -0.0797, true
2018-10-03 11:43:00, 2018-10-03 11:43:58, false, -0.0061, 0.0081, 0.2151, true
2018-10-03 11:44:00, 2018-10-03 11:44:59, false, -0.0103, 0.0114, -0.0778, true
2018-10-03 11:45:00, 2018-10-03 11:45:59, false, -0.0436, 0.0091, 0.0739, true
2018-10-03 11:46:00, 2018-10-03 11:46:59, false, -0.0014, 0.0061, -0.1700, true
2018-10-03 11:47:01, 2018-10-03 11:47:59, false, -0.0126, 0.0247, 1.7053, true
2018-10-03 11:48:00, 2018-10-03 11:48:59, false, -0.0212, 0.0353, -1.6822, true
2018-10-03 11:49:01, 2018-10-03 11:49:58, true, 0.0094, 0.0151, 0.0505, true
2018-10-03 11:50:00, 2018-10-03 11:50:59, false, -0.0084, 0.0103, -0.0662, true
2018-10-03 11:51:00, 2018-10-03 11:51:59, true, 0.0060, 0.0060, 0.0492, true
2018-10-03 11:52:00, 2018-10-03 11:52:58, true, 0.0361, 0.0453, 0.0865, true
2018-10-03 11:53:00, 2018-10-03 11:53:58, true, 0.0424, 0.0846, 0.0619, true
2018-10-03 11:54:00, 2018-10-03 11:54:59, false, -0.0382, 0.0448, 0.0642, true
2018-10-03 11:55:00, 2018-10-03 11:55:59, false, -0.0054, 0.0031, -0.2810, true
2018-10-03 11:56:01, 2018-10-03 11:56:59, true, 0.0058, 0.0086, 0.1660, true
2018-10-03 11:57:00, 2018-10-03 11:57:59, true, 0.0066, 0.0384, -0.0868, true
2018-10-03 11:58:00, 2018-10-03 11:58:59, true, 0.0144, 0.0184, 0.2724, true
2018-10-03 11:59:00, 2018-10-03 11:59:59, true, 0.1210, 0.1362, 1.2942, true
2018-10-03 12:00:00, 2018-10-03 12:00:59, false, -0.0009, 0.1380, -1.2642, true
2018-10-03 12:01:00, 2018-10-03 12:01:59, true, 0.0971, 0.1049, 0.6650, true
2018-10-03 12:02:00, 2018-10-03 12:02:58, false, -0.0722, 0.1147, 0.2861, true
2018-10-03 12:03:00, 2018-10-03 12:03:58, false, -0.0362, 0.0138, -1.1910, true
2018-10-03 12:04:00, 2018-10-03 12:04:59, true, 0.0041, 0.0075, 0.2984, true
2018-10-03 12:05:00, 2018-10-03 12:05:57, true, 0.0153, 0.0413, -0.3113, true
2018-10-03 12:06:00, 2018-10-03 12:06:56, false, -0.0054, 0.0368, -0.1245, true
2018-10-03 12:07:00, 2018-10-03 12:07:59, false, -0.0011, 0.0098, 0.0837, true
2018-10-03 12:08:00, 2018-10-03 12:08:59, false, -0.0492, 0.0011, 0.7539, true
2018-10-03 12:09:00, 2018-10-03 12:09:59, false, -0.0778, 0.0150, 0.0548, true
2018-10-03 12:10:00, 2018-10-03 12:10:59, true, 0.0129, 0.0379, -0.7952, true
2018-10-03 12:11:00, 2018-10-03 12:11:59, false, -0.0080, 0.0207, -0.0829, true
2018-10-03 12:12:00, 2018-10-03 12:12:59, false, -0.0015, 0.0021, 0.0874, true
2018-10-03 12:13:00, 2018-10-03 12:13:59, true, 0.0689, 0.0831, 0.9749, true
2018-10-03 12:14:00, 2018-10-03 12:14:58, false, -0.0577, 0.0935, -0.3050, true
2018-10-03 12:15:00, 2018-10-03 12:15:59, false, -0.0425, 0.0235, -0.4494, true
2018-10-03 12:16:00, 2018-10-03 12:16:59, true, 0.0147, 0.0238, -0.3019, true
2018-10-03 12:17:00, 2018-10-03 12:17:59, false, -0.0083, 0.0152, 0.0183, true
2018-10-03 12:18:00, 2018-10-03 12:18:59, false, -0.0054, 0.0114, -0.0233, true
2018-10-03 12:19:00, 2018-10-03 12:19:59, false, -0.0032, 0.0309, 0.2692, true
2018-10-03 12:20:00, 2018-10-03 12:20:59, false, -0.1150, 0.0058, 1.5478, true
2018-10-03 12:21:00, 2018-10-03 12:21:59, false, -0.0329, 0.0012, -1.4504, true
2018-10-03 12:22:01, 2018-10-03 12:22:59, true, 0.0397, 0.0537, 0.0732, true
2018-10-03 12:23:01, 2018-10-03 12:23:59, false, -0.0165, 0.0566, -0.1147, true
2018-10-03 12:24:00, 2018-10-03 12:24:59, true, 0.0002, 0.0205, -0.3168, true
2018-10-03 12:25:01, 2018-10-03 12:25:59, false, -0.0023, 0.0161, 0.0580, true
2018-10-03 12:26:00, 2018-10-03 12:26:59, false, -0.0122, 0.0225, -0.0509, true
2018-10-03 12:27:00, 2018-10-03 12:27:58, true, 0.0584, 0.0689, -0.0069, true
2018-10-03 12:28:00, 2018-10-03 12:28:59, false, -0.0418, 0.0618, 0.6940, true
2018-10-03 12:29:00, 2018-10-03 12:29:59, false, -0.0066, 0.0011, -0.7352, true
2018-10-03 12:30:00, 2018-10-03 12:30:59, true, 0.0022, 0.0048, -0.0201, true
2018-10-03 12:31:00, 2018-10-03 12:31:57, false, -0.0089, 0.0040, 0.1515, true
2018-10-03 12:32:00, 2018-10-03 12:32:59, true, 0.0082, 0.0086, 0.0034, true
2018-10-03 12:33:00, 2018-10-03 12:33:59, false, -0.0003, 0.0088, -0.0995, true
2018-10-03 12:34:00, 2018-10-03 12:34:59, true, 0.0043, 0.0043, -0.0062, true
2018-10-03 12:35:00, 2018-10-03 12:35:59, true, 0.0022, 0.0098, 1.1164, true
2018-10-03 12:36:00, 2018-10-03 12:36:59, false, -0.0035, 0.0057, -0.9376, true
2018-10-03 12:37:00, 2018-10-03 12:37:59, false, -0.0008, 0.0060, -0.1582, true
2018-10-03 12:38:00, 2018-10-03 12:38:59, false, -0.0495, 0.0046, 0.4494, true
2018-10-03 12:39:00, 2018-10-03 12:39:59, false, -0.0342, 0.0034, -0.3718, true
2018-10-03 12:40:00, 2018-10-03 12:40:59, false, -0.0302, 0.0020, 0.3195, true
2018-10-03 12:41:00, 2018-10-03 12:41:58, true, 0.0305, 0.0330, 0.2426, true
2018-10-03 12:42:00, 2018-10-03 12:42:59, true, 0.0195, 0.0719, -0.5749, true
2018-10-03 12:43:00, 2018-10-03 12:43:59, false, -0.0077, 0.0151, -0.0711, true
2018-10-03 12:44:00, 2018-10-03 12:44:58, false, -0.0117, 0.0115, 0.4245, true
2018-10-03 12:45:00, 2018-10-03 12:45:59, true, 0.0377, 0.0593, -0.4355, true
2018-10-03 12:46:00, 2018-10-03 12:46:59, true, 0.0006, 0.0402, 0.0949, true
2018-10-03 12:47:00, 2018-10-03 12:47:59, false, -0.0015, 0.0014, -0.0480, true
2018-10-03 12:48:00, 2018-10-03 12:48:59, true, 0.0072, 0.0145, 0.3312, true
2018-10-03 12:49:00, 2018-10-03 12:49:59, false, -0.0005, 0.0117, 0.4029, true
2018-10-03 12:50:00, 2018-10-03 12:50:59, false, -0.0334, 0.0066, -0.8233, true
2018-10-03 12:51:00, 2018-10-03 12:51:59, false, -0.0075, 0.0003, 0.1185, true
2018-10-03 12:52:00, 2018-10-03 12:52:59, true, 0.0149, 0.0303, 0.0743, true
2018-10-03 12:53:00, 2018-10-03 12:53:59, false, -0.0020, 0.0265, 0.0134, true
2018-10-03 12:54:01, 2018-10-03 12:54:57, false, -0.0091, 0.0120, -0.0357, true
2018-10-03 12:55:01, 2018-10-03 12:55:59, false, -0.0055, 0.0055, -0.0980, true
2018-10-03 12:56:00, 2018-10-03 12:56:59, false, -0.0209, 0.0038, 0.5677, true
2018-10-03 12:57:00, 2018-10-03 12:57:59, false, -0.0109, 0.0072, -0.5559, true
2018-10-03 12:58:00, 2018-10-03 12:58:59, true, 0.0483, 0.0483, 1.5517, true
2018-10-03 12:59:00, 2018-10-03 12:59:59, true, 0.0258, 0.0794, -0.7707, true
2018-10-03 13:00:00, 2018-10-03 13:00:59, true, 0.0395, 0.0669, -0.3635, true
2018-10-03 13:01:00, 2018-10-03 13:01:59, true, 0.0258, 0.0654, -0.2088, true
2018-10-03 13:02:00, 2018-10-03 13:02:57, true, 0.0565, 0.0824, 1.0367, true
2018-10-03 13:03:00, 2018-10-03 13:03:59, true, 0.0243, 0.0810, -1.2162, true
2018-10-03 13:04:00, 2018-10-03 13:04:59, false, -0.0015, 0.0581, 0.1785, true
2018-10-03 13:05:00, 2018-10-03 13:05:58, false, -0.0181, 0.0151, -0.2919, true
2018-10-03 13:06:01, 2018-10-03 13:06:59, true, 0.0086, 0.0086, 0.1191, true
2018-10-03 13:07:00, 2018-10-03 13:07:59, false, -0.0135, 0.0200, -0.0733, true
2018-10-03 13:08:00, 2018-10-03 13:08:59, true, 0.0055, 0.0155, 0.0413, true
2018-10-03 13:09:00, 2018-10-03 13:09:58, false, -0.0146, 0.0152, 0.2505, true
2018-10-03 13:10:00, 2018-10-03 13:10:59, false, -0.0484, 0.0042, 0.2955, true
2018-10-03 13:11:00, 2018-10-03 13:11:59, true, 0.0020, 0.0121, -0.3112, true
2018-10-03 13:12:00, 2018-10-03 13:12:58, false, -0.0098, 0.0043, -0.2360, true
2018-10-03 13:13:00, 2018-10-03 13:13:59, false, -0.0168, 0.0169, -0.0420, true
2018-10-03 13:14:00, 2018-10-03 13:14:59, false, -0.0060, 0.0038, 0.1912, true
2018-10-03 13:15:00, 2018-10-03 13:15:59, false, -0.0065, 0.0117, -0.0463, true
2018-10-03 13:16:01, 2018-10-03 13:16:59, false, -0.0095, 0.0015, -0.2073, true
2018-10-03 13:17:00, 2018-10-03 13:17:59, false, -0.0274, 0.0034, 0.1929, true
2018-10-03 13:18:00, 2018-10-03 13:18:59, false, -0.0165, 0.0002, -0.1214, true
2018-10-03 13:19:00, 2018-10-03 13:19:59, true, 0.0034, 0.0135, 0.4305, true
2018-10-03 13:20:00, 2018-10-03 13:20:59, false, -0.0075, 0.0157, -0.3693, true
2018-10-03 13:21:00, 2018-10-03 13:21:58, false, -0.0075, 0.0012, 0.7464, true
2018-10-03 13:22:00, 2018-10-03 13:22:59, false, -0.0185, 0.0097, 0.4179, true
2018-10-03 13:23:00, 2018-10-03 13:23:59, false, -0.0471, 0.0160, -0.7617, true
2018-10-03 13:24:00, 2018-10-03 13:24:59, true, 0.0293, 0.0436, -0.0894, true
2018-10-03 13:25:00, 2018-10-03 13:25:59, false, -0.0108, 0.0403, -0.2764, true
2018-10-03 13:26:00, 2018-10-03 13:26:58, false, -0.0223, 0.0062, 0.0103, true
2018-10-03 13:27:00, 2018-10-03 13:27:59, false, -0.0003, 0.0296, 0.2472, true
2018-10-03 13:28:02, 2018-10-03 13:28:59, false, -0.0448, 0.0097, -0.2795, true
2018-10-03 13:29:00, 2018-10-03 13:29:58, false, -0.0094, -0.0014, 0.0881, true
2018-10-03 13:30:00, 2018-10-03 13:30:59, true, 0.0461, 0.0643, -0.2286, true
2018-10-03 13:31:00, 2018-10-03 13:31:59, false, -0.0342, 0.0516, 0.6198, true
2018-10-03 13:32:00, 2018-10-03 13:32:59, false, -0.0188, 0.0025, 0.0874, true
2018-10-03 13:33:00, 2018-10-03 13:33:59, false, -0.0145, 0.0207, 0.2053, true
2018-10-03 13:34:00, 2018-10-03 13:34:58, false, -0.0109, 0.0062, -0.5162, true
2018-10-03 13:35:00, 2018-10-03 13:35:59, true, 0.0324, 0.0330, 0.5445, true
2018-10-03 13:36:00, 2018-10-03 13:36:59, true, 0.0517, 0.0894, -0.8092, true
2018-10-03 13:37:00, 2018-10-03 13:37:59, false, -0.0005, 0.0636, 0.2358, true
2018-10-03 13:38:00, 2018-10-03 13:38:58, true, 0.0368, 0.0440, -0.0457, true
2018-10-03 13:39:00, 2018-10-03 13:39:59, false, -0.0189, 0.0439, 0.0653, true
2018-10-03 13:40:00, 2018-10-03 13:40:59, false, -0.0136, 0.0011, -0.0719, true
2018-10-03 13:41:00, 2018-10-03 13:41:59, false, -0.0018, 0.0005, -0.1286, true
2018-10-03 13:42:00, 2018-10-03 13:42:59, true, 0.0088, 0.0156, 0.7860, true
2018-10-03 13:43:00, 2018-10-03 13:43:59, true, 0.0520, 0.1015, 1.2692, true
2018-10-03 13:44:00, 2018-10-03 13:44:58, false, -0.0119, 0.0562, -1.5553, true
2018-10-03 13:45:00, 2018-10-03 13:45:59, true, 0.0126, 0.0328, -0.2286, true
2018-10-03 13:46:00, 2018-10-03 13:46:59, true, 0.0135, 0.0519, 0.6397, true
2018-10-03 13:47:00, 2018-10-03 13:47:59, true, 0.0252, 0.0392, -0.6620, true
2018-10-03 13:48:00, 2018-10-03 13:48:58, true, 0.0015, 0.0362, -0.0983, true
2018-10-03 13:49:00, 2018-10-03 13:49:59, false, -0.0091, 0.0066, -0.0362, true
2018-10-03 13:50:00, 2018-10-03 13:50:59, false, -0.0317, -0.0040, -0.0688, true
2018-10-03 13:51:00, 2018-10-03 13:51:59, true, 0.0131, 0.0188, -0.0674, true
2018-10-03 13:52:00, 2018-10-03 13:52:59, true, 0.0494, 0.0709, 0.2755, true
2018-10-03 13:53:00, 2018-10-03 13:53:59, true, 0.0441, 0.0935, 0.0884, true
2018-10-03 13:54:00, 2018-10-03 13:54:59, false, -0.0337, 0.0428, -0.1530, true
2018-10-03 13:55:00, 2018-10-03 13:55:59, true, 0.0415, 0.0694, -0.1960, true
2018-10-03 13:56:01, 2018-10-03 13:56:59, false, -0.0203, 0.0483, -0.1528, true
2018-10-03 13:57:00, 2018-10-03 13:57:59, false, -0.0026, 0.0025, 0.1721, true
2018-10-03 13:58:00, 2018-10-03 13:58:59, false, -0.0361, 0.0080, 0.2404, true
2018-10-03 13:59:00, 2018-10-03 13:59:59, false, -0.0003, 0.0185, -0.2793, true
2018-10-03 14:00:00, 2018-10-03 14:00:59, false, -0.0022, 0.0115, -0.0795, true
2018-10-03 14:01:00, 2018-10-03 14:01:59, false, -0.0026, 0.0157, 0.1740, true
2018-10-03 14:02:00, 2018-10-03 14:02:59, false, -0.0135, 0.0128, -0.2048, true
2018-10-03 14:03:00, 2018-10-03 14:03:58, false, -0.0576, 0.0040, 0.0714, true
2018-10-03 14:04:00, 2018-10-03 14:04:59, true, 0.0439, 0.0446, -0.0231, true
2018-10-03 14:05:00, 2018-10-03 14:05:59, true, 0.0025, 0.0457, 0.0335, true
2018-10-03 14:06:00, 2018-10-03 14:06:59, false, -0.0082, 0.0078, -0.0754, true
2018-10-03 14:07:00, 2018-10-03 14:07:59, true, 0.0045, 0.0072, -0.0091, true
2018-10-03 14:08:01, 2018-10-03 14:08:59, false, -0.0094, 0.0125, 0.0288, true
2018-10-03 14:09:00, 2018-10-03 14:09:59, true, 0.0057, 0.0057, -0.0346, true
2018-10-03 14:10:00, 2018-10-03 14:10:58, false, -0.0319, 0.0103, 0.3236, true
2018-10-03 14:11:00, 2018-10-03 14:11:59, true, 0.0219, 0.0289, -0.3369, true
2018-10-03 14:12:00, 2018-10-03 14:12:59, false, -0.0055, 0.0225, 0.1870, true
2018-10-03 14:13:00, 2018-10-03 14:13:59, false, -0.0479, 0.0049, 1.0149, true
2018-10-03 14:14:00, 2018-10-03 14:14:59, true, 0.0031, 0.0132, -1.0055, true
2018-10-03 14:15:00, 2018-10-03 14:15:59, false, -0.0368, 0.0060, 0.2514, true
2018-10-03 14:16:00, 2018-10-03 14:16:59, true, 0.0339, 0.0345, -0.2998, true
2018-10-03 14:17:00, 2018-10-03 14:17:59, true, 0.0035, 0.0382, 0.2579, true
2018-10-03 14:18:00, 2018-10-03 14:18:59, true, 0.0199, 0.0299, 0.0799, true
2018-10-03 14:19:00, 2018-10-03 14:19:59, false, -0.0071, 0.0203, -0.4883, true
2018-10-03 14:20:00, 2018-10-03 14:20:59, true, 0.0580, 0.0630, 0.0526, true
2018-10-03 14:21:00, 2018-10-03 14:21:59, true, 0.0046, 0.1025, 0.2540, true
2018-10-03 14:22:00, 2018-10-03 14:22:59, true, 0.0023, 0.0117, -0.2783, true
2018-10-03 14:23:00, 2018-10-03 14:23:58, true, 0.0043, 0.0098, 0.1371, true
2018-10-03 14:24:00, 2018-10-03 14:24:59, true, 0.0023, 0.0072, -0.1088, true
2018-10-03 14:25:00, 2018-10-03 14:25:59, false, -0.0202, 0.0029, 0.3299, true
2018-10-03 14:26:00, 2018-10-03 14:26:59, true, 0.0232, 0.0232, -0.3072, true
2018-10-03 14:27:00, 2018-10-03 14:27:59, true, 0.0165, 0.0369, 0.4185, true
2018-10-03 14:28:00, 2018-10-03 14:28:59, true, 0.0395, 0.0589, -0.3283, true
2018-10-03 14:29:00, 2018-10-03 14:29:59, false, -0.0235, 0.0623, 0.2541, true
2018-10-03 14:30:00, 2018-10-03 14:30:59, true, 0.0065, 0.0108, 0.1372, true
2018-10-03 14:31:00, 2018-10-03 14:31:59, true, 0.0054, 0.0171, -0.2085, true
2018-10-03 14:32:00, 2018-10-03 14:32:59, true, 0.0306, 0.0363, 0.2020, true
2018-10-03 14:33:00, 2018-10-03 14:33:59, true, 0.0012, 0.0449, -0.2335, true
2018-10-03 14:34:00, 2018-10-03 14:34:59, true, 0.0254, 0.0275, 0.5356, true
2018-10-03 14:35:00, 2018-10-03 14:35:59, true, 0.0158, 0.0417, -0.7866, true
2018-10-03 14:36:00, 2018-10-03 14:36:58, false, -0.0303, 0.0291, 0.1572, true
2018-10-03 14:37:00, 2018-10-03 14:37:59, true, 0.0387, 0.0404, -0.0785, true
2018-10-03 14:38:00, 2018-10-03 14:38:59, true, 0.0104, 0.0507, 0.0273, true
2018-10-03 14:39:00, 2018-10-03 14:39:59, true, 0.0097, 0.0201, -0.0498, true
2018-10-03 14:40:00, 2018-10-03 14:40:58, true, 0.0232, 0.0515, 0.2433, true
2018-10-03 14:41:00, 2018-10-03 14:41:59, true, 0.0052, 0.0436, -0.1712, true
2018-10-03 14:42:00, 2018-10-03 14:42:58, false, -0.0069, 0.0052, -0.1453, true
2018-10-03 14:43:00, 2018-10-03 14:43:59, false, -0.0174, 0.0218, 0.1571, true
2018-10-03 14:44:00, 2018-10-03 14:44:59, true, 0.0355, 0.0358, -0.2343, true
2018-10-03 14:45:00, 2018-10-03 14:45:59, true, 0.0121, 0.0501, 0.0103, true
2018-10-03 14:46:00, 2018-10-03 14:46:59, false, -0.0398, 0.0187, 0.5470, true
2018-10-03 14:47:01, 2018-10-03 14:47:59, false, -0.0324, 0.0005, -0.5634, true
2018-10-03 14:48:00, 2018-10-03 14:48:59, false, -0.0025, 0.0005, 0.0094, true
2018-10-03 14:49:00, 2018-10-03 14:49:59, false, -0.0072, 0.0011, -0.0095, true
2018-10-03 14:50:00, 2018-10-03 14:50:59, false, -0.0097, 0.0014, 0.0440, true
2018-10-03 14:51:00, 2018-10-03 14:51:59, true, 0.0038, 0.0054, 0.0335, true
2018-10-03 14:52:00, 2018-10-03 14:52:59, false, -0.0817, 0.0057, 0.7356, true
2018-10-03 14:53:00, 2018-10-03 14:53:59, false, -0.0012, 0.0051, -0.3827, true
2018-10-03 14:54:00, 2018-10-03 14:54:59, false, -0.0460, 0.0023, -0.2328, true
2018-10-03 14:55:00, 2018-10-03 14:55:59, false, -0.0149, 0.0000, 0.0631, true
2018-10-03 14:56:00, 2018-10-03 14:56:58, false, -0.0099, 0.0108, -0.0756, true
2018-10-03 14:57:00, 2018-10-03 14:57:59, true, 0.0075, 0.0085, 0.3336, true
2018-10-03 14:58:00, 2018-10-03 14:58:59, false, -0.0017, 0.0131, -0.3823, true
2018-10-03 14:59:00, 2018-10-03 14:59:59, false, -0.0060, 0.0077, 0.5390, true
2018-10-03 15:00:00, 2018-10-03 15:00:59, false, -0.0014, 0.0032, -0.5992, true
2018-10-03 15:01:00, 2018-10-03 15:01:59, false, -0.0108, 0.0042, 0.0824, true
2018-10-03 15:02:00, 2018-10-03 15:02:59, true, 0.0202, 0.0206, -0.1325, true
2018-10-03 15:03:00, 2018-10-03 15:03:59, false, -0.0972, 0.0210, 1.2473, true
2018-10-03 15:04:00, 2018-10-03 15:04:59, false, -0.0014, 0.0017, -1.0509, true
2018-10-03 15:05:00, 2018-10-03 15:05:59, false, -0.0106, 0.0089, -0.0282, true
2018-10-03 15:06:00, 2018-10-03 15:06:59, false, -0.0129, 0.0018, 0.1945, true
2018-10-03 15:07:00, 2018-10-03 15:07:59, false, -0.0214, 0.0017, -0.2672, true
2018-10-03 15:08:00, 2018-10-03 15:08:59, false, -0.0347, 0.0000, 0.1491, true
2018-10-03 15:09:00, 2018-10-03 15:09:59, false, -0.0136, 0.0059, -0.1570, true
2018-10-03 15:10:00, 2018-10-03 15:10:59, false, -0.0099, 0.0023, 0.1943, true
2018-10-03 15:11:00, 2018-10-03 15:11:59, false, -0.0574, 0.0079, 1.1780, true
2018-10-03 15:12:00, 2018-10-03 15:12:58, false, -0.0162, -0.0045, -1.4074, true
2018-10-03 15:13:00, 2018-10-03 15:13:58, false, -0.0022, 0.0142, 0.0756, true
2018-10-03 15:14:01, 2018-10-03 15:14:59, true, 0.0015, 0.0040, 0.0525, true
2018-10-03 15:15:00, 2018-10-03 15:15:59, false, -0.0025, 0.0002, -0.2185, true
2018-10-03 15:16:00, 2018-10-03 15:16:59, false, -0.0239, 0.0014, 0.0654, true
2018-10-03 15:17:00, 2018-10-03 15:17:59, false, -0.0068, 0.0093, 0.0372, true
2018-10-03 15:18:00, 2018-10-03 15:18:57, true, 0.0105, 0.0120, -0.0398, true
2018-10-03 15:19:00, 2018-10-03 15:19:59, true, 0.0131, 0.0316, 0.1545, true
2018-10-03 15:20:00, 2018-10-03 15:20:59, false, -0.0028, 0.0133, -0.0375, true
2018-10-03 15:21:00, 2018-10-03 15:21:59, false, -0.0295, -0.0037, 0.0230, true
2018-10-03 15:22:00, 2018-10-03 15:22:59, false, -0.0091, 0.0076, -0.1419, true
2018-10-03 15:23:00, 2018-10-03 15:23:59, true, 0.0953, 0.0959, -0.0108, true
2018-10-03 15:24:00, 2018-10-03 15:24:59, false, -0.0059, 0.0958, 0.0089, true
2018-10-03 15:25:00, 2018-10-03 15:25:59, false, -0.0281, 0.0014, 0.2344, true
2018-10-03 15:26:00, 2018-10-03 15:26:59, false, -0.0579, 0.0006, 0.5535, true
2018-10-03 15:27:00, 2018-10-03 15:27:59, false, -0.0808, 0.0002, -0.5788, true
2018-10-03 15:28:00, 2018-10-03 15:28:41, false, -0.0427, 0.0026, 0.1371, true
