2018-10-03 15:28:42, 2018-10-03 15:28:59, false, -0.0427, 0.0026, 0.1371, true
2018-10-03 15:29:00, 2018-10-03 15:29:59, true, 0.0539, 0.0563, 0.8369, true
2018-10-03 15:30:00, 2018-10-03 15:30:59, false, -0.0110, 0.0992, 0.0757, true
2018-10-03 15:31:00, 2018-10-03 15:31:59, true, 0.0459, 0.0640, -0.9069, true
2018-10-03 15:32:00, 2018-10-03 15:32:58, true, 0.0190, 0.0826, 0.0103, true
2018-10-03 15:33:01, 2018-10-03 15:33:59, true, 0.0054, 0.0451, -0.1019, true
2018-10-03 15:34:00, 2018-10-03 15:34:59, false, -0.0130, 0.0091, -0.2616, true
2018-10-03 15:35:00, 2018-10-03 15:35:59, false, -0.0045, 0.0034, 0.1152, true
2018-10-03 15:36:02, 2018-10-03 15:36:59, false, -0.0125, 0.0070, -0.0212, true
2018-10-03 15:37:00, 2018-10-03 15:37:58, true, 0.0025, 0.0451, -0.0541, true
2018-10-03 15:38:00, 2018-10-03 15:38:59, true, 0.0335, 0.0400, 0.1070, true
2018-10-03 15:39:00, 2018-10-03 15:39:59, true, 0.0181, 0.0530, -0.1468, true
2018-10-03 15:40:00, 2018-10-03 15:40:58, false, -0.0236, 0.0188, 0.3944, true
2018-10-03 15:41:00, 2018-10-03 15:41:59, true, 0.0062, 0.0068, -0.1478, true
2018-10-03 15:42:01, 2018-10-03 15:42:58, true, 0.0096, 0.0347, -0.0437, true
2018-10-03 15:43:00, 2018-10-03 15:43:59, false, -0.0022, 0.0141, -0.0976, true
2018-10-03 15:44:00, 2018-10-03 15:44:58, false, -0.0069, 0.0136, -0.0872, true
2018-10-03 15:45:00, 2018-10-03 15:45:59, false, -0.0028, 0.0009, -0.0846, true
2018-10-03 15:46:00, 2018-10-03 15:46:59, false, -0.0120, 0.0037, 0.1791, true
2018-10-03 15:47:00, 2018-10-03 15:47:59, true, 0.0009, 0.0014, -0.0071, true
2018-10-03 15:48:00, 2018-10-03 15:48:59, false, -0.0187, 0.0011, -0.0420, true
2018-10-03 15:49:00, 2018-10-03 15:49:59, true, 0.0048, 0.0048, 0.1104, true
2018-10-03 15:50:00, 2018-10-03 15:50:59, true, 0.0208, 0.0323, -0.1509, true
2018-10-03 15:51:00, 2018-10-03 15:51:59, true, 0.0082, 0.0279, 0.2029, true
2018-10-03 15:52:00, 2018-10-03 15:52:58, false, -0.0122, 0.0102, -0.2316, true
2018-10-03 15:53:00, 2018-10-03 15:53:59, false, -0.0076, 0.0012, 0.0179, true
2018-10-03 15:54:00, 2018-10-03 15:54:59, true, 0.0244, 0.0297, 0.3361, true
2018-10-03 15:55:01, 2018-10-03 15:55:59, true, 0.0019, 0.0290, -0.1002, true
2018-10-03 15:56:00, 2018-10-03 15:56:59, false, -0.0026, 0.0128, -0.2785, true
2018-10-03 15:57:00, 2018-10-03 15:57:59, false, -0.0020, 0.0187, 0.0769, true
2018-10-03 15:58:00, 2018-10-03 15:58:59, true, 0.0596, 0.0665, 1.8799, true
2018-10-03 15:59:00, 2018-10-03 15:59:59, true, 0.0359, 0.0964, -1.5306, true
2018-10-03 16:00:00, 2018-10-03 16:00:59, false, -0.0023, 0.0332, -0.1863, true
2018-10-03 16:01:00, 2018-10-03 16:01:59, false, -0.0056, 0.0088, -0.0966, true
2018-10-03 16:02:00, 2018-10-03 16:02:59, true, 0.0123, 0.0168, -0.1846, true
2018-10-03 16:03:00, 2018-10-03 16:03:59, false, -0.0131, 0.0011, 0.0768, true
2018-10-03 16:04:00, 2018-10-03 16:04:59, false, -0.0113, 0.0031, -0.0594, true
2018-10-03 16:05:00, 2018-10-03 16:05:59, false, -0.0045, 0.0046, 0.0628, true
2018-10-03 16:06:00, 2018-10-03 16:06:59, false, -0.0028, -0.0009, 0.2345, true
2018-10-03 16:07:00, 2018-10-03 16:07:59, false, -0.0270, 0.0210, -0.0897, true
2018-10-03 16:08:00, 2018-10-03 16:08:59, true, 0.0586, 0.0593, 0.6680, true
2018-10-03 16:09:00, 2018-10-03 16:09:58, false, -0.0624, 0.0688, 0.0113, true
2018-10-03 16:10:00, 2018-10-03 16:10:58, false, -0.0145, 0.0162, -0.4118, true
2018-10-03 16:11:00, 2018-10-03 16:11:58, true, 0.0015, 0.0083, -0.0818, true
2018-10-03 16:12:01, 2018-10-03 16:12:59, false, -0.0022, 0.0213, -0.3249, true
2018-10-03 16:13:00, 2018-10-03 16:13:58, true, 0.0110, 0.0110, 0.0570, true
2018-10-03 16:14:00, 2018-10-03 16:14:59, false, -0.0557, 0.0156, 0.2747, true
2018-10-03 16:15:00, 2018-10-03 16:15:59, false, -0.0968, 0.0000, 1.2369, true
2018-10-03 16:16:01, 2018-10-03 16:16:59, false, -0.1139, -0.0094, -0.0231, true
2018-10-03 16:17:00, 2018-10-03 16:17:59, false, -0.0674, 0.0000, 0.8225, true
2018-10-03 16:18:01, 2018-10-03 16:18:59, false, -0.0026, 0.0951, -2.1860, true
2018-10-03 16:19:00, 2018-10-03 16:19:59, false, -0.0002, 0.0401, 1.8824, true
2018-10-03 16:20:00, 2018-10-03 16:20:59, false, -0.0652, 0.0053, -0.7888, true
2018-10-03 16:21:01, 2018-10-03 16:21:59, false, -0.0180, 0.0067, 0.3475, true
2018-10-03 16:22:00, 2018-10-03 16:22:59, true, 0.0175, 0.0278, -0.4556, true
2018-10-03 16:23:00, 2018-10-03 16:23:58, false, -0.0254, 0.0560, -1.0760, true
2018-10-03 16:24:00, 2018-10-03 16:24:59, true, 0.0077, 0.0302, -0.0212, true
2018-10-03 16:25:00, 2018-10-03 16:25:59, true, 0.0521, 0.0868, 0.5022, true
2018-10-03 16:26:00, 2018-10-03 16:26:59, false, -0.0290, 0.0533, -0.5661, true
2018-10-03 16:27:00, 2018-10-03 16:27:59, true, 0.0599, 0.0645, 0.1138, true
2018-10-03 16:28:00, 2018-10-03 16:28:59, false, -0.0161, 0.0835, 0.1467, true
2018-10-03 16:29:00, 2018-10-03 16:29:59, true, 0.0319, 0.0404, 0.3962, true
2018-10-03 16:30:00, 2018-10-03 16:30:59, false, -0.0623, 0.0384, -0.2361, true
2018-10-03 16:31:00, 2018-10-03 16:31:58, false, -0.0081, 0.0115, -0.0291, true
2018-10-03 16:32:00, 2018-10-03 16:32:59, false, -0.0050, 0.0056, -0.1227, true
2018-10-03 16:33:00, 2018-10-03 16:33:59, true, 0.0026, 0.0042, -0.1954, true
2018-10-03 16:34:00, 2018-10-03 16:34:59, false, -0.0065, 0.0077, -0.0026, true
2018-10-03 16:35:00, 2018-10-03 16:35:57, true, 0.0139, 0.0147, 0.2206, true
2018-10-03 16:36:01, 2018-10-03 16:36:59, false, -0.0147, 0.0146, 0.8706, true
2018-10-03 16:37:00, 2018-10-03 16:37:59, false, -0.0093, 0.0200, -0.8039, true
2018-10-03 16:38:00, 2018-10-03 16:38:59, false, -0.0630, 0.0023, -0.1541, true
2018-10-03 16:39:00, 2018-10-03 16:39:59, true, 0.0124, 0.0124, 0.6289, true
2018-10-03 16:40:00, 2018-10-03 16:40:59, true, 0.1321, 0.1699, -0.4731, true
2018-10-03 16:41:00, 2018-10-03 16:41:59, true, 0.0033, 0.1414, -0.3354, true
2018-10-03 16:42:00, 2018-10-03 16:42:59, true, 0.0317, 0.0353, 0.2680, true
2018-10-03 16:43:00, 2018-10-03 16:43:59, false, -0.0065, 0.0387, -0.1601, true
2018-10-03 16:44:00, 2018-10-03 16:44:59, true, 0.0006, 0.0156, -0.0430, true
2018-10-03 16:45:00, 2018-10-03 16:45:59, true, 0.0583, 0.0659, 0.0070, true
2018-10-03 16:46:00, 2018-10-03 16:46:59, true, 0.0495, 0.1078, -0.0727, true
2018-10-03 16:47:00, 2018-10-03 16:47:59, false, -0.0176, 0.0531, -0.0721, true
2018-10-03 16:48:00, 2018-10-03 16:48:59, true, 0.0097, 0.0319, 0.1203, true
2018-10-03 16:49:00, 2018-10-03 16:49:58, false, -0.0173, 0.0297, 0.1001, true
2018-10-03 16:50:00, 2018-10-03 16:50:59, false, -0.0183, -0.0029, -0.2225, true
2018-10-03 16:51:00, 2018-10-03 16:51:59, true, 0.0292, 0.0486, 0.1330, true
2018-10-03 16:52:00, 2018-10-03 16:52:59, false, -0.0291, 0.0299, 0.0224, true
2018-10-03 16:53:00, 2018-10-03 16:53:59, true, 0.0005, 0.0015, -0.1614, true
2018-10-03 16:54:00, 2018-10-03 16:54:59, true, 0.0076, 0.0113, 0.0433, true
2018-10-03 16:55:00, 2018-10-03 16:55:59, false, -0.0040, 0.0096, -0.0359, true
2018-10-03 16:56:00, 2018-10-03 16:56:59, false, -0.0005, 0.0005, 0.0108, true
2018-10-03 16:57:00, 2018-10-03 16:57:59, true, 0.0014, 0.0193, 0.0562, true
2018-10-03 16:58:00, 2018-10-03 16:58:59, true, 0.0040, 0.0088, 0.0379, true
2018-10-03 16:59:00, 2018-10-03 16:59:59, false, -0.0176, -0.0002, 1.6883, true
2018-10-03 17:00:00, 2018-10-03 17:00:59, false, -0.0118, 0.0019, -1.7580, true
2018-10-03 17:01:00, 2018-10-03 17:01:59, false, -0.0489, 0.0028, 0.4652, true
2018-10-03 17:02:00, 2018-10-03 17:02:58, false, -0.0426, -0.0046, -0.0612, true
2018-10-03 17:03:00, 2018-10-03 17:03:59, true, 0.0173, 0.0867, -0.4375, true
2018-10-03 17:04:00, 2018-10-03 17:04:59, false, -0.0011, 0.0324, 0.0031, true
2018-10-03 17:05:00, 2018-10-03 17:05:59, false, -0.0008, 0.0167, 1.0925, true
2018-10-03 17:06:00, 2018-10-03 17:06:59, true, 0.0272, 0.0429, -0.7575, true
2018-10-03 17:07:00, 2018-10-03 17:07:58, true, 0.0173, 0.0455, -0.3320, true
2018-10-03 17:08:00, 2018-10-03 17:08:58, true, 0.0207, 0.0430, 0.1526, true
2018-10-03 17:09:00, 2018-10-03 17:09:59, true, 0.0189, 0.0460, -0.1154, true
2018-10-03 17:10:00, 2018-10-03 17:10:59, false, -0.0125, 0.0087, 0.5678, true
2018-10-03 17:11:00, 2018-10-03 17:11:59, true, 0.0090, 0.0101, -0.4631, true
2018-10-03 17:12:00, 2018-10-03 17:12:59, true, 0.0087, 0.0299, -0.1392, true
2018-10-03 17:13:00, 2018-10-03 17:13:59, true, 0.0314, 0.0404, 0.0889, true
2018-10-03 17:14:00, 2018-10-03 17:14:58, true, 0.0077, 0.0551, -0.0813, true
2018-10-03 17:15:00, 2018-10-03 17:15:59, true, 0.0113, 0.0113, 0.0173, true
2018-10-03 17:16:00, 2018-10-03 17:16:59, false, -0.0002, 0.0212, -0.0020, true
2018-10-03 17:17:00, 2018-10-03 17:17:59, false, -0.0116, 0.0049, -0.0425, true
2018-10-03 17:18:00, 2018-10-03 17:18:59, true, 0.0020, 0.0104, -0.0442, true
2018-10-03 17:19:00, 2018-10-03 17:19:59, true, 0.0127, 0.0298, 0.0530, true
2018-10-03 17:20:00, 2018-10-03 17:20:59, true, 0.0042, 0.0169, -0.0096, true
2018-10-03 17:21:00, 2018-10-03 17:21:59, true, 0.0022, 0.0093, -0.0043, true
2018-10-03 17:22:00, 2018-10-03 17:22:59, false, -0.0189, 0.0068, 0.0448, true
2018-10-03 17:23:00, 2018-10-03 17:23:59, false, -0.0107, 0.0000, 0.0370, true
2018-10-03 17:24:00, 2018-10-03 17:24:59, false, -0.0065, 0.0026, -0.0003, true
2018-10-03 17:25:00, 2018-10-03 17:25:59, false, -0.0418, 0.0053, -0.0266, true
2018-10-03 17:26:00, 2018-10-03 17:26:59, false, -0.0074, 0.0043, 0.0108, true
2018-10-03 17:27:00, 2018-10-03 17:27:59, true, 0.0138, 0.0237, -0.0543, true
2018-10-03 17:28:01, 2018-10-03 17:28:58, true, 0.0141, 0.0285, 0.0220, true
2018-10-03 17:29:00, 2018-10-03 17:29:59, false, -0.0156, 0.0200, 0.4814, true
2018-10-03 17:30:00, 2018-10-03 17:30:59, false, -0.0094, 0.0048, -0.5193, true
2018-10-03 17:31:00, 2018-10-03 17:31:59, false, -0.0108, 0.0040, 0.1151, true
2018-10-03 17:32:00, 2018-10-03 17:32:58, true, 0.0197, 0.0339, 0.2932, true
2018-10-03 17:33:00, 2018-10-03 17:33:59, true, 0.0441, 0.0704, -0.2292, true
2018-10-03 17:34:00, 2018-10-03 17:34:59, true, 0.0074, 0.0575, -0.0182, true
2018-10-03 17:35:00, 2018-10-03 17:35:59, true, 0.0152, 0.0300, -0.0680, true
2018-10-03 17:36:00, 2018-10-03 17:36:59, true, 0.0087, 0.0275, 0.3207, true
2018-10-03 17:37:00, 2018-10-03 17:37:59, true, 0.0323, 0.0558, -0.2244, true
2018-10-03 17:38:00, 2018-10-03 17:38:59, true, 0.0096, 0.0434, -0.0730, true
2018-10-03 17:39:00, 2018-10-03 17:39:58, false, -0.0022, 0.0150, -0.0158, true
2018-10-03 17:40:00, 2018-10-03 17:40:59, true, 0.0099, 0.0148, 0.0519, true
2018-10-03 17:41:00, 2018-10-03 17:41:58, true, 0.0080, 0.0236, -0.0995, true
2018-10-03 17:42:00, 2018-10-03 17:42:58, true, 0.0255, 0.0383, 0.3906, true
2018-10-03 17:43:00, 2018-10-03 17:43:59, true, 0.0216, 0.0683, -0.0655, true
2018-10-03 17:44:00, 2018-10-03 17:44:59, true, 0.0124, 0.0416, -0.3527, true
2018-10-03 17:45:00, 2018-10-03 17:45:59, true, 0.0071, 0.0266, 0.0045, true
2018-10-03 17:46:00, 2018-10-03 17:46:57, false, -0.0034, 0.0147, 0.0883, true
2018-10-03 17:47:00, 2018-10-03 17:47:59, false, -0.0091, 0.0060, -0.0511, true
2018-10-03 17:48:00, 2018-10-03 17:48:59, true, 0.0039, 0.0099, 0.0882, true
2018-10-03 17:49:00, 2018-10-03 17:49:59, false, -0.1668, 0.0127, 1.6828, true
2018-10-03 17:50:00, 2018-10-03 17:50:59, true, 0.0263, 0.0562, -1.7603, true
2018-10-03 17:51:01, 2018-10-03 17:51:58, true, 0.0108, 0.0472, -0.0107, true
2018-10-03 17:52:00, 2018-10-03 17:52:59, false, -0.0037, 0.0280, 0.0320, true
2018-10-03 17:53:00, 2018-10-03 17:53:58, true, 0.0173, 0.0173, -0.0897, true
2018-10-03 17:54:00, 2018-10-03 17:54:59, false, -0.0022, 0.0247, 0.3686, true
2018-10-03 17:55:00, 2018-10-03 17:55:59, true, 0.0181, 0.0400, -0.3747, true
2018-10-03 17:56:01, 2018-10-03 17:56:59, true, 0.0083, 0.0266, 0.1510, true
2018-10-03 17:57:00, 2018-10-03 17:57:59, true, 0.0036, 0.0198, 0.0136, true
2018-10-03 17:58:00, 2018-10-03 17:58:59, true, 0.0128, 0.0332, -0.0383, true
2018-10-03 17:59:00, 2018-10-03 17:59:58, true, 0.0046, 0.0204, -0.0909, true
2018-10-03 18:00:00, 2018-10-03 18:00:59, true, 0.0063, 0.0122, 0.0413, true
2018-10-03 18:01:00, 2018-10-03 18:01:58, false, -0.0011, 0.0070, -0.0094, true
2018-10-03 18:02:00, 2018-10-03 18:02:59, false, -0.0023, 0.0006, 0.0196, true
2018-10-03 18:03:00, 2018-10-03 18:03:59, true, 0.0565, 0.0702, 0.3727, true
2018-10-03 18:04:00, 2018-10-03 18:04:59, true, 0.0005, 0.0573, -0.3536, true
2018-10-03 18:05:00, 2018-10-03 18:05:59, true, 0.0207, 0.0622, 0.2933, true
2018-10-03 18:06:00, 2018-10-03 18:06:59, true, 0.0229, 0.0443, -0.3438, true
2018-10-03 18:07:00, 2018-10-03 18:07:59, true, 0.0119, 0.0482, 0.0874, true
2018-10-03 18:08:00, 2018-10-03 18:08:58, false, -0.0114, 0.0144, -0.1166, true
2018-10-03 18:09:00, 2018-10-03 18:09:59, false, -0.0012, 0.0046, 0.2243, true
2018-10-03 18:10:00, 2018-10-03 18:10:59, true, 0.0278, 0.0340, 0.2352, true
2018-10-03 18:11:00, 2018-10-03 18:11:59, true, 0.0177, 0.0414, -0.3795, true
2018-10-03 18:12:01, 2018-10-03 18:12:59, true, 0.0097, 0.0344, 0.0563, true
2018-10-03 18:13:00, 2018-10-03 18:13:59, true, 0.0034, 0.0244, -0.1251, true
2018-10-03 18:14:00, 2018-10-03 18:14:59, true, 0.0031, 0.0151, 0.0501, true
2018-10-03 18:15:00, 2018-10-03 18:15:59, false, -0.0029, 0.0068, 0.0039, true
2018-10-03 18:16:01, 2018-10-03 18:16:59, true, 0.0009, 0.0009, -0.0409, true
2018-10-03 18:17:00, 2018-10-03 18:17:59, false, -0.0014, 0.0040, 0.0582, true
2018-10-03 18:18:00, 2018-10-03 18:18:59, true, 0.0003, 0.0014, -0.0656, true
2018-10-03 18:19:01, 2018-10-03 18:19:59, false, -0.0019, 0.0011, -0.0648, true
2018-10-03 18:20:00, 2018-10-03 18:20:59, false, -0.0046, 0.0043, 0.1734, true
2018-10-03 18:21:00, 2018-10-03 18:21:58, false, -0.0008, 0.0000, 0.5396, true
2018-10-03 18:22:02, 2018-10-03 18:22:59, false, -0.0032, 0.0011, -0.6773, true
2018-10-03 18:23:00, 2018-10-03 18:23:59, true, 0.0093, 0.0097, -0.0201, true
2018-10-03 18:24:00, 2018-10-03 18:24:58, false, -0.0111, 0.0100, 0.0117, true
2018-10-03 18:25:00, 2018-10-03 18:25:59, false, -0.0249, 0.0000, 0.0069, true
2018-10-03 18:26:00, 2018-10-03 18:26:59, false, -0.0029, 0.0048, 0.0066, true
2018-10-03 18:27:00, 2018-10-03 18:27:59, false, -0.0241, 0.0049, 0.1434, true
2018-10-03 18:28:00, 2018-10-03 18:28:59, false, -0.0103, -0.0012, -0.0862, true
2018-10-03 18:29:00, 2018-10-03 18:29:59, false, -0.0107, 0.0148, -0.0422, true
2018-10-03 18:30:00, 2018-10-03 18:30:59, false, -0.0032, 0.0082, 0.0905, true
2018-10-03 18:31:00, 2018-10-03 18:31:59, false, -0.0082, 0.0102, 0.0043, true
2018-10-03 18:32:00, 2018-10-03 18:32:59, false, -0.0080, 0.0017, 0.2660, true
2018-10-03 18:33:01, 2018-10-03 18:33:59, true, 0.0196, 0.0250, -0.1856, true
2018-10-03 18:34:00, 2018-10-03 18:34:59, true, 0.0139, 0.0453, 0.0797, true
2018-10-03 18:35:00, 2018-10-03 18:35:59, true, 0.0076, 0.0267, -0.1280, true
2018-10-03 18:36:00, 2018-10-03 18:36:59, true, 0.0171, 0.0346, -0.1578, true
2018-10-03 18:37:00, 2018-10-03 18:37:59, true, 0.0023, 0.0222, 0.0770, true
2018-10-03 18:38:00, 2018-10-03 18:38:58, false, -0.0056, 0.0107, 0.0301, true
2018-10-03 18:39:00, 2018-10-03 18:39:59, true, 0.0107, 0.0154, -0.0228, true
2018-10-03 18:40:00, 2018-10-03 18:40:59, true, 0.0080, 0.0187, 0.1891, true
2018-10-03 18:41:00, 2018-10-03 18:41:59, false, -0.0323, 0.0117, -0.0034, true
2018-10-03 18:42:00, 2018-10-03 18:42:58, false, -0.0097, 0.0141, 1.4430, true
2018-10-03 18:43:00, 2018-10-03 18:43:59, false, -0.0450, 0.0459, -1.4103, true
2018-10-03 18:44:00, 2018-10-03 18:44:59, false, -0.0148, 0.0015, -0.1740, true
2018-10-03 18:45:00, 2018-10-03 18:45:58, false, -0.0076, 0.0002, -0.0635, true
2018-10-03 18:46:00, 2018-10-03 18:46:59, false, -0.0003, 0.0141, -0.0953, true
2018-10-03 18:47:00, 2018-10-03 18:47:59, false, -0.0023, 0.0116, 0.1704, true
2018-10-03 18:48:00, 2018-10-03 18:48:59, true, 0.0009, 0.0167, -0.1408, true
2018-10-03 18:49:00, 2018-10-03 18:49:59, true, 0.0037, 0.0063, 0.0844, true
2018-10-03 18:50:01, 2018-10-03 18:50:58, false, -0.0130, 0.0102, -0.0451, true
2018-10-03 18:51:00, 2018-10-03 18:51:59, true, 0.0043, 0.0043, -0.0698, true
2018-10-03 18:52:00, 2018-10-03 18:52:59, false, -0.0005, 0.0079, 0.0357, true
2018-10-03 18:53:00, 2018-10-03 18:53:59, false, -0.0104, 0.0096, 0.0029, true
2018-10-03 18:54:00, 2018-10-03 18:54:59, true, 0.0139, 0.0145, 0.1961, true
2018-10-03 18:55:00, 2018-10-03 18:55:59, false, -0.0087, 0.0235, -0.2287, true
2018-10-03 18:56:00, 2018-10-03 18:56:59, false, -0.0039, 0.0082, 0.0753, true
2018-10-03 18:57:00, 2018-10-03 18:57:57, false, -0.0243, 0.0063, -0.0032, true
2018-10-03 18:58:01, 2018-10-03 18:58:59, false, -0.3713, 0.0016, 8.7252, true
2018-10-03 18:59:01, 2018-10-03 18:59:59, false, -0.0346, -0.0048, -7.3243, true
2018-10-03 19:00:00, 2018-10-03 19:00:59, true, 0.0783, 0.0951, -0.5755, true
2018-10-03 19:01:00, 2018-10-03 19:01:59, true, 0.0149, 0.0944, -0.7052, true
2018-10-03 19:02:00, 2018-10-03 19:02:59, false, -0.0132, 0.0273, 0.1509, true
2018-10-03 19:03:00, 2018-10-03 19:03:59, true, 0.0586, 0.0681, 0.2088, true
2018-10-03 19:04:00, 2018-10-03 19:04:59, true, 0.0660, 0.1334, 0.0000, true
2018-10-03 19:05:02, 2018-10-03 19:05:59, false, -0.0136, 0.0595, -0.4807, true
2018-10-03 19:06:00, 2018-10-03 19:06:59, true, 0.0026, 0.0042, -0.0474, true
2018-10-03 19:07:00, 2018-10-03 19:07:59, false, -0.0115, 0.0112, 0.3786, true
2018-10-03 19:08:00, 2018-10-03 19:08:59, false, -0.0147, 0.0280, -0.3527, true
2018-10-03 19:09:00, 2018-10-03 19:09:59, false, -0.0184, 0.0108, 0.4372, true
2018-10-03 19:10:00, 2018-10-03 19:10:59, false, -0.0129, -0.0046, -0.1333, true
2018-10-03 19:11:00, 2018-10-03 19:11:58, true, 0.0223, 0.0363, -0.0364, true
2018-10-03 19:12:00, 2018-10-03 19:12:59, true, 0.0087, 0.0389, 0.8443, true
2018-10-03 19:13:00, 2018-10-03 19:13:59, true, 0.0485, 0.0885, -0.6280, true
2018-10-03 19:14:00, 2018-10-03 19:14:59, true, 0.0217, 0.0708, -0.4843, true
2018-10-03 19:15:00, 2018-10-03 19:15:59, false, -0.0059, 0.0259, -0.0180, true
2018-10-03 19:16:00, 2018-10-03 19:16:59, true, 0.0019, 0.0094, -0.0423, true
2018-10-03 19:17:00, 2018-10-03 19:17:59, false, -0.0087, 0.0101, 0.2382, true
2018-10-03 19:18:00, 2018-10-03 19:18:59, false, -0.0107, 0.0022, 0.3926, true
2018-10-03 19:19:00, 2018-10-03 19:19:56, true, 0.0163, 0.0263, -0.6402, true
2018-10-03 19:20:00, 2018-10-03 19:20:59, true, 0.0003, 0.0183, 0.0684, true
2018-10-03 19:21:00, 2018-10-03 19:21:59, true, 0.0068, 0.0274, 0.0946, true
2018-10-03 19:22:00, 2018-10-03 19:22:59, true, 0.0423, 0.0626, 0.7225, true
2018-10-03 19:23:00, 2018-10-03 19:23:59, true, 0.0473, 0.1042, -0.4553, true
2018-10-03 19:24:01, 2018-10-03 19:24:59, false, -0.0187, 0.0433, -0.3044, true
2018-10-03 19:25:01, 2018-10-03 19:25:59, true, 0.0067, 0.0105, -0.0572, true
2018-10-03 19:26:00, 2018-10-03 19:26:58, false, -0.0084, 0.0071, 0.0808, true
2018-10-03 19:27:00, 2018-10-03 19:27:59, false, -0.0006, 0.0009, -0.0608, true
2018-10-03 19:28:00, 2018-10-03 19:28:59, false, -0.0050, 0.0142, 0.0605, true
2018-10-03 19:29:00, 2018-10-03 19:29:59, false, -0.0023, 0.0040, 0.2109, true
2018-10-03 19:30:01, 2018-10-03 19:30:59, false, -0.0074, 0.0039, -0.3697, true
2018-10-03 19:31:00, 2018-10-03 19:31:59, false, -0.0931, 0.0023, 0.1781, true
2018-10-03 19:32:00, 2018-10-03 19:32:58, false, -0.0096, 0.0057, 0.2353, true
2018-10-03 19:33:00, 2018-10-03 19:33:59, false, -0.0022, 0.0074, -0.2833, true
2018-10-03 19:34:00, 2018-10-03 19:34:59, true, 0.0053, 0.0172, -0.0878, true
2018-10-03 19:35:01, 2018-10-03 19:35:59, true, 0.0019, 0.0090, 0.0575, true
2018-10-03 19:36:00, 2018-10-03 19:36:59, false, -0.0088, 0.0005, -0.0657, true
2018-10-03 19:37:00, 2018-10-03 19:37:58, true, 0.0294, 0.0327, 0.1090, true
2018-10-03 19:38:00, 2018-10-03 19:38:59, true, 0.0195, 0.0658, -0.0626, true
2018-10-03 19:39:00, 2018-10-03 19:39:58, true, 0.0254, 0.0531, 0.2475, true
2018-10-03 19:40:00, 2018-10-03 19:40:59, true, 0.0113, 0.0438, -0.1571, true
2018-10-03 19:41:00, 2018-10-03 19:41:59, true, 0.0670, 0.0830, 0.3202, true
2018-10-03 19:42:00, 2018-10-03 19:42:59, false, -0.0059, 0.0642, -0.4022, true
2018-10-03 19:43:01, 2018-10-03 19:43:58, true, 0.0029, 0.0031, 0.0939, true
2018-10-03 19:44:00, 2018-10-03 19:44:59, true, 0.0087, 0.0223, -0.1855, true
2018-10-03 19:45:00, 2018-10-03 19:45:58, false, -0.0136, 0.0087, 0.4615, true
2018-10-03 19:46:00, 2018-10-03 19:46:57, true, 0.0046, 0.0121, -0.2967, true
2018-10-03 19:47:00, 2018-10-03 19:47:59, true, 0.0040, 0.0094, -0.0807, true
2018-10-03 19:48:00, 2018-10-03 19:48:59, true, 0.0187, 0.0288, 0.0136, true
2018-10-03 19:49:00, 2018-10-03 19:49:59, false, -0.0096, 0.0189, -0.0769, true
2018-10-03 19:50:00, 2018-10-03 19:50:59, true, 0.0167, 0.0195, 0.1084, true
2018-10-03 19:51:00, 2018-10-03 19:51:59, true, 0.0009, 0.0227, -0.0070, true
2018-10-03 19:52:00, 2018-10-03 19:52:59, false, -0.0206, 0.0063, 0.0128, true
2018-10-03 19:53:01, 2018-10-03 19:53:59, true, 0.0107, 0.0170, 0.0517, true
2018-10-03 19:54:00, 2018-10-03 19:54:59, true, 0.0008, 0.0141, -0.1160, true
2018-10-03 19:55:00, 2018-10-03 19:55:59, true, 0.0184, 0.0240, 0.5219, true
2018-10-03 19:56:00, 2018-10-03 19:56:59, false, -0.0091, 0.0235, -0.4734, true
2018-10-03 19:57:00, 2018-10-03 19:57:58, false, -0.0091, 0.0456, 0.1197, true
2018-10-03 19:58:00, 2018-10-03 19:58:58, true, 0.0102, 0.0125, -0.1335, true
2018-10-03 19:59:01, 2018-10-03 19:59:58, true, 0.0192, 0.0433, 0.1832, true
2018-10-03 20:00:00, 2018-10-03 20:00:59, false, -0.0094, 0.0322, -0.0523, true
2018-10-03 20:01:00, 2018-10-03 20:01:59, false, -0.0034, 0.0003, -0.2046, true
2018-10-03 20:02:00, 2018-10-03 20:02:59, true, 0.0300, 0.0377, 0.1602, true
2018-10-03 20:03:00, 2018-10-03 20:03:59, false, -0.0090, 0.0388, -0.0241, true
2018-10-03 20:04:00, 2018-10-03 20:04:59, true, 0.0141, 0.0155, 0.0368, true
2018-10-03 20:05:00, 2018-10-03 20:05:59, true, 0.0124, 0.0272, -0.0082, true
2018-10-03 20:06:00, 2018-10-03 20:06:59, true, 0.0009, 0.0184, -0.1023, true
2018-10-03 20:07:00, 2018-10-03 20:07:59, true, 0.0477, 0.0536, 0.4285, true
2018-10-03 20:08:00, 2018-10-03 20:08:58, true, 0.0023, 0.0501, -0.5090, true
2018-10-03 20:09:00, 2018-10-03 20:09:58, false, -0.0209, 0.0128, 0.0358, true
2018-10-03 20:10:00, 2018-10-03 20:10:59, true, 0.0293, 0.0294, 0.1918, true
2018-10-03 20:11:00, 2018-10-03 20:11:58, false, -0.0029, 0.0351, -0.0867, true
2018-10-03 20:12:00, 2018-10-03 20:12:59, true, 0.0253, 0.0264, -0.0263, true
2018-10-03 20:13:00, 2018-10-03 20:13:57, true, 0.1884, 0.2688, 4.2443, true
2018-10-03 20:14:00, 2018-10-03 20:14:58, true, 0.0521, 0.2688, -4.1800, true
2018-10-03 20:15:00, 2018-10-03 20:15:59, true, 0.0046, 0.0607, -0.0188, true
2018-10-03 20:16:00, 2018-10-03 20:16:59, false, -0.0003, 0.0055, -0.0246, true
2018-10-03 20:17:00, 2018-10-03 20:17:59, true, 0.0143, 0.0251, -0.0276, true
2018-10-03 20:18:00, 2018-10-03 20:18:59, true, 0.0009, 0.0176, 0.2748, true
2018-10-03 20:19:00, 2018-10-03 20:19:59, true, 0.0088, 0.0125, -0.2293, true
2018-10-03 20:20:00, 2018-10-03 20:20:58, true, 0.0112, 0.0334, 0.1221, true
2018-10-03 20:21:00, 2018-10-03 20:21:58, true, 0.0505, 0.0633, 0.1902, true
2018-10-03 20:22:00, 2018-10-03 20:22:58, true, 0.0208, 0.0713, -0.2425, true
2018-10-03 20:23:00, 2018-10-03 20:23:59, false, -0.0034, 0.0237, -0.1320, true
2018-10-03 20:24:01, 2018-10-03 20:24:59, true, 0.0046, 0.0100, -0.0355, true
2018-10-03 20:25:00, 2018-10-03 20:25:58, true, 0.0138, 0.0199, 0.3156, true
2018-10-03 20:26:00, 2018-10-03 20:26:59, true, 0.0249, 0.0391, -0.0572, true
2018-10-03 20:27:00, 2018-10-03 20:27:59, true, 0.0480, 0.0735, -0.0212, true
2018-10-03 20:28:00, 2018-10-03 20:28:59, true, 0.0235, 0.0715, 0.1085, true
2018-10-03 20:29:00, 2018-10-03 20:29:59, true, 0.0897, 0.1170, 0.8525, true
2018-10-03 20:30:00, 2018-10-03 20:30:59, false, -0.0941, 0.1024, 0.1156, true
2018-10-03 20:31:00, 2018-10-03 20:31:56, false, -0.0008, 0.0332, -1.0243, true
2018-10-03 20:32:00, 2018-10-03 20:32:59, true, 0.0042, 0.0100, -0.1348, true
2018-10-03 20:33:00, 2018-10-03 20:33:59, false, -0.0160, 0.0055, 0.5356, true
2018-10-03 20:34:00, 2018-10-03 20:34:58, false, -0.0551, 0.0000, 0.4864, true
2018-10-03 20:35:00, 2018-10-03 20:35:59, true, 0.0103, 0.0103, -0.9758, true
2018-10-03 20:36:00, 2018-10-03 20:36:59, false, -0.0531, 0.0102, 0.1584, true
2018-10-03 20:37:00, 2018-10-03 20:37:59, false, -0.0399, 0.0000, -0.2142, true
2018-10-03 20:38:00, 2018-10-03 20:38:58, true, 0.0263, 0.0359, -0.1431, true
2018-10-03 20:39:00, 2018-10-03 20:39:59, false, -0.0071, 0.0263, 0.0579, true
2018-10-03 20:40:00, 2018-10-03 20:40:59, false, -0.0052, 0.0194, -0.0365, true
2018-10-03 20:41:00, 2018-10-03 20:41:59, false, -0.0075, 0.0140, -0.0102, true
2018-10-03 20:42:02, 2018-10-03 20:42:59, false, -0.0174, 0.0000, 0.1087, true
2018-10-03 20:43:00, 2018-10-03 20:43:57, false, -0.0111, 0.0008, -0.0574, true
2018-10-03 20:44:00, 2018-10-03 20:44:59, false, -0.0086, 0.0034, -0.0460, true
2018-10-03 20:45:01, 2018-10-03 20:45:59, true, 0.0825, 0.0859, 1.3897, true
2018-10-03 20:46:00, 2018-10-03 20:46:59, true, 0.0160, 0.0985, -1.3213, true
2018-10-03 20:47:00, 2018-10-03 20:47:59, true, 0.0069, 0.0229, 0.1554, true
2018-10-03 20:48:00, 2018-10-03 20:48:59, true, 0.0048, 0.0169, -0.1545, true
2018-10-03 20:49:00, 2018-10-03 20:49:58, false, -0.0603, 0.0079, -0.0091, true
2018-10-03 20:50:00, 2018-10-03 20:50:59, false, -0.0268, 0.0000, 0.0915, true
2018-10-03 20:51:00, 2018-10-03 20:51:59, false, -0.0034, 0.0022, 0.0641, true
2018-10-03 20:52:00, 2018-10-03 20:52:57, false, -0.0129, 0.0065, -0.2322, true
2018-10-03 20:53:00, 2018-10-03 20:53:59, false, -0.0071, 0.0071, 0.0910, true
2018-10-03 20:54:00, 2018-10-03 20:54:59, true, 0.0035, 0.0059, -0.0323, true
2018-10-03 20:55:01, 2018-10-03 20:55:59, false, -0.0220, 0.0035, 0.0236, true
2018-10-03 20:56:00, 2018-10-03 20:56:59, true, 0.0023, 0.0023, 0.0533, true
2018-10-03 20:57:00, 2018-10-03 20:57:59, false, -0.0035, 0.0065, -0.1582, true
2018-10-03 20:58:00, 2018-10-03 20:58:59, true, 0.0037, 0.0146, 0.7746, true
2018-10-03 20:59:00, 2018-10-03 20:59:59, true, 0.0460, 0.0605, -0.5013, true
2018-10-03 21:00:00, 2018-10-03 21:00:59, false, -0.0137, 0.0416, -0.1883, true
2018-10-03 21:01:00, 2018-10-03 21:01:59, false, -0.0015, 0.0111, 1.1618, true
2018-10-03 21:02:00, 2018-10-03 21:02:59, false, -0.0051, 0.0006, -1.1500, true
2018-10-03 21:03:00, 2018-10-03 21:03:59, false, -0.0256, 0.0088, 0.1976, true
2018-10-03 21:04:00, 2018-10-03 21:04:59, false, -0.0028, 0.0057, -0.1961, true
2018-10-03 21:05:00, 2018-10-03 21:05:59, true, 0.0032, 0.0043, -0.1148, true
2018-10-03 21:06:00, 2018-10-03 21:06:59, false, -0.0049, 0.0032, 0.0400, true
2018-10-03 21:07:00, 2018-10-03 21:07:59, false, -0.0054, 0.0006, 0.0216, true
2018-10-03 21:08:01, 2018-10-03 21:08:59, false, -0.0066, -0.0023, -0.0431, true
2018-10-03 21:09:00, 2018-10-03 21:09:59, true, 0.0039, 0.0054, 0.2372, true
2018-10-03 21:10:00, 2018-10-03 21:10:59, false, -0.0096, 0.0057, -0.1174, true
2018-10-03 21:11:00, 2018-10-03 21:11:59, false, -0.0077, 0.0000, -0.0374, true
2018-10-03 21:12:00, 2018-10-03 21:12:59, false, -0.0025, 0.0002, 0.0478, true
2018-10-03 21:13:00, 2018-10-03 21:13:59, false, -0.0022, 0.0054, -0.1023, true
2018-10-03 21:14:00, 2018-10-03 21:14:59, false, 0.0000, 0.0117, 0.0219, true
2018-10-03 21:15:00, 2018-10-03 21:15:59, false, -0.0154, 0.0076, 0.5535, true
2018-10-03 21:16:00, 2018-10-03 21:16:59, false, -0.0072, 0.0373, -0.5707, true
2018-10-03 21:17:00, 2018-10-03 21:17:59, true, 0.0006, 0.0077, 0.0199, true
2018-10-03 21:18:02, 2018-10-03 21:18:59, true, 0.0005, 0.0018, -0.0117, true
2018-10-03 21:19:00, 2018-10-03 21:19:59, false, -0.0012, 0.0086, -0.0316, true
2018-10-03 21:20:00, 2018-10-03 21:20:59, true, 0.0097, 0.0156, 0.0316, true
2018-10-03 21:21:00, 2018-10-03 21:21:59, true, 0.0396, 0.0490, 0.0892, true
2018-10-03 21:22:00, 2018-10-03 21:22:57, true, 0.0128, 0.0541, 0.0357, true
2018-10-03 21:23:00, 2018-10-03 21:23:59, true, 0.0051, 0.0197, -0.1642, true
2018-10-03 21:24:00, 2018-10-03 21:24:59, true, 0.0140, 0.0194, 0.2553, true
2018-10-03 21:25:00, 2018-10-03 21:25:59, true, 0.0029, 0.0373, -0.2547, true
2018-10-03 21:26:01, 2018-10-03 21:26:59, true, 0.0108, 0.0143, 0.0192, true
2018-10-03 21:27:00, 2018-10-03 21:27:58, true, 0.0023, 0.0168, 0.0268, true
2018-10-03 21:28:00, 2018-10-03 21:28:58, true, 0.0006, 0.0072, -0.0523, true
2018-10-03 21:29:00, 2018-10-03 21:29:59, true, 0.0003, 0.0022, 0.0679, true
2018-10-03 21:30:01, 2018-10-03 21:30:59, true, 0.0179, 0.0226, -0.0536, true
2018-10-03 21:31:01, 2018-10-03 21:31:59, false, -0.0012, 0.0240, -0.0140, true
2018-10-03 21:32:00, 2018-10-03 21:32:59, false, -0.0005, 0.0006, 0.1208, true
2018-10-03 21:33:00, 2018-10-03 21:33:59, true, 0.0065, 0.0083, 0.0240, true
2018-10-03 21:34:02, 2018-10-03 21:34:59, true, 0.0363, 0.0431, -0.0583, true
2018-10-03 21:35:00, 2018-10-03 21:35:59, true, 0.0057, 0.0425, -0.0131, true
2018-10-03 21:36:00, 2018-10-03 21:36:59, false, -0.0137, 0.0165, -0.0540, true
2018-10-03 21:37:00, 2018-10-03 21:37:59, true, 0.0142, 0.0142, 0.0412, true
2018-10-03 21:38:00, 2018-10-03 21:38:58, true, 0.0143, 0.0328, -0.0400, true
2018-10-03 21:39:00, 2018-10-03 21:39:59, false, -0.0049, 0.0206, -0.0134, true
2018-10-03 21:40:00, 2018-10-03 21:40:58, false, -0.0035, 0.0038, 0.0665, true
2018-10-03 21:41:01, 2018-10-03 21:41:59, true, 0.0018, 0.0111, -0.0045, true
2018-10-03 21:42:00, 2018-10-03 21:42:59, true, 0.0111, 0.0135, -0.0595, true
2018-10-03 21:43:00, 2018-10-03 21:43:58, true, 0.0022, 0.0177, 0.0595, true
2018-10-03 21:44:00, 2018-10-03 21:44:58, true, 0.0032, 0.0062, -0.0671, true
2018-10-03 21:45:00, 2018-10-03 21:45:56, true, 0.0011, 0.0049, 0.0655, true
2018-10-03 21:46:00, 2018-10-03 21:46:59, false, -0.0026, 0.0026, 0.1908, true
2018-10-03 21:47:01, 2018-10-03 21:47:58, true, 0.0034, 0.0228, -0.1171, true
2018-10-03 21:48:00, 2018-10-03 21:48:59, true, 0.0166, 0.0240, 0.0009, true
2018-10-03 21:49:03, 2018-10-03 21:49:59, true, 0.0266, 0.0508, 0.7582, true
2018-10-03 21:50:00, 2018-10-03 21:50:59, true, 0.1296, 0.1564, 0.8447, true
2018-10-03 21:51:00, 2018-10-03 21:51:58, true, 0.0284, 0.1576, -1.4352, true
2018-10-03 21:52:01, 2018-10-03 21:52:57, false, -0.0281, 0.0290, 0.6893, true
2018-10-03 21:53:00, 2018-10-03 21:53:59, true, 0.0347, 0.0464, -0.2789, true
2018-10-03 21:54:00, 2018-10-03 21:54:57, false, -0.0773, 0.0435, 0.5420, true
2018-10-03 21:55:01, 2018-10-03 21:55:59, true, 0.0161, 0.0201, -1.1262, true
2018-10-03 21:56:00, 2018-10-03 21:56:59, false, -0.0063, 0.0333, -0.0575, true
2018-10-03 21:57:00, 2018-10-03 21:57:58, false, -0.0204, 0.0035, 0.4689, true
2018-10-03 21:58:00, 2018-10-03 21:58:59, true, 0.0204, 0.0252, -0.4453, true
2018-10-03 21:59:01, 2018-10-03 21:59:59, true, 0.0540, 0.0891, 0.5593, true
2018-10-03 22:00:00, 2018-10-03 22:00:59, true, 0.0043, 0.0749, 0.0322, true
2018-10-03 22:01:00, 2018-10-03 22:01:59, true, 0.1369, 0.1402, 1.3396, true
2018-10-03 22:02:00, 2018-10-03 22:02:59, true, 0.0657, 0.2028, -0.5298, true
2018-10-03 22:03:00, 2018-10-03 22:03:58, true, 0.5138, 0.5854, 10.2436, true
2018-10-03 22:04:00, 2018-10-03 22:04:59, true, 0.0177, 0.7420, 1.4863, true
2018-10-03 22:05:00, 2018-10-03 22:05:59, true, 0.0737, 0.1181, -12.0263, true
2018-10-03 22:06:00, 2018-10-03 22:06:59, true, 0.5125, 0.6088, 8.0160, true
2018-10-03 22:07:00, 2018-10-03 22:07:59, true, 0.1356, 0.8394, 3.9073, true
2018-10-03 22:08:00, 2018-10-03 22:08:58, false, -0.1068, 0.1545, -11.0500, true
2018-10-03 22:09:00, 2018-10-03 22:09:59, true, 0.2741, 0.3010, 3.7163, true
2018-10-03 22:10:00, 2018-10-03 22:10:59, false, -0.0036, 0.2857, -1.4230, true
2018-10-03 22:11:00, 2018-10-03 22:11:58, false, -0.0966, 0.1474, -3.6328, true
2018-10-03 22:12:00, 2018-10-03 22:12:59, false, -0.0947, 0.0117, -0.1972, true
2018-10-03 22:13:01, 2018-10-03 22:13:59, true, 0.0693, 0.0716, 1.3050, true
2018-10-03 22:14:00, 2018-10-03 22:14:59, false, -0.0027, 0.0808, 0.4831, true
2018-10-03 22:15:00, 2018-10-03 22:15:59, true, 0.0042, 0.0404, -0.1940, true
2018-10-03 22:16:00, 2018-10-03 22:16:58, false, -0.0702, 0.0268, 0.0518, true
2018-10-03 22:17:00, 2018-10-03 22:17:59, true, 0.0103, 0.0203, -0.9079, true
2018-10-03 22:18:00, 2018-10-03 22:18:59, false, -0.0230, 0.0157, -0.5808, true
2018-10-03 22:19:00, 2018-10-03 22:19:59, false, -0.1226, 0.0068, 1.6571, true
2018-10-03 22:20:00, 2018-10-03 22:20:59, true, 0.0265, 0.0321, -1.8750, true
2018-10-03 22:21:00, 2018-10-03 22:21:59, false, -0.0067, 0.0474, 0.1844, true
2018-10-03 22:22:00, 2018-10-03 22:22:59, true, 0.1094, 0.1208, 0.3192, true
2018-10-03 22:23:00, 2018-10-03 22:23:58, true, 0.0020, 0.1271, -0.5016, true
2018-10-03 22:24:00, 2018-10-03 22:24:59, false, -0.0269, 0.0206, 0.7176, true
2018-10-03 22:25:00, 2018-10-03 22:25:59, false, -0.0079, 0.0053, -1.0851, true
2018-10-03 22:26:00, 2018-10-03 22:26:59, false, -0.0733, 0.0006, 0.9995, true
2018-10-03 22:27:00, 2018-10-03 22:27:59, false, -0.0220, 0.0000, -0.3034, true
2018-10-03 22:28:00, 2018-10-03 22:28:59, true, 0.0064, 0.0297, 0.5596, true
2018-10-03 22:29:00, 2018-10-03 22:29:59, true, 0.0597, 0.0709, 0.5093, true
2018-10-03 22:30:00, 2018-10-03 22:30:59, false, -0.0209, 0.0650, -1.4979, true
2018-10-03 22:31:00, 2018-10-03 22:31:59, true, 0.0176, 0.0221, -0.2567, true
2018-10-03 22:32:00, 2018-10-03 22:32:59, false, -0.0053, 0.0156, 0.0345, true
2018-10-03 22:33:00, 2018-10-03 22:33:57, true, 0.0315, 0.0421, 0.6753, true
2018-10-03 22:34:03, 2018-10-03 22:34:59, true, 0.0784, 0.2141, 3.2568, true
2018-10-03 22:35:00, 2018-10-03 22:35:59, false, -0.0851, 0.0650, -2.8661, true
2018-10-03 22:36:00, 2018-10-03 22:36:59, false, -0.0017, 0.0168, -0.7724, true
2018-10-03 22:37:00, 2018-10-03 22:37:59, true, 0.0073, 0.0241, -0.2427, true
2018-10-03 22:38:00, 2018-10-03 22:38:59, false, -0.1025, 0.0159, 0.4371, true
2018-10-03 22:39:02, 2018-10-03 22:39:58, true, 0.0515, 0.0576, 0.0653, true
2018-10-03 22:40:01, 2018-10-03 22:40:59, true, 0.0194, 0.0709, -0.1531, true
2018-10-03 22:41:00, 2018-10-03 22:41:59, true, 0.0115, 0.0482, -0.2880, true
2018-10-03 22:42:01, 2018-10-03 22:42:59, true, 0.0036, 0.0170, 0.1349, true
2018-10-03 22:43:00, 2018-10-03 22:43:58, true, 0.0465, 0.0677, 0.1011, true
2018-10-03 22:44:00, 2018-10-03 22:44:59, true, 0.0200, 0.0677, 0.0180, true
2018-10-03 22:45:00, 2018-10-03 22:45:58, true, 0.0172, 0.0580, -0.2958, true
2018-10-03 22:46:00, 2018-10-03 22:46:59, true, 0.0410, 0.1067, 1.5558, true
2018-10-03 22:47:01, 2018-10-03 22:47:59, false, -0.0755, 0.0545, -0.5107, true
2018-10-03 22:48:00, 2018-10-03 22:48:59, false, -0.0615, 0.0111, -0.9037, true
2018-10-03 22:49:00, 2018-10-03 22:49:59, false, -0.0750, 0.0161, 0.9414, true
2018-10-03 22:50:00, 2018-10-03 22:50:58, false, -0.0458, 0.0006, 0.2143, true
2018-10-03 22:51:00, 2018-10-03 22:51:57, false, -0.0905, 0.0140, 0.8224, true
2018-10-03 22:52:00, 2018-10-03 22:52:59, false, -0.0257, 0.0036, -1.7760, true
2018-10-03 22:53:00, 2018-10-03 22:53:59, false, -0.0837, 0.0688, -0.3371, true
2018-10-03 22:54:00, 2018-10-03 22:54:59, false, -0.0257, 0.0006, 0.6350, true
2018-10-03 22:55:01, 2018-10-03 22:55:58, true, 0.0216, 0.0389, -0.4643, true
2018-10-03 22:56:00, 2018-10-03 22:56:56, true, 0.0205, 0.0387, -0.1136, true
2018-10-03 22:57:01, 2018-10-03 22:57:59, true, 0.0014, 0.0333, -0.1436, true
2018-10-03 22:58:00, 2018-10-03 22:58:59, true, 0.0053, 0.0281, 0.1250, true
2018-10-03 22:59:00, 2018-10-03 22:59:59, true, 0.1338, 0.1701, 1.0188, true
2018-10-03 23:00:00, 2018-10-03 23:00:59, false, -0.0246, 0.1414, -0.8655, true
2018-10-03 23:01:00, 2018-10-03 23:01:59, false, -0.0005, 0.0086, -0.1643, true
2018-10-03 23:02:00, 2018-10-03 23:02:59, true, 0.0039, 0.0340, -0.0323, true
2018-10-03 23:03:00, 2018-10-03 23:03:59, true, 0.0244, 0.0346, -0.1217, true
2018-10-03 23:04:00, 2018-10-03 23:04:59, false, -0.0062, 0.0373, -0.0211, true
2018-10-03 23:05:00, 2018-10-03 23:05:59, true, 0.0124, 0.0171, 0.0416, true
2018-10-03 23:06:00, 2018-10-03 23:06:59, true, 0.0024, 0.0206, -0.0473, true
2018-10-03 23:07:00, 2018-10-03 23:07:59, false, -0.0144, 0.0050, 0.1059, true
2018-10-03 23:08:00, 2018-10-03 23:08:59, false, -0.0188, 0.0074, -0.1499, true
2018-10-03 23:09:00, 2018-10-03 23:09:59, false, -0.0009, 0.0023, 0.1203, true
2018-10-03 23:10:00, 2018-10-03 23:10:59, false, -0.0225, 0.0036, 0.1788, true
2018-10-03 23:11:00, 2018-10-03 23:11:59, false, -0.0320, 0.0011, -0.2174, true
2018-10-03 23:12:00, 2018-10-03 23:12:59, false, -0.0193, 0.0011, 0.0506, true
2018-10-03 23:13:01, 2018-10-03 23:13:59, false, -0.0018, 0.0064, -0.1037, true
2018-10-03 23:14:00, 2018-10-03 23:14:58, true, 0.0071, 0.0088, 0.1675, true
2018-10-03 23:15:00, 2018-10-03 23:15:59, false, -0.0282, 0.0100, -0.1406, true
2018-10-03 23:16:00, 2018-10-03 23:16:59, true, 0.0358, 0.0436, 0.0305, true
2018-10-03 23:17:00, 2018-10-03 23:17:59, true, 0.0414, 0.0806, 0.1082, true
2018-10-03 23:18:00, 2018-10-03 23:18:59, true, 0.0067, 0.0486, -0.1821, true
2018-10-03 23:19:00, 2018-10-03 23:19:59, true, 0.0097, 0.0211, 0.0220, true
2018-10-03 23:20:00, 2018-10-03 23:20:58, false, -0.0076, 0.0093, -0.0895, true
2018-10-03 23:21:00, 2018-10-03 23:21:59, true, 0.0026, 0.0067, 0.0555, true
2018-10-03 23:22:00, 2018-10-03 23:22:59, true, 0.0012, 0.0091, 0.0520, true
2018-10-03 23:23:00, 2018-10-03 23:23:59, false, -0.0052, 0.0035, 0.0492, true
2018-10-03 23:24:00, 2018-10-03 23:24:59, false, -0.0087, 0.0006, -0.0586, true
2018-10-03 23:25:00, 2018-10-03 23:25:59, false, -0.0168, 0.0000, 0.0355, true
2018-10-03 23:26:00, 2018-10-03 23:26:59, false, -0.0621, 0.0012, 0.2991, true
2018-10-03 23:27:00, 2018-10-03 23:27:59, false, -0.0558, -0.0027, 0.1675, true
2018-10-03 23:28:01, 2018-10-03 23:28:59, false, -0.0094, 0.0132, -0.3569, true
2018-10-03 23:29:00, 2018-10-03 23:29:58, false, -0.0026, 0.0152, 0.2932, true
2018-10-03 23:30:00, 2018-10-03 23:30:58, false, -0.0036, 0.0056, -0.1868, true
2018-10-03 23:31:00, 2018-10-03 23:31:59, true, 0.0085, 0.0173, -0.2944, true
2018-10-03 23:32:00, 2018-10-03 23:32:59, false, -0.0494, 0.0134, 0.0129, true
2018-10-03 23:33:01, 2018-10-03 23:33:59, false, -0.0046, 0.0040, 0.0438, true
2018-10-03 23:34:00, 2018-10-03 23:34:57, false, -0.0134, 0.0006, 0.0791, true
2018-10-03 23:35:00, 2018-10-03 23:35:59, true, 0.0143, 0.0221, -0.1572, true
2018-10-03 23:36:01, 2018-10-03 23:36:59, true, 0.0044, 0.0225, 0.0065, true
2018-10-03 23:37:02, 2018-10-03 23:37:59, false, -0.0304, 0.0068, 0.0379, true
2018-10-03 23:38:01, 2018-10-03 23:38:59, true, 0.0354, 0.0455, 0.2521, true
2018-10-03 23:39:00, 2018-10-03 23:39:59, true, 0.0041, 0.0427, 0.0455, true
2018-10-03 23:40:00, 2018-10-03 23:40:59, true, 0.0140, 0.0374, -0.2992, true
2018-10-03 23:41:00, 2018-10-03 23:41:59, true, 0.0036, 0.0330, 0.3878, true
2018-10-03 23:42:00, 2018-10-03 23:42:59, true, 0.0772, 0.0815, -0.2977, true
2018-10-03 23:43:00, 2018-10-03 23:43:59, true, 0.0706, 0.1871, 1.1591, true
2018-10-03 23:44:00, 2018-10-03 23:44:58, true, 0.0123, 0.0805, -1.1418, true
2018-10-03 23:45:00, 2018-10-03 23:45:58, false, -0.0017, 0.0266, 0.0164, true
2018-10-03 23:46:00, 2018-10-03 23:46:59, true, 0.0035, 0.0114, -0.0326, true
2018-10-03 23:47:00, 2018-10-03 23:47:58, true, 0.0103, 0.0282, 0.0405, true
2018-10-03 23:48:00, 2018-10-03 23:48:59, true, 0.0018, 0.0176, -0.0830, true
2018-10-03 23:49:02, 2018-10-03 23:49:59, true, 0.0091, 0.0178, -0.0395, true
2018-10-03 23:50:00, 2018-10-03 23:50:59, false, -0.0114, 0.0124, 0.1824, true
2018-10-03 23:51:00, 2018-10-03 23:51:59, true, 0.0176, 0.0179, -0.2001, true
2018-10-03 23:52:01, 2018-10-03 23:52:59, false, -0.0085, 0.0208, 0.0442, true
2018-10-03 23:53:01, 2018-10-03 23:53:59, false, -0.0170, 0.0056, -0.0772, true
2018-10-03 23:54:00, 2018-10-03 23:54:59, false, -0.0027, 0.0077, 0.4212, true
2018-10-03 23:55:00, 2018-10-03 23:55:58, false, -0.0118, 0.0029, -0.1176, true
2018-10-03 23:56:00, 2018-10-03 23:56:58, true, 0.0055, 0.0131, -0.2913, true
2018-10-03 23:57:00, 2018-10-03 23:57:59, true, 0.0033, 0.0127, -0.0211, true
2018-10-03 23:58:00, 2018-10-03 23:58:59, false, -0.0032, 0.0083, 0.4694, true
2018-10-03 23:59:01, 2018-10-03 23:59:59, true, 0.1045, 0.1119, 0.6166, true
2018-10-04 00:00:00, 2018-10-04 00:00:59, true, 0.0023, 0.1368, -0.6909, true
2018-10-04 00:01:00, 2018-10-04 00:01:59, true, 0.0127, 0.0152, -0.2221, true
2018-10-04 00:02:00, 2018-10-04 00:02:59, false, -0.0253, 0.0168, -0.1022, true
2018-10-04 00:03:00, 2018-10-04 00:03:59, true, 0.0149, 0.0149, 0.1252, true
2018-10-04 00:04:00, 2018-10-04 00:04:59, true, 0.0153, 0.0331, 0.1408, true
2018-10-04 00:05:00, 2018-10-04 00:05:59, true, 0.0099, 0.0267, -0.3188, true
2018-10-04 00:06:01, 2018-10-04 00:06:57, true, 0.0005, 0.0144, 0.2145, true
2018-10-04 00:07:00, 2018-10-04 00:07:53, true, 0.0071, 0.0124, -0.2042, true
2018-10-04 00:08:02, 2018-10-04 00:08:59, true, 0.0091, 0.0164, 0.1090, true
2018-10-04 00:09:00, 2018-10-04 00:09:59, true, 0.0083, 0.0176, 0.1009, true
2018-10-04 00:10:00, 2018-10-04 00:10:59, false, -0.0082, 0.0102, 0.1943, true
2018-10-04 00:11:01, 2018-10-04 00:11:59, false, -0.0041, 0.0094, -0.4101, true
2018-10-04 00:12:01, 2018-10-04 00:12:59, false, -0.0297, 0.0000, 0.2938, true
2018-10-04 00:13:00, 2018-10-04 00:13:58, true, 0.0021, 0.0247, -0.1768, true
2018-10-04 00:14:00, 2018-10-04 00:14:59, true, 0.0042, 0.0205, 0.0456, true
2018-10-04 00:15:00, 2018-10-04 00:15:59, true, 0.0206, 0.0282, -0.0811, true
2018-10-04 00:16:00, 2018-10-04 00:16:59, false, -0.0730, 0.0262, 0.4280, true
2018-10-04 00:17:00, 2018-10-04 00:17:59, false, -0.0129, 0.0000, -0.4886, true
2018-10-04 00:18:00, 2018-10-04 00:18:59, true, 0.0059, 0.0138, 0.1265, true
2018-10-04 00:19:00, 2018-10-04 00:19:58, false, -0.0008, 0.0140, -0.0071, true
2018-10-04 00:20:00, 2018-10-04 00:20:59, false, -0.0537, 0.0082, 0.2456, true
2018-10-04 00:21:00, 2018-10-04 00:21:59, false, -0.0117, 0.0006, -0.1821, true
2018-10-04 00:22:00, 2018-10-04 00:22:59, false, -0.0012, 0.0049, -0.2240, true
2018-10-04 00:23:01, 2018-10-04 00:23:59, false, -0.0036, 0.0029, 0.1304, true
2018-10-04 00:24:01, 2018-10-04 00:24:59, false, -0.0071, 0.0043, -0.0131, true
2018-10-04 00:25:00, 2018-10-04 00:25:58, false, -0.0203, -0.0005, -0.1151, true
2018-10-04 00:26:00, 2018-10-04 00:26:59, false, -0.0015, 0.0055, 0.0120, true
2018-10-04 00:27:00, 2018-10-04 00:27:59, false, -0.0167, 0.0003, 0.1380, true
2018-10-04 00:28:00, 2018-10-04 00:28:59, true, 0.0074, 0.0305, -0.0759, true
2018-10-04 00:29:00, 2018-10-04 00:29:59, true, 0.0610, 0.0776, 0.4232, true
2018-10-04 00:30:01, 2018-10-04 00:30:59, true, 0.0029, 0.0774, -0.4364, true
2018-10-04 00:31:00, 2018-10-04 00:31:59, true, 0.0035, 0.0105, 0.0036, true
2018-10-04 00:32:00, 2018-10-04 00:32:59, false, -0.0055, 0.0070, 0.3363, true
2018-10-04 00:33:00, 2018-10-04 00:33:58, true, 0.0050, 0.0050, -0.3777, true
2018-10-04 00:34:00, 2018-10-04 00:34:59, false, -0.0097, 0.0002, 0.0297, true
2018-10-04 00:35:00, 2018-10-04 00:35:59, true, 0.0124, 0.0152, -0.0522, true
2018-10-04 00:36:00, 2018-10-04 00:36:59, false, -0.0049, 0.0120, -0.0302, true
2018-10-04 00:37:02, 2018-10-04 00:37:57, false, -0.0299, 0.0038, -0.0071, true
2018-10-04 00:38:00, 2018-10-04 00:38:56, true, 0.0041, 0.0043, 0.0808, true
2018-10-04 00:39:00, 2018-10-04 00:39:59, true, 0.0061, 0.0103, -0.0149, true
2018-10-04 00:40:00, 2018-10-04 00:40:57, false, -0.0478, 0.0085, 0.2695, true
2018-10-04 00:41:00, 2018-10-04 00:41:59, true, 0.0008, 0.0029, -0.3394, true
2018-10-04 00:42:00, 2018-10-04 00:42:59, true, 0.0269, 0.0354, 0.0407, true
2018-10-04 00:43:00, 2018-10-04 00:43:59, true, 0.0068, 0.0293, 0.5893, true
2018-10-04 00:44:00, 2018-10-04 00:44:59, true, 0.0006, 0.0080, -0.5419, true
2018-10-04 00:45:00, 2018-10-04 00:45:59, true, 0.0002, 0.0132, -0.0915, true
2018-10-04 00:46:00, 2018-10-04 00:46:59, false, -0.0020, 0.0067, 0.1600, true
2018-10-04 00:47:00, 2018-10-04 00:47:59, false, -0.0123, 0.0103, 0.0114, true
2018-10-04 00:48:01, 2018-10-04 00:48:59, true, 0.0181, 0.0205, -0.1658, true
2018-10-04 00:49:01, 2018-10-04 00:49:59, false, -0.0115, 0.0290, 0.0777, true
2018-10-04 00:50:00, 2018-10-04 00:50:59, false, -0.0217, 0.0003, 0.0896, true
2018-10-04 00:51:00, 2018-10-04 00:51:59, true, 0.0030, 0.0135, -0.1508, true
2018-10-04 00:52:00, 2018-10-04 00:52:59, true, 0.0074, 0.0109, 0.1417, true
2018-10-04 00:53:01, 2018-10-04 00:53:59, true, 0.0050, 0.0150, -0.1023, true
2018-10-04 00:54:00, 2018-10-04 00:54:57, true, 0.0246, 0.0296, 0.0449, true
2018-10-04 00:55:00, 2018-10-04 00:55:59, false, -0.0120, 0.0258, -0.0574, true
2018-10-04 00:56:00, 2018-10-04 00:56:58, true, 0.0120, 0.0244, 0.0200, true
2018-10-04 00:57:00, 2018-10-04 00:57:59, false, -0.0049, 0.0132, 0.1208, true
2018-10-04 00:58:00, 2018-10-04 00:58:59, true, 0.0129, 0.0267, -0.0698, true
2018-10-04 00:59:00, 2018-10-04 00:59:58, true, 0.0020, 0.0275, 0.0203, true
2018-10-04 01:00:00, 2018-10-04 01:00:59, true, 0.0162, 0.0200, -0.0971, true
2018-10-04 01:01:00, 2018-10-04 01:01:59, false, -0.0191, 0.0237, 0.0521, true
2018-10-04 01:02:01, 2018-10-04 01:02:58, false, -0.0105, 0.0002, -0.0188, true
2018-10-04 01:03:00, 2018-10-04 01:03:59, true, 0.0024, 0.0062, 0.0250, true
2018-10-04 01:04:00, 2018-10-04 01:04:59, true, 0.0049, 0.0149, -0.0244, true
2018-10-04 01:05:00, 2018-10-04 01:05:59, true, 0.0575, 0.0642, 0.1377, true
2018-10-04 01:06:00, 2018-10-04 01:06:59, true, 0.0297, 0.0904, -0.0563, true
2018-10-04 01:07:00, 2018-10-04 01:07:57, true, 0.0026, 0.0323, -0.1102, true
2018-10-04 01:08:00, 2018-10-04 01:08:59, true, 0.0153, 0.0234, 0.0256, true
2018-10-04 01:09:00, 2018-10-04 01:09:59, false, -0.0064, 0.0177, 0.0379, true
2018-10-04 01:10:00, 2018-10-04 01:10:59, false, -0.0083, 0.0011, -0.0787, true
2018-10-04 01:11:00, 2018-10-04 01:11:59, false, -0.0005, 0.0018, 0.0661, true
2018-10-04 01:12:00, 2018-10-04 01:12:59, false, -0.0030, 0.0021, -0.0412, true
2018-10-04 01:13:00, 2018-10-04 01:13:59, true, 0.0008, 0.0014, 0.5482, true
2018-10-04 01:14:00, 2018-10-04 01:14:59, true, 0.0065, 0.0088, -0.0872, true
2018-10-04 01:15:00, 2018-10-04 01:15:59, false, -0.0074, 0.0140, -0.5112, true
2018-10-04 01:16:00, 2018-10-04 01:16:58, false, -0.0032, 0.0027, 0.1764, true
2018-10-04 01:17:00, 2018-10-04 01:17:59, true, 0.0268, 0.0284, -0.0901, true
2018-10-04 01:18:00, 2018-10-04 01:18:59, false, -0.0008, 0.0324, 0.1022, true
2018-10-04 01:19:00, 2018-10-04 01:19:59, false, -0.0041, 0.0017, -0.1716, true
2018-10-04 01:20:00, 2018-10-04 01:20:59, true, 0.0574, 0.0635, 0.4419, true
2018-10-04 01:21:00, 2018-10-04 01:21:58, true, 0.0450, 0.1308, 0.9421, true
2018-10-04 01:22:00, 2018-10-04 01:22:59, true, 0.0404, 0.1063, -1.1757, true
2018-10-04 01:23:00, 2018-10-04 01:23:58, false, -0.0059, 0.0424, -0.1299, true
2018-10-04 01:24:00, 2018-10-04 01:24:59, false, -0.0389, 0.0141, 0.3040, true
2018-10-04 01:25:00, 2018-10-04 01:25:59, true, 0.0086, 0.0088, -0.2796, true
2018-10-04 01:26:00, 2018-10-04 01:26:59, false, -0.0092, 0.0127, 0.0853, true
2018-10-04 01:27:00, 2018-10-04 01:27:59, false, -0.0003, 0.0094, 0.1775, true
2018-10-04 01:28:01, 2018-10-04 01:28:59, false, -0.0183, 0.0023, -0.2248, true
2018-10-04 01:29:01, 2018-10-04 01:29:59, false, -0.0008, 0.0042, 0.2528, true
2018-10-04 01:30:01, 2018-10-04 01:30:59, false, -0.0038, 0.0142, 0.1232, true
2018-10-04 01:31:00, 2018-10-04 01:31:59, false, -0.0124, 0.0061, -0.2756, true
2018-10-04 01:32:00, 2018-10-04 01:32:58, false, -0.0089, 0.0035, 0.0055, true
2018-10-04 01:33:00, 2018-10-04 01:33:59, false, -0.0288, 0.0021, 0.2587, true
2018-10-04 01:34:01, 2018-10-04 01:34:59, false, -0.0311, 0.0005, -0.3442, true
2018-10-04 01:35:00, 2018-10-04 01:35:58, false, -0.0455, 0.0000, 0.0649, true
2018-10-04 01:36:00, 2018-10-04 01:36:59, false, -0.0036, 0.0071, -0.0721, true
2018-10-04 01:37:00, 2018-10-04 01:37:58, true, 0.0050, 0.0085, 0.1355, true
2018-10-04 01:38:00, 2018-10-04 01:38:59, false, -0.0011, 0.0167, -0.1006, true
2018-10-04 01:39:00, 2018-10-04 01:39:59, false, -0.0090, 0.0308, 0.0281, true
2018-10-04 01:40:00, 2018-10-04 01:40:59, true, 0.0388, 0.0388, 0.0459, true
2018-10-04 01:41:01, 2018-10-04 01:41:59, true, 0.0056, 0.0123, -0.1287, true
2018-10-04 01:42:00, 2018-10-04 01:42:59, false, -0.0140, 0.0067, 0.0117, true
2018-10-04 01:43:00, 2018-10-04 01:43:59, true, 0.0426, 0.0651, 0.5561, true
2018-10-04 01:44:00, 2018-10-04 01:44:59, true, 0.0085, 0.0541, -0.1075, true
2018-10-04 01:45:00, 2018-10-04 01:45:58, false, -0.0155, 0.0105, -0.3290, true
2018-10-04 01:46:00, 2018-10-04 01:46:55, true, 0.0015, 0.0061, -0.0572, true
2018-10-04 01:47:00, 2018-10-04 01:47:59, false, -0.0011, 0.0097, -0.0312, true
2018-10-04 01:48:00, 2018-10-04 01:48:59, false, -0.0009, 0.0453, 0.7162, true
2018-10-04 01:49:00, 2018-10-04 01:49:59, false, -0.0027, 0.0092, -0.7670, true
2018-10-04 01:50:00, 2018-10-04 01:50:59, true, 0.0189, 0.0212, 0.4237, true
2018-10-04 01:51:00, 2018-10-04 01:51:59, false, -0.0387, 0.0086, -0.4020, true
2018-10-04 01:52:03, 2018-10-04 01:52:59, false, -0.0130, 0.0012, -0.0237, true
2018-10-04 01:53:00, 2018-10-04 01:53:59, true, 0.0073, 0.0074, 0.2067, true
2018-10-04 01:54:00, 2018-10-04 01:54:58, true, 0.0377, 0.0466, -0.2297, true
2018-10-04 01:55:00, 2018-10-04 01:55:59, false, -0.0049, 0.0522, -0.0523, true
2018-10-04 01:56:02, 2018-10-04 01:56:59, false, -0.0042, 0.0000, 0.0111, true
2018-10-04 01:57:00, 2018-10-04 01:57:58, true, 0.0076, 0.0223, 0.4066, true
2018-10-04 01:58:00, 2018-10-04 01:58:59, true, 0.0147, 0.0276, -0.4267, true
2018-10-04 01:59:01, 2018-10-04 01:59:57, true, 0.0015, 0.0696, 0.2113, true
2018-10-04 02:00:00, 2018-10-04 02:00:59, true, 0.0142, 0.0249, -0.2200, true
2018-10-04 02:01:00, 2018-10-04 02:01:59, false, -0.0014, 0.0199, 0.1458, true
2018-10-04 02:02:00, 2018-10-04 02:02:58, true, 0.0238, 0.0244, 0.5692, true
2018-10-04 02:03:00, 2018-10-04 02:03:59, true, 0.0132, 0.0370, -0.4475, true
2018-10-04 02:04:00, 2018-10-04 02:04:59, false, -0.0256, 0.0136, -0.0629, true
2018-10-04 02:05:00, 2018-10-04 02:05:59, true, 0.0086, 0.0111, -0.0570, true
2018-10-04 02:06:01, 2018-10-04 02:06:59, false, -0.0017, 0.0115, -0.0238, true
2018-10-04 02:07:00, 2018-10-04 02:07:59, false, -0.0020, 0.0030, 0.0271, true
2018-10-04 02:08:00, 2018-10-04 02:08:58, false, -0.0005, 0.0021, 0.1868, true
2018-10-04 02:09:00, 2018-10-04 02:09:59, false, -0.0264, 0.0136, -0.2990, true
2018-10-04 02:10:00, 2018-10-04 02:10:59, true, 0.0109, 0.0129, 0.4777, true
2018-10-04 02:11:00, 2018-10-04 02:11:58, false, -0.0277, 0.0111, -0.3838, true
2018-10-04 02:12:00, 2018-10-04 02:12:59, true, 0.0350, 0.0412, 0.0158, true
2018-10-04 02:13:00, 2018-10-04 02:13:57, false, -0.0158, 0.0362, 0.1011, true
2018-10-04 02:14:00, 2018-10-04 02:14:58, true, 0.0309, 0.0362, -0.1209, true
2018-10-04 02:15:01, 2018-10-04 02:15:56, false, -0.0097, 0.0344, -0.0312, true
2018-10-04 02:16:00, 2018-10-04 02:16:59, true, 0.0021, 0.0027, 0.5049, true
2018-10-04 02:17:00, 2018-10-04 02:17:59, false, -0.0006, 0.0068, -0.2202, true
2018-10-04 02:18:00, 2018-10-04 02:18:58, false, 0.0000, 0.0105, 0.0444, true
2018-10-04 02:19:00, 2018-10-04 02:19:59, false, -0.0014, 0.0047, 0.3878, true
2018-10-04 02:20:00, 2018-10-04 02:20:59, false, -0.0335, 0.0026, -0.1404, true
2018-10-04 02:21:00, 2018-10-04 02:21:59, false, -0.0214, -0.0002, 1.0298, true
2018-10-04 02:22:00, 2018-10-04 02:22:59, false, -0.0358, 0.0099, -0.9158, true
2018-10-04 02:23:00, 2018-10-04 02:23:59, false, -0.0226, 0.0008, -0.3509, true
2018-10-04 02:24:00, 2018-10-04 02:24:59, false, -0.0021, 0.0097, -0.2251, true
2018-10-04 02:25:00, 2018-10-04 02:25:59, false, -0.0263, 0.0035, -0.0689, true
2018-10-04 02:26:00, 2018-10-04 02:26:59, false, -0.0061, 0.0077, 0.0777, true
2018-10-04 02:27:00, 2018-10-04 02:27:58, false, -0.0068, 0.0056, -0.0537, true
2018-10-04 02:28:00, 2018-10-04 02:28:59, true, 0.0023, 0.0055, 0.4384, true
2018-10-04 02:29:01, 2018-10-04 02:29:58, false, -0.0003, 0.0053, -0.4242, true
2018-10-04 02:30:00, 2018-10-04 02:30:59, false, -0.0118, 0.0067, 0.3606, true
2018-10-04 02:31:00, 2018-10-04 02:31:59, true, 0.0360, 0.0379, -0.3983, true
2018-10-04 02:32:00, 2018-10-04 02:32:59, true, 0.0026, 0.0426, 0.1221, true
2018-10-04 02:33:00, 2018-10-04 02:33:58, true, 0.0002, 0.0068, -0.0467, true
2018-10-04 02:34:00, 2018-10-04 02:34:58, false, -0.0376, 0.0050, 0.7697, true
2018-10-04 02:35:01, 2018-10-04 02:35:59, false, 0.0000, 0.0090, -0.8698, true
2018-10-04 02:36:00, 2018-10-04 02:36:59, false, -0.1534, 0.0023, 4.8336, true
2018-10-04 02:37:00, 2018-10-04 02:37:59, true, 0.0447, 0.0730, -4.1903, true
2018-10-04 02:38:00, 2018-10-04 02:38:59, false, -0.0378, 0.0485, -0.6355, true
2018-10-04 02:39:00, 2018-10-04 02:39:59, false, -0.0344, 0.0106, 0.2450, true
2018-10-04 02:40:00, 2018-10-04 02:40:59, true, 0.0468, 0.0566, 0.0231, true
2018-10-04 02:41:00, 2018-10-04 02:41:59, true, 0.0027, 0.0594, -0.2366, true
2018-10-04 02:42:00, 2018-10-04 02:42:59, false, -0.0366, 0.0109, 0.3827, true
2018-10-04 02:43:00, 2018-10-04 02:43:58, true, 0.0065, 0.0138, -0.0303, true
2018-10-04 02:44:00, 2018-10-04 02:44:59, true, 0.0384, 0.0543, -0.5177, true
2018-10-04 02:45:00, 2018-10-04 02:45:59, true, 0.0036, 0.0518, 0.1779, true
2018-10-04 02:46:00, 2018-10-04 02:46:59, false, -0.0026, 0.0099, -0.1406, true
2018-10-04 02:47:02, 2018-10-04 02:47:59, true, 0.0012, 0.0070, -0.0214, true
2018-10-04 02:48:01, 2018-10-04 02:48:55, true, 0.0158, 0.0289, 0.0091, true
2018-10-04 02:49:00, 2018-10-04 02:49:59, true, 0.0023, 0.0296, -0.0673, true
2018-10-04 02:50:00, 2018-10-04 02:50:59, true, 0.0024, 0.0094, 0.0112, true
2018-10-04 02:51:00, 2018-10-04 02:51:59, true, 0.0024, 0.0049, 0.1951, true
2018-10-04 02:52:00, 2018-10-04 02:52:59, false, -0.0044, 0.0091, -0.1068, true
2018-10-04 02:53:00, 2018-10-04 02:53:59, false, -0.0088, 0.0011, 0.1319, true
2018-10-04 02:54:00, 2018-10-04 02:54:59, false, -0.0044, 0.0014, 0.8564, true
2018-10-04 02:55:01, 2018-10-04 02:55:59, true, 0.0111, 0.0123, -0.8666, true
2018-10-04 02:56:00, 2018-10-04 02:56:59, true, 0.0084, 0.0194, -0.0149, true
2018-10-04 02:57:00, 2018-10-04 02:57:58, true, 0.0085, 0.0207, 0.0316, true
2018-10-04 02:58:00, 2018-10-04 02:58:58, false, -0.0082, 0.0150, 0.0615, true
2018-10-04 02:59:01, 2018-10-04 02:59:59, true, 0.0229, 0.0283, 0.0958, true
2018-10-04 03:00:00, 2018-10-04 03:00:59, true, 0.0008, 0.0368, -0.0532, true
2018-10-04 03:01:00, 2018-10-04 03:01:59, true, 0.0123, 0.0190, -0.0343, true
2018-10-04 03:02:00, 2018-10-04 03:02:59, true, 0.0172, 0.0339, -0.0355, true
2018-10-04 03:03:00, 2018-10-04 03:03:59, false, -0.0080, 0.0351, 0.1878, true
2018-10-04 03:04:00, 2018-10-04 03:04:59, true, 0.0035, 0.0272, -0.2141, true
2018-10-04 03:05:00, 2018-10-04 03:05:58, true, 0.0240, 0.0363, 0.0299, true
2018-10-04 03:06:00, 2018-10-04 03:06:59, true, 0.0308, 0.0553, -0.0662, true
2018-10-04 03:07:00, 2018-10-04 03:07:59, true, 0.0062, 0.0511, 0.1052, true
2018-10-04 03:08:01, 2018-10-04 03:08:59, false, -0.0629, 0.0118, -0.0852, true
2018-10-04 03:09:00, 2018-10-04 03:09:58, false, -0.0594, 0.0106, 0.1197, true
2018-10-04 03:10:01, 2018-10-04 03:10:59, false, -0.0540, 0.0012, 0.5293, true
2018-10-04 03:11:00, 2018-10-04 03:11:59, false, -0.0023, 0.0078, -0.6406, true
2018-10-04 03:12:00, 2018-10-04 03:12:59, false, -0.0043, 0.0081, -0.0895, true
2018-10-04 03:13:00, 2018-10-04 03:13:59, false, -0.0030, 0.0076, -0.0949, true
2018-10-04 03:14:00, 2018-10-04 03:14:57, true, 0.0192, 0.0228, 0.5211, true
2018-10-04 03:15:00, 2018-10-04 03:15:59, true, 0.0062, 0.0345, -0.2663, true
2018-10-04 03:16:00, 2018-10-04 03:16:59, false, -0.0070, 0.0199, -0.2764, true
2018-10-04 03:17:00, 2018-10-04 03:17:59, false, -0.0041, 0.0087, 0.0540, true
2018-10-04 03:18:00, 2018-10-04 03:18:59, true, 0.0381, 0.0392, 0.0752, true
2018-10-04 03:19:00, 2018-10-04 03:19:59, true, 0.0023, 0.0400, 0.0745, true
2018-10-04 03:20:00, 2018-10-04 03:20:59, false, -0.0027, 0.0047, -0.1283, true
2018-10-04 03:21:00, 2018-10-04 03:21:58, false, -0.0246, 0.0012, 0.2636, true
2018-10-04 03:22:00, 2018-10-04 03:22:59, true, 0.0175, 0.0319, -0.2939, true
2018-10-04 03:23:00, 2018-10-04 03:23:59, true, 0.0339, 0.0567, 0.0567, true
2018-10-04 03:24:02, 2018-10-04 03:24:59, false, -0.0184, 0.0348, 0.0181, true
2018-10-04 03:25:00, 2018-10-04 03:25:59, true, 0.0033, 0.0070, 0.0895, true
2018-10-04 03:26:00, 2018-10-04 03:26:59, false, -0.0018, 0.0094, -0.0304, true
2018-10-04 03:27:00, 2018-10-04 03:27:59, true, 0.0002, 0.0073, 0.1916, true
2018-10-04 03:28:00, 2018-10-04 03:28:59, true, 0.0026, 0.0071, -0.2680, true
2018-10-04 03:29:00, 2018-10-04 03:29:59, true, 0.0046, 0.0076, 0.0190, true
2018-10-04 03:30:00, 2018-10-04 03:30:59, false, -0.0038, 0.0053, 0.0725, true
2018-10-04 03:31:00, 2018-10-04 03:31:59, false, -0.0027, 0.0096, -0.0963, true
2018-10-04 03:32:01, 2018-10-04 03:32:59, false, -0.0053, 0.0008, 0.0611, true
2018-10-04 03:33:00, 2018-10-04 03:33:59, false, -0.0003, 0.0012, 0.0795, true
2018-10-04 03:34:00, 2018-10-04 03:34:59, true, 0.0006, 0.0071, -0.0808, true
2018-10-04 03:35:00, 2018-10-04 03:35:56, false, -0.0123, -0.0088, -0.0836, true
2018-10-04 03:36:00, 2018-10-04 03:36:59, true, 0.0029, 0.0157, 0.6551, true
2018-10-04 03:37:00, 2018-10-04 03:37:56, false, -0.0150, 0.0038, 0.0771, true
2018-10-04 03:38:01, 2018-10-04 03:38:59, false, -0.0046, 0.0008, -0.2649, true
2018-10-04 03:39:00, 2018-10-04 03:39:59, true, 0.0196, 0.0204, 0.2310, true
2018-10-04 03:40:00, 2018-10-04 03:40:59, false, -0.0128, 0.0248, 0.0913, true
2018-10-04 03:41:00, 2018-10-04 03:41:59, true, 0.0012, 0.0123, -0.1444, true
2018-10-04 03:42:01, 2018-10-04 03:42:59, false, -0.0046, 0.0062, 0.1941, true
2018-10-04 03:43:00, 2018-10-04 03:43:59, false, -0.0412, 0.0014, -0.2109, true
2018-10-04 03:44:00, 2018-10-04 03:44:59, false, -0.0196, 0.0070, 0.0196, true
2018-10-04 03:45:01, 2018-10-04 03:45:59, false, -0.0018, 0.0053, -0.5198, true
2018-10-04 03:46:00, 2018-10-04 03:46:59, true, 0.0106, 0.0126, -0.0763, true
2018-10-04 03:47:01, 2018-10-04 03:47:59, false, -0.0424, 0.0114, 0.6499, true
2018-10-04 03:48:00, 2018-10-04 03:48:59, false, -0.0035, 0.0015, 0.2135, true
2018-10-04 03:49:00, 2018-10-04 03:49:59, false, -0.0170, 0.0015, -0.1006, true
2018-10-04 03:50:00, 2018-10-04 03:50:59, true, 0.0014, 0.0033, -0.1283, true
2018-10-04 03:51:00, 2018-10-04 03:51:59, false, -0.0005, 0.0056, 0.0956, true
2018-10-04 03:52:00, 2018-10-04 03:52:59, false, -0.0286, 0.0008, 0.1549, true
2018-10-04 03:53:00, 2018-10-04 03:53:59, true, 0.0590, 0.0983, 0.2245, true
2018-10-04 03:54:00, 2018-10-04 03:54:59, false, -0.0072, 0.0682, -0.3281, true
2018-10-04 03:55:00, 2018-10-04 03:55:59, false, -0.0245, -0.0090, 0.2100, true
2018-10-04 03:56:01, 2018-10-04 03:56:59, false, -0.0164, 0.0050, 0.1654, true
2018-10-04 03:57:00, 2018-10-04 03:57:59, false, -0.0186, 0.0015, -1.0225, true
2018-10-04 03:58:00, 2018-10-04 03:58:59, true, 0.0233, 0.0609, -0.1692, true
2018-10-04 03:59:00, 2018-10-04 03:59:57, true, 0.0222, 0.0466, 0.1380, true
2018-10-04 04:00:00, 2018-10-04 04:00:59, true, 0.0485, 0.0704, 0.0768, true
2018-10-04 04:01:00, 2018-10-04 04:01:59, true, 0.0202, 0.0710, -0.1263, true
2018-10-04 04:02:00, 2018-10-04 04:02:59, true, 0.0286, 0.0511, 0.0348, true
2018-10-04 04:03:00, 2018-10-04 04:03:59, true, 0.0112, 0.0406, 0.0347, true
2018-10-04 04:04:00, 2018-10-04 04:04:59, true, 0.0111, 0.0245, -0.1843, true
2018-10-04 04:05:00, 2018-10-04 04:05:58, true, 0.0167, 0.0278, 0.1612, true
2018-10-04 04:06:00, 2018-10-04 04:06:59, true, 0.0219, 0.0427, 0.1809, true
2018-10-04 04:07:00, 2018-10-04 04:07:59, true, 0.0035, 0.0257, -0.2523, true
2018-10-04 04:08:00, 2018-10-04 04:08:59, false, -0.0105, 0.0134, -0.0164, true
2018-10-04 04:09:00, 2018-10-04 04:09:59, false, -0.0084, 0.0008, 0.0043, true
2018-10-04 04:10:00, 2018-10-04 04:10:59, false, -0.0085, 0.0071, 0.1785, true
2018-10-04 04:11:00, 2018-10-04 04:11:59, true, 0.0040, 0.0091, -0.2103, true
2018-10-04 04:12:00, 2018-10-04 04:12:59, false, -0.0024, 0.0071, -0.0005, true
2018-10-04 04:13:00, 2018-10-04 04:13:58, true, 0.0033, 0.0053, 0.2636, true
2018-10-04 04:14:00, 2018-10-04 04:14:59, false, -0.0125, 0.0106, -0.0596, true
2018-10-04 04:15:01, 2018-10-04 04:15:59, true, 0.0156, 0.0438, -0.0828, true
2018-10-04 04:16:00, 2018-10-04 04:16:58, false, -0.0077, 0.0232, -0.0558, true
2018-10-04 04:17:00, 2018-10-04 04:17:59, false, -0.0084, 0.0036, 0.1114, true
2018-10-04 04:18:00, 2018-10-04 04:18:59, true, 0.0260, 0.0263, 0.0257, true
2018-10-04 04:19:01, 2018-10-04 04:19:59, true, 0.0023, 0.0346, -0.2028, true
2018-10-04 04:20:00, 2018-10-04 04:20:58, false, -0.0049, 0.0055, 0.5077, true
2018-10-04 04:21:00, 2018-10-04 04:21:58, false, -0.0026, 0.0032, 0.8819, true
2018-10-04 04:22:00, 2018-10-04 04:22:56, false, -0.0094, 0.0029, -0.3922, true
2018-10-04 04:23:00, 2018-10-04 04:23:59, false, -0.0008, 0.0074, -0.0667, true
2018-10-04 04:24:02, 2018-10-04 04:24:59, true, 0.0015, 0.0108, 0.0068, true
2018-10-04 04:25:00, 2018-10-04 04:25:59, true, 0.0030, 0.0158, -0.2144, true
2018-10-04 04:26:00, 2018-10-04 04:26:59, false, -0.0234, 0.0040, -0.1068, true
2018-10-04 04:27:00, 2018-10-04 04:27:59, false, -0.0233, -0.0005, -0.1154, true
2018-10-04 04:28:00, 2018-10-04 04:28:59, false, -0.0011, 0.0026, -0.2432, true
2018-10-04 04:29:00, 2018-10-04 04:29:58, false, -0.0055, 0.0009, -0.2460, true
2018-10-04 04:30:00, 2018-10-04 04:30:59, true, 0.0058, 0.0078, 0.6165, true
2018-10-04 04:31:00, 2018-10-04 04:31:59, true, 0.0002, 0.0102, 1.7769, true
2018-10-04 04:32:02, 2018-10-04 04:32:59, true, 0.0143, 0.0158, -1.6247, true
2018-10-04 04:33:00, 2018-10-04 04:33:59, true, 0.0242, 0.0514, 0.2120, true
2018-10-04 04:34:00, 2018-10-04 04:34:59, false, -0.0309, 0.0214, -0.8937, true
2018-10-04 04:35:00, 2018-10-04 04:35:58, true, 0.0018, 0.0055, 0.2374, true
2018-10-04 04:36:00, 2018-10-04 04:36:59, false, -0.0018, 0.0076, 0.4543, true
2018-10-04 04:37:00, 2018-10-04 04:37:59, false, -0.0053, 0.0140, -0.1988, true
2018-10-04 04:38:00, 2018-10-04 04:38:59, false, -0.0002, 0.0027, -0.3311, true
2018-10-04 04:39:00, 2018-10-04 04:39:59, false, -0.0187, 0.0021, 0.4248, true
2018-10-04 04:40:00, 2018-10-04 04:40:59, true, 0.0012, 0.0062, -0.2597, true
2018-10-04 04:41:01, 2018-10-04 04:41:59, true, 0.0236, 0.0251, 0.0967, true
2018-10-04 04:42:00, 2018-10-04 04:42:59, false, -0.0044, 0.0340, -0.4487, true
2018-10-04 04:43:00, 2018-10-04 04:43:59, true, 0.0012, 0.0017, 0.0351, true
2018-10-04 04:44:00, 2018-10-04 04:44:59, false, -0.0085, 0.0111, -0.0432, true
2018-10-04 04:45:01, 2018-10-04 04:45:59, true, 0.0014, 0.0015, -0.2090, true
2018-10-04 04:46:01, 2018-10-04 04:46:59, true, 0.0106, 0.0173, 0.3234, true
2018-10-04 04:47:01, 2018-10-04 04:47:59, false, -0.1864, 0.0107, 7.5652, true
2018-10-04 04:48:00, 2018-10-04 04:48:57, false, -0.0119, 0.0123, -4.8609, true
2018-10-04 04:49:00, 2018-10-04 04:49:58, true, 0.0723, 0.0751, -1.7731, true
2018-10-04 04:50:01, 2018-10-04 04:50:58, true, 0.0084, 0.0831, -0.5410, true
2018-10-04 04:51:00, 2018-10-04 04:51:59, true, 0.0079, 0.0425, -0.3430, true
2018-10-04 04:52:00, 2018-10-04 04:52:56, true, 0.0128, 0.0285, 0.0688, true
2018-10-04 04:53:00, 2018-10-04 04:53:59, true, 0.0052, 0.0175, -0.1042, true
2018-10-04 04:54:00, 2018-10-04 04:54:59, false, -0.0073, 0.0167, -0.1290, true
2018-10-04 04:55:00, 2018-10-04 04:55:59, false, -0.0355, 0.0008, -0.0440, true
2018-10-04 04:56:00, 2018-10-04 04:56:57, false, -0.0035, 0.0006, -0.0658, true
2018-10-04 04:57:00, 2018-10-04 04:57:59, true, 0.0011, 0.0061, 0.0473, true
2018-10-04 04:58:00, 2018-10-04 04:58:59, false, -0.0234, 0.0117, 0.1608, true
2018-10-04 04:59:00, 2018-10-04 04:59:58, false, -0.0088, 0.0132, -0.0375, true
2018-10-04 05:00:00, 2018-10-04 05:00:59, false, -0.0158, 0.0056, 0.1087, true
2018-10-04 05:01:00, 2018-10-04 05:01:59, true, 0.0843, 0.0991, 0.7216, true
2018-10-04 05:02:00, 2018-10-04 05:02:59, true, 0.1140, 0.2063, -0.7424, true
2018-10-04 05:03:00, 2018-10-04 05:03:59, true, 0.0050, 0.1192, 0.1368, true
2018-10-04 05:04:00, 2018-10-04 05:04:59, false, -0.0008, 0.0119, -0.0081, true
2018-10-04 05:05:00, 2018-10-04 05:05:58, true, 0.0526, 0.0603, 0.6321, true
2018-10-04 05:06:00, 2018-10-04 05:06:59, true, 0.0524, 0.1167, -0.4982, true
2018-10-04 05:07:00, 2018-10-04 05:07:59, true, 0.0398, 0.0944, 0.0481, true
2018-10-04 05:08:00, 2018-10-04 05:08:59, true, 0.0478, 0.0914, 1.2644, true
2018-10-04 05:09:00, 2018-10-04 05:09:59, true, 0.0662, 0.1259, -1.3519, true
2018-10-04 05:10:00, 2018-10-04 05:10:58, true, 0.0029, 0.0699, -0.0558, true
2018-10-04 05:11:00, 2018-10-04 05:11:58, true, 0.0076, 0.0191, 0.1311, true
2018-10-04 05:12:00, 2018-10-04 05:12:59, false, -0.0085, 0.0105, -0.2619, true
2018-10-04 05:13:01, 2018-10-04 05:13:59, false, -0.0270, 0.0041, 0.1463, true
2018-10-04 05:14:01, 2018-10-04 05:14:59, false, -0.0361, 0.0086, -0.0094, true
2018-10-04 05:15:00, 2018-10-04 05:15:59, false, -0.0487, 0.0112, 0.1980, true
2018-10-04 05:16:00, 2018-10-04 05:16:58, true, 0.0402, 0.0744, -0.3006, true
2018-10-04 05:17:00, 2018-10-04 05:17:59, false, -0.0003, 0.0701, -0.0102, true
2018-10-04 05:18:00, 2018-10-04 05:18:59, true, 0.0138, 0.0173, 0.6301, true
2018-10-04 05:19:00, 2018-10-04 05:19:58, true, 0.0073, 0.0250, -0.3505, true
2018-10-04 05:20:00, 2018-10-04 05:20:59, false, -0.0622, 0.0130, 0.1690, true
2018-10-04 05:21:00, 2018-10-04 05:21:59, false, -0.0258, 0.0006, -0.4531, true
2018-10-04 05:22:00, 2018-10-04 05:22:59, true, 0.0099, 0.0099, 0.1053, true
2018-10-04 05:23:00, 2018-10-04 05:23:59, true, 0.0179, 0.0452, -0.1510, true
2018-10-04 05:24:00, 2018-10-04 05:24:59, true, 0.0350, 0.0601, -0.2843, true
2018-10-04 05:25:00, 2018-10-04 05:25:59, true, 0.0158, 0.0587, 0.2803, true
2018-10-04 05:26:00, 2018-10-04 05:26:59, false, -0.0061, 0.0061, -0.3308, true
2018-10-04 05:27:00, 2018-10-04 05:27:59, true, 0.0441, 0.0455, 0.7048, true
2018-10-04 05:28:00, 2018-10-04 05:28:58, true, 0.1310, 0.1910, 0.4171, true
2018-10-04 05:29:00, 2018-10-04 05:29:59, false, -0.0459, 0.1348, -0.5745, true
2018-10-04 05:30:00, 2018-10-04 05:30:59, false, -0.0203, -0.0014, 0.1617, true
2018-10-04 05:31:00, 2018-10-04 05:31:59, false, -0.0544, 0.0099, -0.1205, true
2018-10-04 05:32:00, 2018-10-04 05:32:59, true, 0.0055, 0.0070, -0.4073, true
2018-10-04 05:33:00, 2018-10-04 05:33:59, true, 0.0030, 0.0183, -0.0970, true
2018-10-04 05:34:00, 2018-10-04 05:34:59, false, -0.0174, 0.0152, 0.0089, true
2018-10-04 05:35:00, 2018-10-04 05:35:59, true, 0.0174, 0.0236, 0.0095, true
2018-10-04 05:36:00, 2018-10-04 05:36:58, true, 0.0008, 0.0241, -0.0373, true
2018-10-04 05:37:00, 2018-10-04 05:37:58, false, -0.0077, 0.0061, -0.0240, true
2018-10-04 05:38:00, 2018-10-04 05:38:59, false, 0.0000, 0.0162, 0.1529, true
2018-10-04 05:39:00, 2018-10-04 05:39:59, false, -0.0350, 0.0000, -0.0475, true
2018-10-04 05:40:00, 2018-10-04 05:40:59, false, -0.0309, 0.0055, 0.1993, true
2018-10-04 05:41:00, 2018-10-04 05:41:58, true, 0.0171, 0.0508, -0.1277, true
2018-10-04 05:42:00, 2018-10-04 05:42:59, false, -0.0545, 0.0398, 0.1435, true
2018-10-04 05:43:00, 2018-10-04 05:43:59, true, 0.0024, 0.0041, -0.0895, true
2018-10-04 05:44:00, 2018-10-04 05:44:59, false, -0.0452, 0.0184, -0.0275, true
2018-10-04 05:45:00, 2018-10-04 05:45:59, false, -0.0020, -0.0020, 0.0956, true
2018-10-04 05:46:00, 2018-10-04 05:46:59, true, 0.0035, 0.0085, 0.0975, true
2018-10-04 05:47:01, 2018-10-04 05:47:59, false, -0.0126, 0.0053, -0.1992, true
2018-10-04 05:48:00, 2018-10-04 05:48:59, false, -0.0384, -0.0049, -0.1021, true
2018-10-04 05:49:00, 2018-10-04 05:49:59, false, -0.1070, -0.0049, -0.0940, true
2018-10-04 05:50:00, 2018-10-04 05:50:59, true, 0.0117, 0.0120, -0.0692, true
2018-10-04 05:51:00, 2018-10-04 05:51:59, false, -0.0222, 0.0234, 0.2845, true
2018-10-04 05:52:00, 2018-10-04 05:52:59, true, 0.0044, 0.0070, 0.0278, true
2018-10-04 05:53:00, 2018-10-04 05:53:59, false, -0.0096, 0.0040, -0.1782, true
2018-10-04 05:54:01, 2018-10-04 05:54:59, false, -0.1317, 0.0065, 0.3055, true
2018-10-04 05:55:00, 2018-10-04 05:55:59, false, -0.0236, 0.0017, 0.2627, true
2018-10-04 05:56:00, 2018-10-04 05:56:59, true, 0.0064, 0.0084, -0.1273, true
2018-10-04 05:57:00, 2018-10-04 05:57:59, false, -0.0215, 0.0078, 0.0311, true
2018-10-04 05:58:01, 2018-10-04 05:58:59, true, 0.0323, 0.0395, 0.1582, true
2018-10-04 05:59:00, 2018-10-04 05:59:59, false, -0.0680, 0.0699, -0.4311, true
2018-10-04 06:00:00, 2018-10-04 06:00:59, false, -0.0047, 0.0008, 0.7839, true
2018-10-04 06:01:00, 2018-10-04 06:01:59, false, -0.0037, 0.0008, -0.7966, true
2018-10-04 06:02:00, 2018-10-04 06:02:59, true, 0.0265, 0.0270, -0.0416, true
2018-10-04 06:03:00, 2018-10-04 06:03:57, true, 0.0166, 0.0481, -0.1584, true
2018-10-04 06:04:00, 2018-10-04 06:04:59, true, 0.1731, 0.1907, 0.3158, true
2018-10-04 06:05:00, 2018-10-04 06:05:59, true, 0.0036, 0.1835, -0.2457, true
2018-10-04 06:06:00, 2018-10-04 06:06:59, true, 0.0021, 0.0109, -0.0126, true
2018-10-04 06:07:00, 2018-10-04 06:07:59, true, 0.0173, 0.0196, 0.2379, true
2018-10-04 06:08:03, 2018-10-04 06:08:59, true, 0.0059, 0.0249, 0.1538, true
2018-10-04 06:09:00, 2018-10-04 06:09:57, false, -0.0187, 0.0065, -0.4168, true
2018-10-04 06:10:00, 2018-10-04 06:10:59, true, 0.0167, 0.0262, 0.4245, true
2018-10-04 06:11:00, 2018-10-04 06:11:59, true, 0.0111, 0.0296, -0.0797, true
2018-10-04 06:12:00, 2018-10-04 06:12:50, true, 0.0415, 0.0511, -0.4019, true
