2018-10-04 06:12:51, 2018-10-04 06:12:59, true, 0.0415, 0.0511, -0.4019, true
2018-10-04 06:13:00, 2018-10-04 06:13:58, true, 0.0044, 0.0353, 0.0006, true
2018-10-04 06:14:00, 2018-10-04 06:14:59, true, 0.0103, 0.0220, 0.1474, true
2018-10-04 06:15:00, 2018-10-04 06:15:59, true, 0.0339, 0.0892, -0.1759, true
2018-10-04 06:16:00, 2018-10-04 06:16:59, true, 0.0290, 0.0627, 0.0024, true
2018-10-04 06:17:00, 2018-10-04 06:17:59, false, -0.0003, 0.0402, 0.0797, true
2018-10-04 06:18:00, 2018-10-04 06:18:59, false, -0.0008, 0.0164, -0.0058, true
2018-10-04 06:19:00, 2018-10-04 06:19:59, false, -0.0520, 0.0023, -0.0219, true
2018-10-04 06:20:00, 2018-10-04 06:20:59, false, -0.0147, 0.0005, 0.0003, true
2018-10-04 06:21:00, 2018-10-04 06:21:59, false, -0.0030, 0.0173, 0.0974, true
2018-10-04 06:22:00, 2018-10-04 06:22:59, false, -0.0217, 0.0153, -0.0188, true
2018-10-04 06:23:00, 2018-10-04 06:23:59, false, -0.0126, 0.0021, 0.1947, true
2018-10-04 06:24:00, 2018-10-04 06:24:59, true, 0.0158, 0.0196, -0.2222, true
2018-10-04 06:25:00, 2018-10-04 06:25:59, false, -0.0097, 0.0251, -0.0655, true
2018-10-04 06:26:00, 2018-10-04 06:26:59, false, -0.0304, -0.0073, 0.0906, true
2018-10-04 06:27:00, 2018-10-04 06:27:59, true, 0.0226, 0.0313, 0.1178, true
2018-10-04 06:28:00, 2018-10-04 06:28:59, false, -0.0255, 0.0219, -0.1248, true
2018-10-04 06:29:00, 2018-10-04 06:29:59, true, 0.0143, 0.0143, -0.0979, true
2018-10-04 06:30:00, 2018-10-04 06:30:59, true, 0.0006, 0.0149, 0.0008, true
2018-10-04 06:31:00, 2018-10-04 06:31:59, true, 0.0018, 0.0065, 0.0640, true
2018-10-04 06:32:00, 2018-10-04 06:32:59, true, 0.0216, 0.0400, 0.4804, true
2018-10-04 06:33:00, 2018-10-04 06:33:59, true, 0.0366, 0.0617, -0.3751, true
2018-10-04 06:34:01, 2018-10-04 06:34:59, true, 0.0068, 0.0472, -0.2686, true
2018-10-04 06:35:00, 2018-10-04 06:35:58, false, -0.0003, 0.0158, 0.1147, true
2018-10-04 06:36:00, 2018-10-04 06:36:59, false, -0.0006, 0.0008, 0.0053, true
2018-10-04 06:37:00, 2018-10-04 06:37:59, true, 0.0026, 0.0070, -0.0074, true
2018-10-04 06:38:02, 2018-10-04 06:38:58, true, 0.0085, 0.0178, 0.0222, true
2018-10-04 06:39:00, 2018-10-04 06:39:59, false, -0.0053, 0.0205, 0.0039, true
2018-10-04 06:40:00, 2018-10-04 06:40:58, false, -0.0035, 0.0039, -0.0068, true
2018-10-04 06:41:00, 2018-10-04 06:41:59, false, -0.0102, 0.0050, 0.0184, true
2018-10-04 06:42:00, 2018-10-04 06:42:59, false, -0.0293, 0.0017, 0.4376, true
2018-10-04 06:43:00, 2018-10-04 06:43:58, false, -0.0237, 0.0000, 0.1938, true
2018-10-04 06:44:00, 2018-10-04 06:44:59, false, -0.0155, 0.0120, -0.2951, true
2018-10-04 06:45:00, 2018-10-04 06:45:59, false, -0.0137, 0.0058, -0.1764, true
2018-10-04 06:46:00, 2018-10-04 06:46:58, true, 0.0375, 0.0376, 0.0737, true
2018-10-04 06:47:00, 2018-10-04 06:47:57, true, 0.0093, 0.0614, 0.0837, true
2018-10-04 06:48:00, 2018-10-04 06:48:59, true, 0.0096, 0.0193, -0.2114, true
2018-10-04 06:49:00, 2018-10-04 06:49:59, true, 0.0099, 0.0498, -0.0631, true
2018-10-04 06:50:00, 2018-10-04 06:50:59, true, 0.0410, 0.1269, 0.1306, true
2018-10-04 06:51:00, 2018-10-04 06:51:58, false, -0.0273, 0.0530, -0.1015, true
2018-10-04 06:52:00, 2018-10-04 06:52:58, true, 0.0178, 0.0178, 0.1616, true
2018-10-04 06:53:00, 2018-10-04 06:53:59, true, 0.0123, 0.0345, 0.0298, true
2018-10-04 06:54:00, 2018-10-04 06:54:59, false, -0.0144, 0.0184, 0.5157, true
2018-10-04 06:55:00, 2018-10-04 06:55:58, true, 0.0407, 0.0479, -0.3445, true
2018-10-04 06:56:00, 2018-10-04 06:56:59, false, -0.0131, 0.0471, 0.0207, true
2018-10-04 06:57:00, 2018-10-04 06:57:59, false, -0.0292, -0.0123, 0.2938, true
2018-10-04 06:58:00, 2018-10-04 06:58:57, false, -0.0245, 0.0160, 0.0479, true
2018-10-04 06:59:00, 2018-10-04 06:59:59, false, -0.0208, 0.0278, -0.0213, true
2018-10-04 07:00:00, 2018-10-04 07:00:59, true, 0.0143, 0.0494, -0.7860, true
2018-10-04 07:01:00, 2018-10-04 07:01:59, true, 0.0023, 0.0205, -0.1018, true
2018-10-04 07:02:00, 2018-10-04 07:02:59, false, -0.0024, 0.0147, 0.0261, true
2018-10-04 07:03:00, 2018-10-04 07:03:59, true, 0.0178, 0.0181, -0.0640, true
2018-10-04 07:04:00, 2018-10-04 07:04:59, false, -0.0640, 0.0260, 0.0629, true
2018-10-04 07:05:00, 2018-10-04 07:05:59, true, 0.0021, 0.0021, -0.0470, true
2018-10-04 07:06:01, 2018-10-04 07:06:59, false, -0.0002, 0.0032, 0.2391, true
2018-10-04 07:07:00, 2018-10-04 07:07:58, true, 0.0438, 0.0485, -0.2209, true
2018-10-04 07:08:00, 2018-10-04 07:08:59, false, -0.0090, 0.0640, 0.1308, true
2018-10-04 07:09:00, 2018-10-04 07:09:59, true, 0.0074, 0.0153, 0.5435, true
2018-10-04 07:10:01, 2018-10-04 07:10:59, false, -0.0217, 0.0064, -0.4181, true
2018-10-04 07:11:01, 2018-10-04 07:11:58, true, 0.0234, 0.0236, 0.1190, true
2018-10-04 07:12:00, 2018-10-04 07:12:59, false, -0.0217, 0.0236, -0.2318, true
2018-10-04 07:13:00, 2018-10-04 07:13:59, false, 0.0000, 0.0067, 0.0006, true
2018-10-04 07:14:01, 2018-10-04 07:14:59, true, 0.0325, 0.0471, -0.0480, true
2018-10-04 07:15:00, 2018-10-04 07:15:59, false, -0.0074, 0.0325, 0.0380, true
2018-10-04 07:16:00, 2018-10-04 07:16:59, true, 0.0132, 0.0248, -0.0287, true
2018-10-04 07:17:00, 2018-10-04 07:17:59, true, 0.0178, 0.0324, 0.0114, true
2018-10-04 07:18:00, 2018-10-04 07:18:59, false, -0.0299, 0.0187, -0.0539, true
2018-10-04 07:19:00, 2018-10-04 07:19:59, true, 0.0105, 0.0126, 0.1088, true
2018-10-04 07:20:00, 2018-10-04 07:20:59, false, -0.0477, 0.0105, 0.2668, true
2018-10-04 07:21:00, 2018-10-04 07:21:58, true, 0.0330, 0.0382, 0.2033, true
2018-10-04 07:22:00, 2018-10-04 07:22:59, true, 0.0243, 0.0629, -0.3988, true
2018-10-04 07:23:00, 2018-10-04 07:23:58, true, 0.0269, 0.0564, -0.0972, true
2018-10-04 07:24:00, 2018-10-04 07:24:58, true, 0.0515, 0.1101, 0.0742, true
2018-10-04 07:25:00, 2018-10-04 07:25:59, true, 0.0070, 0.0612, -0.1425, true
2018-10-04 07:26:00, 2018-10-04 07:26:58, true, 0.0171, 0.0369, 0.3536, true
2018-10-04 07:27:00, 2018-10-04 07:27:58, true, 0.0020, 0.0320, -0.3701, true
2018-10-04 07:28:01, 2018-10-04 07:28:58, false, -0.0220, 0.0117, 0.3046, true
2018-10-04 07:29:00, 2018-10-04 07:29:59, false, -0.0491, 0.0076, 0.3345, true
2018-10-04 07:30:00, 2018-10-04 07:30:59, false, -0.0091, 0.0008, -0.0951, true
2018-10-04 07:31:00, 2018-10-04 07:31:59, false, -0.0717, 0.0002, -0.5240, true
2018-10-04 07:32:00, 2018-10-04 07:32:59, false, -0.0313, 0.0000, 0.4286, true
2018-10-04 07:33:00, 2018-10-04 07:33:59, true, 0.0064, 0.0214, -0.2543, true
2018-10-04 07:34:00, 2018-10-04 07:34:59, false, -0.0100, 0.0085, 0.3561, true
2018-10-04 07:35:00, 2018-10-04 07:35:59, true, 0.0002, 0.0011, -0.2902, true
2018-10-04 07:36:00, 2018-10-04 07:36:58, false, -0.0106, 0.0014, 0.2416, true
2018-10-04 07:37:00, 2018-10-04 07:37:58, true, 0.0024, 0.0088, -0.4732, true
2018-10-04 07:38:00, 2018-10-04 07:38:58, false, -0.0262, 0.0157, -0.0082, true
2018-10-04 07:39:00, 2018-10-04 07:39:59, true, 0.0085, 0.0085, 0.6220, true
2018-10-04 07:40:00, 2018-10-04 07:40:59, false, -0.0181, 0.0875, -0.3650, true
2018-10-04 07:41:00, 2018-10-04 07:41:59, true, 0.0445, 0.0545, -0.0365, true
2018-10-04 07:42:00, 2018-10-04 07:42:59, false, -0.0207, 0.0557, 0.2539, true
2018-10-04 07:43:00, 2018-10-04 07:43:59, false, -0.2775, 0.0000, 2.0967, true
2018-10-04 07:44:00, 2018-10-04 07:44:58, true, 0.2394, 0.2530, -1.9017, true
2018-10-04 07:45:00, 2018-10-04 07:45:57, false, -0.1498, 0.3553, 1.7487, true
2018-10-04 07:46:00, 2018-10-04 07:46:59, true, 0.0865, 0.0958, -1.8860, true
2018-10-04 07:47:00, 2018-10-04 07:47:59, true, 0.0082, 0.1137, -0.3304, true
2018-10-04 07:48:00, 2018-10-04 07:48:59, false, -0.0032, 0.0391, 0.2819, true
2018-10-04 07:49:01, 2018-10-04 07:49:59, false, -0.0137, 0.0006, -0.2743, true
2018-10-04 07:50:00, 2018-10-04 07:50:58, false, -0.0789, 0.0023, 0.7660, true
2018-10-04 07:51:00, 2018-10-04 07:51:59, false, -0.0082, 0.0190, -0.6017, true
2018-10-04 07:52:00, 2018-10-04 07:52:59, false, -0.0247, 0.0078, -0.1800, true
2018-10-04 07:53:00, 2018-10-04 07:53:59, false, -0.0088, 0.0034, 0.0767, true
2018-10-04 07:54:00, 2018-10-04 07:54:57, false, -0.0069, 0.0032, -0.0197, true
2018-10-04 07:55:00, 2018-10-04 07:55:59, false, -0.0123, 0.0093, 0.1017, true
2018-10-04 07:56:00, 2018-10-04 07:56:59, true, 0.0390, 0.0396, -0.0773, true
2018-10-04 07:57:00, 2018-10-04 07:57:58, false, -0.0145, 0.0419, 0.3137, true
2018-10-04 07:58:00, 2018-10-04 07:58:59, true, 0.0299, 0.0558, -0.1460, true
2018-10-04 07:59:00, 2018-10-04 07:59:59, true, 0.0649, 0.1012, 0.4416, true
2018-10-04 08:00:00, 2018-10-04 08:00:59, true, 0.0186, 0.0874, -0.4480, true
2018-10-04 08:01:00, 2018-10-04 08:01:58, false, -0.0030, 0.0510, -0.0550, true
2018-10-04 08:02:00, 2018-10-04 08:02:59, true, 0.0525, 0.0684, 0.1730, true
2018-10-04 08:03:00, 2018-10-04 08:03:59, true, 0.0333, 0.0940, -0.1053, true
2018-10-04 08:04:00, 2018-10-04 08:04:57, false, -0.0011, 0.0467, -0.0446, true
2018-10-04 08:05:00, 2018-10-04 08:05:59, true, 0.0008, 0.0058, -0.0114, true
2018-10-04 08:06:00, 2018-10-04 08:06:59, false, -0.0017, 0.0073, -0.1392, true
2018-10-04 08:07:00, 2018-10-04 08:07:59, false, -0.0237, 0.0049, -0.0376, true
2018-10-04 08:08:00, 2018-10-04 08:08:58, false, -0.0236, 0.0000, -0.1053, true
2018-10-04 08:09:00, 2018-10-04 08:09:59, true, 0.0015, 0.0187, 0.0470, true
2018-10-04 08:10:01, 2018-10-04 08:10:59, false, -0.0046, 0.0224, 0.0233, true
2018-10-04 08:11:00, 2018-10-04 08:11:59, false, -0.0120, 0.0003, -0.0959, true
2018-10-04 08:12:00, 2018-10-04 08:12:59, false, -0.0050, 0.0067, -0.0580, true
2018-10-04 08:13:00, 2018-10-04 08:13:59, false, -0.0245, 0.0093, 0.1690, true
2018-10-04 08:14:00, 2018-10-04 08:14:59, false, -0.0102, 0.0000, -0.0469, true
2018-10-04 08:15:00, 2018-10-04 08:15:59, false, -0.0069, 0.0078, -0.0242, true
2018-10-04 08:16:00, 2018-10-04 08:16:59, true, 0.0035, 0.0235, -0.0002, true
2018-10-04 08:17:02, 2018-10-04 08:17:59, false, -0.0105, 0.0126, -0.0429, true
2018-10-04 08:18:00, 2018-10-04 08:18:59, true, 0.0018, 0.0084, 0.0317, true
2018-10-04 08:19:00, 2018-10-04 08:19:59, false, -0.0032, 0.0030, 0.1028, true
2018-10-04 08:20:00, 2018-10-04 08:20:59, false, -0.0114, 0.0018, -0.1788, true
2018-10-04 08:21:00, 2018-10-04 08:21:59, false, -0.0119, 0.0009, 0.3467, true
2018-10-04 08:22:00, 2018-10-04 08:22:59, true, 0.0117, 0.0117, -0.3334, true
2018-10-04 08:23:00, 2018-10-04 08:23:59, true, 0.0041, 0.0250, 0.0938, true
2018-10-04 08:24:00, 2018-10-04 08:24:59, false, -0.0189, 0.0059, -0.1232, true
2018-10-04 08:25:00, 2018-10-04 08:25:59, true, 0.0055, 0.0107, 0.2134, true
2018-10-04 08:26:01, 2018-10-04 08:26:59, true, 0.0021, 0.0093, -0.1525, true
2018-10-04 08:27:00, 2018-10-04 08:27:59, true, 0.0309, 0.0381, 0.4050, true
2018-10-04 08:28:00, 2018-10-04 08:28:59, true, 0.0218, 0.0559, -0.0979, true
2018-10-04 08:29:00, 2018-10-04 08:29:59, true, 0.0108, 0.0356, -0.3873, true
2018-10-04 08:30:00, 2018-10-04 08:30:59, true, 0.0128, 0.0301, -0.0205, true
2018-10-04 08:31:00, 2018-10-04 08:31:59, true, 0.0002, 0.0175, 0.0254, true
2018-10-04 08:32:00, 2018-10-04 08:32:59, true, 0.0046, 0.0108, 0.1872, true
2018-10-04 08:33:00, 2018-10-04 08:33:59, true, 0.0389, 0.0644, -0.0762, true
2018-10-04 08:34:00, 2018-10-04 08:34:59, false, -0.0531, 0.0510, 0.0251, true
2018-10-04 08:35:00, 2018-10-04 08:35:59, true, 0.0006, 0.0047, -0.1586, true
2018-10-04 08:36:01, 2018-10-04 08:36:58, false, -0.0277, 0.0023, 0.6058, true
2018-10-04 08:37:00, 2018-10-04 08:37:59, false, -0.0236, -0.0002, -0.2211, true
2018-10-04 08:38:00, 2018-10-04 08:38:59, false, -0.0040, 0.0000, -0.4277, true
2018-10-04 08:39:00, 2018-10-04 08:39:59, false, -0.0209, 0.0081, 0.2034, true
2018-10-04 08:40:00, 2018-10-04 08:40:59, false, -0.0161, 0.0069, -0.0587, true
2018-10-04 08:41:00, 2018-10-04 08:41:59, false, -0.0244, 0.0075, -0.0745, true
2018-10-04 08:42:00, 2018-10-04 08:42:59, false, -0.0076, 0.0058, 0.1228, true
2018-10-04 08:43:00, 2018-10-04 08:43:59, true, 0.0350, 0.0404, 0.1251, true
2018-10-04 08:44:00, 2018-10-04 08:44:58, false, -0.0059, 0.0366, -0.1709, true
2018-10-04 08:45:00, 2018-10-04 08:45:58, false, -0.0020, 0.0000, 0.1374, true
2018-10-04 08:46:01, 2018-10-04 08:46:58, true, 0.0069, 0.0122, -0.1578, true
2018-10-04 08:47:00, 2018-10-04 08:47:59, false, -0.0293, 0.0088, 0.1455, true
2018-10-04 08:48:00, 2018-10-04 08:48:59, true, 0.0081, 0.0134, -0.0413, true
2018-10-04 08:49:01, 2018-10-04 08:49:59, true, 0.0002, 0.0318, -0.1638, true
2018-10-04 08:50:00, 2018-10-04 08:50:59, true, 0.0165, 0.0166, 0.1018, true
2018-10-04 08:51:00, 2018-10-04 08:51:59, false, -0.0213, 0.0273, 0.1346, true
2018-10-04 08:52:03, 2018-10-04 08:52:59, false, -0.0029, 0.0072, -0.0032, true
2018-10-04 08:53:00, 2018-10-04 08:53:59, false, -0.0302, 0.0116, -0.0279, true
2018-10-04 08:54:00, 2018-10-04 08:54:59, false, -0.0142, 0.0035, 0.0050, true
2018-10-04 08:55:00, 2018-10-04 08:55:59, false, -0.0073, 0.0005, -0.0573, true
2018-10-04 08:56:00, 2018-10-04 08:56:59, false, -0.0005, 0.0029, 0.0935, true
2018-10-04 08:57:02, 2018-10-04 08:57:59, true, 0.0023, 0.0044, -0.2074, true
2018-10-04 08:58:00, 2018-10-04 08:58:58, false, -0.0430, 0.0041, 0.3257, true
2018-10-04 08:59:00, 2018-10-04 08:59:57, false, -0.0227, -0.0006, 0.1024, true
2018-10-04 09:00:00, 2018-10-04 09:00:59, true, 0.0017, 0.0085, -0.0751, true
2018-10-04 09:01:00, 2018-10-04 09:01:59, false, 0.0000, 0.0108, -0.1411, true
2018-10-04 09:02:00, 2018-10-04 09:02:59, false, -0.0206, 0.0195, 0.3385, true
2018-10-04 09:03:01, 2018-10-04 09:03:58, true, 0.0647, 0.0658, -0.1867, true
2018-10-04 09:04:00, 2018-10-04 09:04:59, false, -0.0035, 0.0868, 0.0880, true
2018-10-04 09:05:00, 2018-10-04 09:05:59, true, 0.0110, 0.0110, -0.2688, true
2018-10-04 09:06:00, 2018-10-04 09:06:59, false, -0.0056, 0.0120, 0.4732, true
2018-10-04 09:07:00, 2018-10-04 09:07:58, true, 0.0441, 0.0494, -0.4125, true
2018-10-04 09:08:00, 2018-10-04 09:08:59, false, -0.0040, 0.0500, -0.0559, true
2018-10-04 09:09:00, 2018-10-04 09:09:59, true, 0.0017, 0.0140, 1.0884, true
2018-10-04 09:10:00, 2018-10-04 09:10:59, true, 0.0296, 0.0326, -0.4276, true
2018-10-04 09:11:00, 2018-10-04 09:11:59, false, -0.0015, 0.0308, -0.4486, true
2018-10-04 09:12:00, 2018-10-04 09:12:59, true, 0.0030, 0.0037, 0.0447, true
2018-10-04 09:13:00, 2018-10-04 09:13:58, true, 0.0300, 0.0360, 0.3288, true
2018-10-04 09:14:00, 2018-10-04 09:14:59, true, 0.0078, 0.0492, -0.4003, true
2018-10-04 09:15:00, 2018-10-04 09:15:59, true, 0.0090, 0.0163, 0.0370, true
2018-10-04 09:16:00, 2018-10-04 09:16:59, true, 0.0009, 0.0264, -0.3940, true
2018-10-04 09:17:00, 2018-10-04 09:17:58, false, -0.0002, 0.0041, 0.0480, true
2018-10-04 09:18:01, 2018-10-04 09:18:59, true, 0.0128, 0.0215, 0.0075, true
2018-10-04 09:19:00, 2018-10-04 09:19:58, false, -0.0087, 0.0136, 0.2675, true
2018-10-04 09:20:00, 2018-10-04 09:20:58, false, -0.0055, 0.0027, -0.2664, true
2018-10-04 09:21:00, 2018-10-04 09:21:59, false, -0.0015, 0.0027, 0.0746, true
2018-10-04 09:22:00, 2018-10-04 09:22:59, true, 0.0003, 0.0027, -0.0059, true
2018-10-04 09:23:00, 2018-10-04 09:23:59, true, 0.0248, 0.0318, -0.0739, true
2018-10-04 09:24:00, 2018-10-04 09:24:59, false, -0.0168, 0.0260, -0.0003, true
2018-10-04 09:25:00, 2018-10-04 09:25:59, true, 0.0152, 0.0337, 0.1162, true
2018-10-04 09:26:00, 2018-10-04 09:26:59, false, -0.0040, 0.0168, -0.1969, true
2018-10-04 09:27:00, 2018-10-04 09:27:59, false, -0.0021, 0.0000, 0.0134, true
2018-10-04 09:28:00, 2018-10-04 09:28:59, false, -0.0241, 0.0056, 0.0145, true
2018-10-04 09:29:00, 2018-10-04 09:29:59, false, -0.0250, 0.0110, 0.3331, true
2018-10-04 09:30:00, 2018-10-04 09:30:59, true, 0.0294, 0.0401, -0.2349, true
2018-10-04 09:31:00, 2018-10-04 09:31:57, false, -0.0229, 0.0306, 0.8081, true
2018-10-04 09:32:00, 2018-10-04 09:32:59, false, -0.0154, 0.0011, -0.5775, true
2018-10-04 09:33:00, 2018-10-04 09:33:58, false, -0.0053, 0.0032, 0.4023, true
2018-10-04 09:34:01, 2018-10-04 09:34:59, false, -0.0104, 0.0015, -0.5895, true
2018-10-04 09:35:00, 2018-10-04 09:35:59, false, -0.0024, 0.0076, -0.2158, true
2018-10-04 09:36:00, 2018-10-04 09:36:59, true, 0.0099, 0.0105, -0.0351, true
2018-10-04 09:37:00, 2018-10-04 09:37:59, false, -0.0027, 0.0139, 0.0015, true
2018-10-04 09:38:00, 2018-10-04 09:38:59, false, -0.0046, 0.0075, 0.0838, true
2018-10-04 09:39:00, 2018-10-04 09:39:59, true, 0.0067, 0.0067, -0.0489, true
2018-10-04 09:40:00, 2018-10-04 09:40:58, true, 0.0032, 0.0117, 0.0730, true
2018-10-04 09:41:00, 2018-10-04 09:41:58, false, -0.0027, 0.0034, -0.0200, true
2018-10-04 09:42:00, 2018-10-04 09:42:59, true, 0.0055, 0.0369, -0.0285, true
2018-10-04 09:43:00, 2018-10-04 09:43:59, true, 0.0006, 0.0145, 0.0247, true
2018-10-04 09:44:00, 2018-10-04 09:44:59, true, 0.0102, 0.0116, -0.0329, true
2018-10-04 09:45:00, 2018-10-04 09:45:59, false, -0.0009, 0.0163, -0.0082, true
2018-10-04 09:46:00, 2018-10-04 09:46:59, false, -0.0029, 0.0049, 0.0222, true
2018-10-04 09:47:01, 2018-10-04 09:47:59, true, 0.0084, 0.0136, -0.0695, true
2018-10-04 09:48:00, 2018-10-04 09:48:59, true, 0.0120, 0.0206, 0.0640, true
2018-10-04 09:49:00, 2018-10-04 09:49:59, true, 0.0017, 0.0178, 0.0302, true
2018-10-04 09:50:00, 2018-10-04 09:50:58, false, -0.0162, 0.0110, 0.1838, true
2018-10-04 09:51:00, 2018-10-04 09:51:59, false, -0.0268, 0.0018, -0.1672, true
2018-10-04 09:52:00, 2018-10-04 09:52:59, true, 0.0166, 0.0274, -0.0041, true
2018-10-04 09:53:00, 2018-10-04 09:53:59, true, 0.0209, 0.0392, 0.1874, true
2018-10-04 09:54:00, 2018-10-04 09:54:59, true, 0.0037, 0.0414, -0.1309, true
2018-10-04 09:55:00, 2018-10-04 09:55:59, true, 0.0034, 0.0082, 0.0174, true
2018-10-04 09:56:01, 2018-10-04 09:56:59, true, 0.0038, 0.0088, -0.0193, true
2018-10-04 09:57:00, 2018-10-04 09:57:59, false, -0.0032, 0.0108, 0.0014, true
2018-10-04 09:58:00, 2018-10-04 09:58:59, false, -0.0082, 0.0073, 0.6649, true
2018-10-04 09:59:00, 2018-10-04 09:59:59, false, -0.0075, 0.0212, -0.5676, true
2018-10-04 10:00:00, 2018-10-04 10:00:59, false, -0.0082, 0.0038, -0.0194, true
2018-10-04 10:01:00, 2018-10-04 10:01:59, true, 0.0003, 0.0046, 0.4178, true
2018-10-04 10:02:00, 2018-10-04 10:02:59, true, 0.0062, 0.0094, -0.1079, true
2018-10-04 10:03:00, 2018-10-04 10:03:58, true, 0.0035, 0.0190, -0.0369, true
2018-10-04 10:04:00, 2018-10-04 10:04:59, true, 0.0017, 0.0136, 0.2979, true
2018-10-04 10:05:00, 2018-10-04 10:05:59, false, -0.0053, 0.0094, -0.3847, true
2018-10-04 10:06:00, 2018-10-04 10:06:59, false, -0.0062, 0.0047, 0.2955, true
2018-10-04 10:07:00, 2018-10-04 10:07:59, true, 0.0084, 0.0099, -0.2866, true
2018-10-04 10:08:00, 2018-10-04 10:08:59, false, -0.0229, 0.0096, -0.2893, true
2018-10-04 10:09:00, 2018-10-04 10:09:59, true, 0.0055, 0.0280, 0.0617, true
2018-10-04 10:10:00, 2018-10-04 10:10:59, true, 0.0055, 0.0226, 0.4299, true
2018-10-04 10:11:00, 2018-10-04 10:11:59, true, 0.0032, 0.0120, -0.0236, true
2018-10-04 10:12:00, 2018-10-04 10:12:59, true, 0.0094, 0.0126, -0.0171, true
2018-10-04 10:13:00, 2018-10-04 10:13:59, true, 0.0256, 0.0396, 0.0934, true
2018-10-04 10:14:00, 2018-10-04 10:14:59, true, 0.0088, 0.0725, -0.5763, true
2018-10-04 10:15:00, 2018-10-04 10:15:59, true, 0.0047, 0.0251, 0.2492, true
2018-10-04 10:16:00, 2018-10-04 10:16:59, true, 0.0037, 0.0085, -0.3139, true
2018-10-04 10:17:00, 2018-10-04 10:17:59, true, 0.0094, 0.0131, 0.1713, true
2018-10-04 10:18:00, 2018-10-04 10:18:59, true, 0.0049, 0.0148, 0.2679, true
2018-10-04 10:19:00, 2018-10-04 10:19:59, false, -0.0020, 0.0062, -0.0274, true
2018-10-04 10:20:00, 2018-10-04 10:20:59, true, 0.0096, 0.0148, -0.0719, true
2018-10-04 10:21:00, 2018-10-04 10:21:58, false, -0.0292, 0.0094, -0.3096, true
2018-10-04 10:22:00, 2018-10-04 10:22:59, true, 0.0024, 0.0114, 0.0335, true
2018-10-04 10:23:00, 2018-10-04 10:23:59, true, 0.0145, 0.0225, 0.3585, true
2018-10-04 10:24:00, 2018-10-04 10:24:59, true, 0.0043, 0.0247, -0.2397, true
2018-10-04 10:25:00, 2018-10-04 10:25:58, false, -0.0047, 0.0101, 0.0830, true
2018-10-04 10:26:00, 2018-10-04 10:26:59, true, 0.0049, 0.0059, -0.2835, true
2018-10-04 10:27:00, 2018-10-04 10:27:59, true, 0.0224, 0.0373, 0.0158, true
2018-10-04 10:28:00, 2018-10-04 10:28:59, true, 0.0035, 0.0265, 0.0113, true
2018-10-04 10:29:00, 2018-10-04 10:29:59, false, -0.0107, 0.0180, 0.3374, true
2018-10-04 10:30:00, 2018-10-04 10:30:58, false, -0.0040, 0.0245, 0.1093, true
2018-10-04 10:31:00, 2018-10-04 10:31:59, false, -0.0081, 0.0005, -0.4108, true
2018-10-04 10:32:01, 2018-10-04 10:32:59, true, 0.0110, 0.0132, 0.2474, true
2018-10-04 10:33:00, 2018-10-04 10:33:59, true, 0.0020, 0.0202, -0.1384, true
2018-10-04 10:34:00, 2018-10-04 10:34:59, true, 0.0096, 0.0123, -0.0308, true
2018-10-04 10:35:00, 2018-10-04 10:35:59, false, -0.0038, 0.0161, -0.1019, true
2018-10-04 10:36:00, 2018-10-04 10:36:57, false, -0.0005, 0.0009, -0.0688, true
2018-10-04 10:37:00, 2018-10-04 10:37:59, true, 0.0065, 0.0148, 0.2404, true
2018-10-04 10:38:00, 2018-10-04 10:38:59, true, 0.0373, 0.0452, 1.6481, true
2018-10-04 10:39:00, 2018-10-04 10:39:59, true, 0.0180, 0.0609, -1.5667, true
2018-10-04 10:40:00, 2018-10-04 10:40:59, true, 0.0170, 0.0386, -0.1375, true
2018-10-04 10:41:00, 2018-10-04 10:41:58, true, 0.0035, 0.0260, 0.3321, true
2018-10-04 10:42:00, 2018-10-04 10:42:59, true, 0.0230, 0.0376, -0.2042, true
2018-10-04 10:43:00, 2018-10-04 10:43:59, false, -0.0274, 0.0227, 0.1937, true
2018-10-04 10:44:00, 2018-10-04 10:44:59, true, 0.0178, 0.0202, -0.0611, true
2018-10-04 10:45:00, 2018-10-04 10:45:59, false, -0.0070, 0.0286, -0.1559, true
2018-10-04 10:46:00, 2018-10-04 10:46:59, false, -0.0426, -0.0002, -0.0565, true
2018-10-04 10:47:00, 2018-10-04 10:47:59, false, -0.0367, 0.0009, -0.0901, true
2018-10-04 10:48:01, 2018-10-04 10:48:58, false, -0.0043, 0.0072, -0.0673, true
2018-10-04 10:49:00, 2018-10-04 10:49:59, false, -0.0020, 0.0030, -0.0441, true
2018-10-04 10:50:00, 2018-10-04 10:50:59, false, -0.0081, 0.0002, -0.0292, true
2018-10-04 10:51:01, 2018-10-04 10:51:59, true, 0.0298, 0.0318, 0.4683, true
2018-10-04 10:52:01, 2018-10-04 10:52:59, true, 0.0364, 0.0687, -0.4502, true
2018-10-04 10:53:00, 2018-10-04 10:53:58, false, -0.0149, 0.0718, -0.0463, true
2018-10-04 10:54:00, 2018-10-04 10:54:59, false, -0.0003, 0.0078, 0.1573, true
2018-10-04 10:55:00, 2018-10-04 10:55:59, false, -0.0017, 0.0017, 0.0138, true
2018-10-04 10:56:00, 2018-10-04 10:56:59, true, 0.0082, 0.0090, -0.0628, true
2018-10-04 10:57:02, 2018-10-04 10:57:59, false, -0.0539, 0.0069, 0.0254, true
2018-10-04 10:58:00, 2018-10-04 10:58:59, true, 0.0272, 0.0368, -0.0428, true
2018-10-04 10:59:00, 2018-10-04 10:59:59, false, -0.0149, 0.0285, 0.2582, true
2018-10-04 11:00:00, 2018-10-04 11:00:59, true, 0.0164, 0.0164, -0.1933, true
2018-10-04 11:01:00, 2018-10-04 11:01:59, true, 0.0172, 0.0560, 0.5745, true
2018-10-04 11:02:00, 2018-10-04 11:02:59, true, 0.0047, 0.0237, -0.5565, true
2018-10-04 11:03:00, 2018-10-04 11:03:59, false, -0.0058, 0.0202, 0.2669, true
2018-10-04 11:04:00, 2018-10-04 11:04:59, true, 0.0009, 0.0015, -0.1157, true
2018-10-04 11:05:00, 2018-10-04 11:05:59, false, -0.0093, 0.0076, -0.0172, true
2018-10-04 11:06:00, 2018-10-04 11:06:59, true, 0.0017, 0.0091, 0.0569, true
2018-10-04 11:07:00, 2018-10-04 11:07:59, false, -0.0201, -0.0002, 0.3837, true
2018-10-04 11:08:00, 2018-10-04 11:08:59, true, 0.0009, 0.0192, -0.5938, true
2018-10-04 11:09:00, 2018-10-04 11:09:59, false, -0.0148, 0.0044, 0.1028, true
2018-10-04 11:10:00, 2018-10-04 11:10:59, false, -0.0043, 0.0064, 0.0064, true
2018-10-04 11:11:01, 2018-10-04 11:11:59, true, 0.0043, 0.0056, -0.1662, true
2018-10-04 11:12:00, 2018-10-04 11:12:59, false, -0.0026, 0.0126, 0.0857, true
2018-10-04 11:13:00, 2018-10-04 11:13:59, true, 0.0052, 0.0105, -0.0796, true
2018-10-04 11:14:01, 2018-10-04 11:14:59, true, 0.0049, 0.0158, 0.4063, true
2018-10-04 11:15:00, 2018-10-04 11:15:59, true, 0.0202, 0.0274, -0.3408, true
2018-10-04 11:16:00, 2018-10-04 11:16:59, false, -0.0361, -0.0140, 0.0081, true
2018-10-04 11:17:01, 2018-10-04 11:17:59, true, 0.0002, 0.0097, -0.0002, true
2018-10-04 11:18:00, 2018-10-04 11:18:59, true, 0.0120, 0.0314, -0.0623, true
2018-10-04 11:19:00, 2018-10-04 11:19:58, false, -0.0003, 0.0204, -0.0059, true
2018-10-04 11:20:00, 2018-10-04 11:20:59, true, 0.0009, 0.0011, 0.0053, true
2018-10-04 11:21:00, 2018-10-04 11:21:59, false, -0.0597, -0.0326, 1.3176, true
2018-10-04 11:22:00, 2018-10-04 11:22:59, true, 0.0046, 0.0046, -1.3809, true
2018-10-04 11:23:00, 2018-10-04 11:23:59, false, -0.0052, 0.0076, -0.0260, true
2018-10-04 11:24:00, 2018-10-04 11:24:59, true, 0.0702, 0.0760, -0.0023, true
2018-10-04 11:25:00, 2018-10-04 11:25:59, true, 0.0233, 0.0941, 0.0154, true
2018-10-04 11:26:00, 2018-10-04 11:26:59, true, 0.0064, 0.0297, -0.0212, true
2018-10-04 11:27:00, 2018-10-04 11:27:59, false, -0.0003, 0.0110, 0.1182, true
2018-10-04 11:28:00, 2018-10-04 11:28:59, false, -0.0076, 0.0023, 0.0189, true
2018-10-04 11:29:00, 2018-10-04 11:29:59, false, -0.0442, 0.0006, -0.0100, true
2018-10-04 11:30:00, 2018-10-04 11:30:59, false, -0.0038, 0.0053, 0.0104, true
2018-10-04 11:31:00, 2018-10-04 11:31:59, false, -0.0020, 0.0029, 0.0650, true
2018-10-04 11:32:00, 2018-10-04 11:32:59, true, 0.0069, 0.0215, 0.1982, true
2018-10-04 11:33:01, 2018-10-04 11:33:59, false, -0.0097, 0.0096, -0.0813, true
2018-10-04 11:34:00, 2018-10-04 11:34:59, false, -0.0295, 0.0148, -0.0448, true
2018-10-04 11:35:00, 2018-10-04 11:35:59, true, 0.0034, 0.0097, -0.1975, true
2018-10-04 11:36:00, 2018-10-04 11:36:59, true, 0.1012, 0.1062, 0.1975, true
2018-10-04 11:37:00, 2018-10-04 11:37:59, true, 0.0008, 0.1089, -0.0715, true
2018-10-04 11:38:00, 2018-10-04 11:38:59, true, 0.0029, 0.0053, 0.0441, true
2018-10-04 11:39:00, 2018-10-04 11:39:59, true, 0.0216, 0.0294, -0.0441, true
2018-10-04 11:40:00, 2018-10-04 11:40:58, true, 0.0021, 0.0301, -0.0040, true
2018-10-04 11:41:01, 2018-10-04 11:41:59, false, -0.0157, 0.0082, -0.0005, true
2018-10-04 11:42:00, 2018-10-04 11:42:59, false, -0.0053, 0.0035, -0.1325, true
2018-10-04 11:43:00, 2018-10-04 11:43:59, false, -0.0015, 0.0017, 0.0919, true
2018-10-04 11:44:00, 2018-10-04 11:44:59, true, 0.0033, 0.0096, -0.0478, true
2018-10-04 11:45:00, 2018-10-04 11:45:59, false, -0.0032, 0.0061, 0.2446, true
2018-10-04 11:46:00, 2018-10-04 11:46:59, false, -0.0183, 0.0067, -0.2173, true
2018-10-04 11:47:00, 2018-10-04 11:47:59, true, 0.0055, 0.0213, -0.0355, true
2018-10-04 11:48:00, 2018-10-04 11:48:59, true, 0.0046, 0.0128, 0.0656, true
2018-10-04 11:49:01, 2018-10-04 11:49:59, false, -0.0137, 0.0056, 0.0510, true
2018-10-04 11:50:00, 2018-10-04 11:50:57, false, -0.0008, 0.0096, 0.0166, true
2018-10-04 11:51:00, 2018-10-04 11:51:59, false, -0.0018, 0.0059, -0.2226, true
2018-10-04 11:52:00, 2018-10-04 11:52:59, false, -0.0160, 0.0000, 0.1982, true
2018-10-04 11:53:00, 2018-10-04 11:53:59, true, 0.0323, 0.0374, -0.1633, true
2018-10-04 11:54:00, 2018-10-04 11:54:59, true, 0.0033, 0.0371, -0.0192, true
2018-10-04 11:55:00, 2018-10-04 11:55:59, false, -0.0068, 0.0064, 0.2152, true
2018-10-04 11:56:01, 2018-10-04 11:56:59, false, -0.0055, 0.0070, -0.0644, true
2018-10-04 11:57:00, 2018-10-04 11:57:59, false, -0.0457, 0.0026, 0.8277, true
2018-10-04 11:58:00, 2018-10-04 11:58:59, false, -0.0428, 0.0041, 0.5887, true
2018-10-04 11:59:01, 2018-10-04 11:59:59, true, 0.0140, 0.0273, 0.1855, true
2018-10-04 12:00:00, 2018-10-04 12:00:59, false, -0.0248, 0.0137, -1.1828, true
2018-10-04 12:01:00, 2018-10-04 12:01:59, false, -0.0190, 0.0032, 0.0948, true
2018-10-04 12:02:00, 2018-10-04 12:02:59, true, 0.0011, 0.0117, -0.5550, true
2018-10-04 12:03:00, 2018-10-04 12:03:58, false, -0.0447, 0.0063, 0.5394, true
2018-10-04 12:04:00, 2018-10-04 12:04:59, true, 0.0392, 0.0652, -0.2205, true
2018-10-04 12:05:00, 2018-10-04 12:05:59, true, 0.0114, 0.0535, 0.2041, true
2018-10-04 12:06:00, 2018-10-04 12:06:59, false, -0.0110, 0.0416, -0.0530, true
2018-10-04 12:07:00, 2018-10-04 12:07:59, true, 0.0088, 0.0186, -0.0392, true
2018-10-04 12:08:00, 2018-10-04 12:08:59, false, -0.0002, 0.0139, -0.0373, true
2018-10-04 12:09:00, 2018-10-04 12:09:59, true, 0.0292, 0.0311, -0.2318, true
2018-10-04 12:10:00, 2018-10-04 12:10:59, true, 0.0024, 0.0489, 0.7546, true
2018-10-04 12:11:00, 2018-10-04 12:11:59, true, 0.0009, 0.0043, -0.9587, true
2018-10-04 12:12:00, 2018-10-04 12:12:59, true, 0.0005, 0.0067, -0.0472, true
2018-10-04 12:13:00, 2018-10-04 12:13:59, false, -0.0078, 0.0035, 0.2310, true
2018-10-04 12:14:00, 2018-10-04 12:14:58, true, 0.0143, 0.0178, 0.1192, true
2018-10-04 12:15:00, 2018-10-04 12:15:59, false, -0.0021, 0.0146, -0.2834, true
2018-10-04 12:16:00, 2018-10-04 12:16:59, true, 0.0050, 0.0134, 0.3266, true
2018-10-04 12:17:00, 2018-10-04 12:17:59, true, 0.0052, 0.0143, -0.3874, true
2018-10-04 12:18:00, 2018-10-04 12:18:59, true, 0.0382, 0.0464, 0.8982, true
2018-10-04 12:19:00, 2018-10-04 12:19:58, true, 0.0161, 0.0549, -0.5209, true
2018-10-04 12:20:00, 2018-10-04 12:20:59, true, 0.0968, 0.1166, -0.0328, true
2018-10-04 12:21:00, 2018-10-04 12:21:59, true, 0.0196, 0.1165, 0.0263, true
2018-10-04 12:22:00, 2018-10-04 12:22:59, true, 0.0024, 0.0278, -0.1417, true
2018-10-04 12:23:00, 2018-10-04 12:23:59, true, 0.0061, 0.0126, 0.0816, true
2018-10-04 12:24:00, 2018-10-04 12:24:59, true, 0.0062, 0.0152, -0.2707, true
2018-10-04 12:25:00, 2018-10-04 12:25:59, false, -0.0032, 0.0137, 0.1325, true
2018-10-04 12:26:00, 2018-10-04 12:26:59, true, 0.0008, 0.0061, -0.1558, true
2018-10-04 12:27:00, 2018-10-04 12:27:59, true, 0.0079, 0.0264, 0.0470, true
2018-10-04 12:28:00, 2018-10-04 12:28:59, false, -0.0027, 0.0154, -0.0433, true
2018-10-04 12:29:00, 2018-10-04 12:29:59, false, -0.0009, 0.0033, 0.4868, true
2018-10-04 12:30:00, 2018-10-04 12:30:59, false, 0.0000, 0.0122, -0.3556, true
2018-10-04 12:31:00, 2018-10-04 12:31:59, false, -0.0036, 0.0073, 0.2155, true
2018-10-04 12:32:00, 2018-10-04 12:32:58, false, -0.0062, 0.0015, -0.2747, true
2018-10-04 12:33:01, 2018-10-04 12:33:58, true, 0.0109, 0.0116, 0.1412, true
2018-10-04 12:34:00, 2018-10-04 12:34:59, true, 0.0065, 0.0178, 0.0144, true
2018-10-04 12:35:00, 2018-10-04 12:35:59, true, 0.0052, 0.0182, -0.2226, true
2018-10-04 12:36:00, 2018-10-04 12:36:58, false, -0.0283, 0.0141, 0.5585, true
2018-10-04 12:37:00, 2018-10-04 12:37:59, false, -0.0208, 0.0026, 2.0043, true
2018-10-04 12:38:00, 2018-10-04 12:38:59, false, -0.0088, 0.0103, -2.5197, true
2018-10-04 12:39:00, 2018-10-04 12:39:59, true, 0.0041, 0.0085, -0.0144, true
2018-10-04 12:40:00, 2018-10-04 12:40:59, true, 0.0099, 0.0228, 0.0222, true
2018-10-04 12:41:00, 2018-10-04 12:41:59, false, -0.0076, 0.0214, -0.0499, true
2018-10-04 12:42:00, 2018-10-04 12:42:59, true, 0.0033, 0.0036, 0.0064, true
2018-10-04 12:43:00, 2018-10-04 12:43:59, false, -0.0012, 0.0035, 0.1155, true
2018-10-04 12:44:00, 2018-10-04 12:44:59, true, 0.0182, 0.0252, -0.1985, true
2018-10-04 12:45:00, 2018-10-04 12:45:57, true, 0.0012, 0.0251, 0.2172, true
2018-10-04 12:46:00, 2018-10-04 12:46:59, true, 0.0021, 0.0123, -0.0980, true
2018-10-04 12:47:00, 2018-10-04 12:47:59, true, 0.0026, 0.0056, 0.1401, true
2018-10-04 12:48:00, 2018-10-04 12:48:59, true, 0.0199, 0.0283, -0.0682, true
2018-10-04 12:49:00, 2018-10-04 12:49:59, false, -0.0027, 0.0201, 0.2558, true
2018-10-04 12:50:00, 2018-10-04 12:50:59, true, 0.0190, 0.0375, -0.0764, true
2018-10-04 12:51:00, 2018-10-04 12:51:59, true, 0.0109, 0.0386, -0.1416, true
2018-10-04 12:52:00, 2018-10-04 12:52:59, true, 0.0046, 0.0187, -0.1275, true
2018-10-04 12:53:00, 2018-10-04 12:53:59, false, -0.0147, 0.0009, -0.0038, true
2018-10-04 12:54:00, 2018-10-04 12:54:59, false, -0.0119, 0.0030, 0.2744, true
2018-10-04 12:55:00, 2018-10-04 12:55:59, true, 0.0055, 0.0062, -0.2784, true
2018-10-04 12:56:00, 2018-10-04 12:56:59, true, 0.0005, 0.0137, -0.0055, true
2018-10-04 12:57:00, 2018-10-04 12:57:59, false, -0.0052, 0.0050, 0.1504, true
2018-10-04 12:58:00, 2018-10-04 12:58:59, true, 0.0252, 0.0255, -0.0849, true
2018-10-04 12:59:00, 2018-10-04 12:59:59, true, 0.0249, 0.0526, 0.0273, true
2018-10-04 13:00:00, 2018-10-04 13:00:58, true, 0.0056, 0.0519, 0.6860, true
2018-10-04 13:01:00, 2018-10-04 13:01:59, false, -0.0255, 0.0081, -0.6982, true
2018-10-04 13:02:00, 2018-10-04 13:02:59, true, 0.0395, 0.0460, -0.0958, true
2018-10-04 13:03:00, 2018-10-04 13:03:59, false, -0.0097, 0.0340, 0.0333, true
2018-10-04 13:04:00, 2018-10-04 13:04:59, true, 0.0164, 0.0166, 0.2891, true
2018-10-04 13:05:00, 2018-10-04 13:05:59, false, -0.0058, 0.0167, -0.3058, true
2018-10-04 13:06:00, 2018-10-04 13:06:59, false, -0.0090, 0.0029, 0.1145, true
2018-10-04 13:07:00, 2018-10-04 13:07:58, false, -0.0026, 0.0079, -0.0791, true
2018-10-04 13:08:00, 2018-10-04 13:08:59, false, -0.0071, 0.0047, -0.0354, true
2018-10-04 13:09:00, 2018-10-04 13:09:59, true, 0.0114, 0.0135, 0.1630, true
2018-10-04 13:10:00, 2018-10-04 13:10:59, false, -0.0030, 0.0279, 0.0386, true
2018-10-04 13:11:00, 2018-10-04 13:11:59, true, 0.0050, 0.0156, -0.2368, true
2018-10-04 13:12:01, 2018-10-04 13:12:59, true, 0.0017, 0.0126, -0.0234, true
2018-10-04 13:13:00, 2018-10-04 13:13:59, true, 0.0147, 0.0200, 0.1465, true
2018-10-04 13:14:00, 2018-10-04 13:14:59, true, 0.0056, 0.0159, -0.0572, true
2018-10-04 13:15:00, 2018-10-04 13:15:59, false, -0.0255, 0.0079, 1.3955, true
2018-10-04 13:16:00, 2018-10-04 13:16:57, true, 0.0096, 0.0103, -1.4413, true
2018-10-04 13:17:00, 2018-10-04 13:17:59, false, -0.0102, 0.0159, 0.1611, true
2018-10-04 13:18:00, 2018-10-04 13:18:59, true, 0.0058, 0.0079, -0.1116, true
2018-10-04 13:19:00, 2018-10-04 13:19:59, true, 0.0056, 0.0328, 0.0740, true
2018-10-04 13:20:00, 2018-10-04 13:20:58, true, 0.0039, 0.0140, 0.1505, true
2018-10-04 13:21:00, 2018-10-04 13:21:59, false, -0.0118, 0.0024, -0.2993, true
2018-10-04 13:22:00, 2018-10-04 13:22:59, false, -0.0138, -0.0030, 0.0135, true
2018-10-04 13:23:00, 2018-10-04 13:23:59, false, -0.0079, 0.0039, -0.0216, true
2018-10-04 13:24:00, 2018-10-04 13:24:59, false, -0.0068, 0.0029, 0.1648, true
2018-10-04 13:25:00, 2018-10-04 13:25:59, true, 0.0052, 0.0132, 0.0128, true
2018-10-04 13:26:00, 2018-10-04 13:26:59, false, 0.0000, 0.0076, 0.0290, true
2018-10-04 13:27:00, 2018-10-04 13:27:59, false, -0.0128, -0.0059, -0.1133, true
2018-10-04 13:28:00, 2018-10-04 13:28:59, true, 0.0012, 0.0091, -0.0062, true
2018-10-04 13:29:00, 2018-10-04 13:29:59, false, -0.0149, -0.0005, 0.0246, true
2018-10-04 13:30:00, 2018-10-04 13:30:59, true, 0.0044, 0.0070, -0.1234, true
2018-10-04 13:31:00, 2018-10-04 13:31:59, false, -0.0056, 0.0059, 0.0731, true
2018-10-04 13:32:00, 2018-10-04 13:32:59, false, -0.0032, 0.0049, 0.0056, true
2018-10-04 13:33:00, 2018-10-04 13:33:59, false, -0.0015, 0.0052, -0.0123, true
2018-10-04 13:34:00, 2018-10-04 13:34:59, true, 0.0093, 0.0184, -0.0071, true
2018-10-04 13:35:00, 2018-10-04 13:35:59, false, -0.0059, 0.0149, 0.0061, true
2018-10-04 13:36:00, 2018-10-04 13:36:59, true, 0.0254, 0.0380, -0.0278, true
2018-10-04 13:37:00, 2018-10-04 13:37:58, false, -0.0044, 0.0316, 0.2352, true
2018-10-04 13:38:00, 2018-10-04 13:38:59, false, -0.0067, 0.0006, -0.2431, true
2018-10-04 13:39:00, 2018-10-04 13:39:59, false, -0.0003, 0.0011, 0.0486, true
2018-10-04 13:40:00, 2018-10-04 13:40:59, true, 0.0047, 0.0061, 0.0667, true
2018-10-04 13:41:00, 2018-10-04 13:41:59, true, 0.0003, 0.0131, -0.1601, true
2018-10-04 13:42:00, 2018-10-04 13:42:58, false, -0.0220, 0.0064, 0.1497, true
2018-10-04 13:43:00, 2018-10-04 13:43:58, true, 0.0065, 0.0114, -0.1244, true
2018-10-04 13:44:00, 2018-10-04 13:44:59, false, -0.0036, 0.0132, -0.0090, true
2018-10-04 13:45:00, 2018-10-04 13:45:59, false, -0.0035, 0.0003, 0.3139, true
2018-10-04 13:46:00, 2018-10-04 13:46:59, false, -0.0636, 0.0116, 0.3958, true
2018-10-04 13:47:00, 2018-10-04 13:47:58, true, 0.0277, 0.0353, -0.6378, true
2018-10-04 13:48:00, 2018-10-04 13:48:59, true, 0.0017, 0.0339, 0.2379, true
2018-10-04 13:49:00, 2018-10-04 13:49:59, false, -0.0181, 0.0014, -0.1355, true
2018-10-04 13:50:00, 2018-10-04 13:50:59, false, -0.0161, 0.0044, -0.0809, true
2018-10-04 13:51:00, 2018-10-04 13:51:58, true, 0.0106, 0.0126, 0.2306, true
2018-10-04 13:52:00, 2018-10-04 13:52:59, true, 0.0059, 0.0199, -0.2019, true
2018-10-04 13:53:00, 2018-10-04 13:53:59, true, 0.0271, 0.0459, -0.0597, true
2018-10-04 13:54:00, 2018-10-04 13:54:58, true, 0.0047, 0.0327, -0.0728, true
2018-10-04 13:55:00, 2018-10-04 13:55:59, false, -0.0374, 0.0078, 0.4731, true
2018-10-04 13:56:00, 2018-10-04 13:56:59, false, -0.0251, 0.0062, 0.2725, true
2018-10-04 13:57:01, 2018-10-04 13:57:59, false, -0.0050, 0.0017, -0.6216, true
2018-10-04 13:58:00, 2018-10-04 13:58:59, true, 0.0059, 0.0125, 0.1145, true
2018-10-04 13:59:00, 2018-10-04 13:59:58, true, 0.0205, 0.0321, 0.7371, true
2018-10-04 14:00:00, 2018-10-04 14:00:59, true, 0.0068, 0.0398, -0.8737, true
2018-10-04 14:01:00, 2018-10-04 14:01:59, false, -0.0064, 0.0120, -0.0094, true
2018-10-04 14:02:01, 2018-10-04 14:02:58, false, -0.0052, 0.0023, -0.1057, true
2018-10-04 14:03:00, 2018-10-04 14:03:59, true, 0.0199, 0.0219, 0.3094, true
2018-10-04 14:04:00, 2018-10-04 14:04:59, true, 0.0099, 0.0371, -0.2397, true
2018-10-04 14:05:00, 2018-10-04 14:05:59, false, -0.0024, 0.0141, -0.0298, true
2018-10-04 14:06:00, 2018-10-04 14:06:59, false, -0.0056, 0.0138, 0.0125, true
2018-10-04 14:07:00, 2018-10-04 14:07:59, false, -0.0012, -0.0012, 0.0170, true
2018-10-04 14:08:00, 2018-10-04 14:08:59, false, -0.0514, 0.0173, 0.0252, true
2018-10-04 14:09:01, 2018-10-04 14:09:57, true, 0.0433, 0.0433, 0.1792, true
2018-10-04 14:10:00, 2018-10-04 14:10:58, true, 0.0012, 0.0479, 0.1911, true
2018-10-04 14:11:00, 2018-10-04 14:11:59, true, 0.0245, 0.0330, -0.4885, true
2018-10-04 14:12:00, 2018-10-04 14:12:59, false, -0.0006, 0.0269, 0.0413, true
2018-10-04 14:13:00, 2018-10-04 14:13:59, false, -0.0049, 0.0038, 0.0084, true
2018-10-04 14:14:00, 2018-10-04 14:14:59, false, -0.0309, 0.0068, -0.0084, true
2018-10-04 14:15:00, 2018-10-04 14:15:59, true, 0.0322, 0.0371, 0.0450, true
2018-10-04 14:16:00, 2018-10-04 14:16:59, false, -0.0033, 0.0385, 0.1268, true
2018-10-04 14:17:02, 2018-10-04 14:17:59, false, -0.0181, 0.0049, 0.1075, true
2018-10-04 14:18:00, 2018-10-04 14:18:59, true, 0.0023, 0.0084, -0.2122, true
2018-10-04 14:19:00, 2018-10-04 14:19:59, false, -0.0021, 0.0099, 0.0784, true
2018-10-04 14:20:00, 2018-10-04 14:20:58, false, -0.0036, 0.0055, -0.0347, true
2018-10-04 14:21:00, 2018-10-04 14:21:59, false, -0.0015, 0.0015, 0.3716, true
2018-10-04 14:22:00, 2018-10-04 14:22:59, true, 0.0002, 0.0081, -0.3134, true
2018-10-04 14:23:00, 2018-10-04 14:23:59, true, 0.0135, 0.0214, 0.2706, true
2018-10-04 14:24:00, 2018-10-04 14:24:57, false, -0.0050, 0.0225, -0.1458, true
2018-10-04 14:25:00, 2018-10-04 14:25:59, false, -0.0103, -0.0015, -0.0579, true
2018-10-04 14:26:00, 2018-10-04 14:26:59, false, -0.0041, 0.0067, -0.1697, true
2018-10-04 14:27:00, 2018-10-04 14:27:59, false, -0.0047, 0.0050, 0.0239, true
2018-10-04 14:28:00, 2018-10-04 14:28:59, true, 0.0201, 0.0204, -0.0540, true
2018-10-04 14:29:00, 2018-10-04 14:29:59, false, -0.0403, 0.0286, -0.0091, true
2018-10-04 14:30:00, 2018-10-04 14:30:59, true, 0.0003, 0.0005, -0.0432, true
2018-10-04 14:31:00, 2018-10-04 14:31:59, true, 0.0053, 0.0105, 0.1057, true
2018-10-04 14:32:00, 2018-10-04 14:32:58, true, 0.0015, 0.0119, 0.1145, true
2018-10-04 14:33:00, 2018-10-04 14:33:59, true, 0.0120, 0.0186, -0.0633, true
2018-10-04 14:34:00, 2018-10-04 14:34:59, false, -0.0455, 0.0172, -0.0715, true
2018-10-04 14:35:00, 2018-10-04 14:35:59, false, -0.0002, 0.0050, 0.1130, true
2018-10-04 14:36:00, 2018-10-04 14:36:59, true, 0.0116, 0.0196, -0.1002, true
2018-10-04 14:37:00, 2018-10-04 14:37:59, true, 0.0043, 0.0160, -0.0818, true
2018-10-04 14:38:00, 2018-10-04 14:38:58, true, 0.0008, 0.0059, 0.0155, true
2018-10-04 14:39:00, 2018-10-04 14:39:59, false, -0.0315, 0.0009, 0.0519, true
2018-10-04 14:40:00, 2018-10-04 14:40:59, false, -0.0008, 0.0134, -0.0024, true
2018-10-04 14:41:00, 2018-10-04 14:41:59, false, -0.0079, 0.0009, 0.0415, true
2018-10-04 14:42:00, 2018-10-04 14:42:59, false, -0.0026, 0.0017, 0.0752, true
2018-10-04 14:43:00, 2018-10-04 14:43:59, false, -0.0009, 0.0050, -0.0989, true
2018-10-04 14:44:00, 2018-10-04 14:44:59, true, 0.1181, 0.1287, 0.2730, true
2018-10-04 14:45:00, 2018-10-04 14:45:59, true, 0.0242, 0.1435, -0.3505, true
2018-10-04 14:46:00, 2018-10-04 14:46:47, true, 0.0023, 0.0264, -0.0193, true
2018-10-04 14:47:00, 2018-10-04 14:47:58, false, -0.0002, 0.0030, -0.0274, true
2018-10-04 14:48:00, 2018-10-04 14:48:59, false, -0.0018, 0.0036, 0.1482, true
2018-10-04 14:49:00, 2018-10-04 14:49:59, true, 0.0006, 0.0018, -0.0611, true
2018-10-04 14:50:00, 2018-10-04 14:50:58, true, 0.0071, 0.0088, 0.0395, true
2018-10-04 14:51:00, 2018-10-04 14:51:59, true, 0.0059, 0.0135, 0.0640, true
2018-10-04 14:52:00, 2018-10-04 14:52:59, false, -0.0046, 0.0067, 0.2636, true
2018-10-04 14:53:00, 2018-10-04 14:53:59, false, -0.0041, 0.0024, -0.4739, true
2018-10-04 14:54:00, 2018-10-04 14:54:59, true, 0.0140, 0.0175, 0.0948, true
2018-10-04 14:55:00, 2018-10-04 14:55:59, true, 0.0003, 0.0152, 0.3584, true
2018-10-04 14:56:00, 2018-10-04 14:56:59, false, -0.0008, 0.0065, -0.2375, true
2018-10-04 14:57:00, 2018-10-04 14:57:59, true, 0.0030, 0.0169, -0.0362, true
2018-10-04 14:58:00, 2018-10-04 14:58:59, false, -0.0047, 0.0050, 0.0805, true
2018-10-04 14:59:00, 2018-10-04 14:59:59, true, 0.0510, 0.0544, 0.9102, true
2018-10-04 15:00:00, 2018-10-04 15:00:59, true, 0.0314, 0.0856, -0.3381, true
2018-10-04 15:01:00, 2018-10-04 15:01:59, false, -0.0027, 0.0346, -0.7879, true
2018-10-04 15:02:00, 2018-10-04 15:02:59, true, 0.0032, 0.0187, 0.2351, true
2018-10-04 15:03:00, 2018-10-04 15:03:59, true, 0.0029, 0.0197, -0.0572, true
2018-10-04 15:04:00, 2018-10-04 15:04:59, true, 0.0191, 0.0272, 0.9771, true
2018-10-04 15:05:00, 2018-10-04 15:05:59, false, -0.0247, 0.0214, -0.6449, true
2018-10-04 15:06:00, 2018-10-04 15:06:59, true, 0.0564, 0.0704, 0.0074, true
2018-10-04 15:07:00, 2018-10-04 15:07:59, true, 0.0600, 0.1217, 0.2479, true
2018-10-04 15:08:00, 2018-10-04 15:08:59, true, 0.0483, 0.1090, -0.1597, true
2018-10-04 15:09:00, 2018-10-04 15:09:59, false, -0.0056, 0.0490, -0.2839, true
2018-10-04 15:10:00, 2018-10-04 15:10:59, false, -0.0324, 0.0091, -0.2429, true
2018-10-04 15:11:00, 2018-10-04 15:11:59, false, -0.0042, 0.0108, -0.0672, true
2018-10-04 15:12:00, 2018-10-04 15:12:59, false, -0.0103, 0.0061, 0.1550, true
2018-10-04 15:13:00, 2018-10-04 15:13:59, false, -0.0067, 0.0024, 0.3297, true
2018-10-04 15:14:00, 2018-10-04 15:14:59, true, 0.0691, 0.0860, -0.4149, true
2018-10-04 15:15:00, 2018-10-04 15:15:59, false, -0.0076, 0.0738, 0.0133, true
2018-10-04 15:16:00, 2018-10-04 15:16:59, false, -0.0126, 0.0006, 0.0050, true
2018-10-04 15:17:01, 2018-10-04 15:17:59, true, 0.0130, 0.0147, 0.0439, true
2018-10-04 15:18:00, 2018-10-04 15:18:59, true, 0.0092, 0.0321, 1.1364, true
2018-10-04 15:19:00, 2018-10-04 15:19:58, true, 0.0047, 0.0152, -1.1495, true
2018-10-04 15:20:00, 2018-10-04 15:20:58, false, -0.0008, 0.0224, -0.1041, true
2018-10-04 15:21:00, 2018-10-04 15:21:58, true, 0.0026, 0.0074, 0.2858, true
2018-10-04 15:22:00, 2018-10-04 15:22:59, true, 0.0030, 0.0070, -0.0970, true
2018-10-04 15:23:00, 2018-10-04 15:23:59, false, -0.0180, 0.0056, -0.1487, true
2018-10-04 15:24:00, 2018-10-04 15:24:58, false, -0.0091, 0.0000, 0.0893, true
2018-10-04 15:25:00, 2018-10-04 15:25:59, true, 0.0036, 0.0138, -0.0480, true
2018-10-04 15:26:00, 2018-10-04 15:26:59, false, -0.0271, 0.0114, 0.3737, true
2018-10-04 15:27:00, 2018-10-04 15:27:59, false, -0.0256, 0.0002, 0.1779, true
2018-10-04 15:28:00, 2018-10-04 15:28:59, false, -0.0038, 0.0029, -0.4640, true
2018-10-04 15:29:00, 2018-10-04 15:29:59, false, -0.0005, 0.0006, 0.0314, true
2018-10-04 15:30:00, 2018-10-04 15:30:59, true, 0.0217, 0.0230, 0.2674, true
2018-10-04 15:31:00, 2018-10-04 15:31:58, true, 0.0039, 0.0441, -0.2041, true
2018-10-04 15:32:00, 2018-10-04 15:32:59, true, 0.0029, 0.0120, 0.0544, true
2018-10-04 15:33:00, 2018-10-04 15:33:59, false, -0.0032, 0.0071, -0.3002, true
2018-10-04 15:34:00, 2018-10-04 15:34:59, false, -0.0159, 0.0003, 0.6035, true
2018-10-04 15:35:00, 2018-10-04 15:35:58, false, -0.0193, 0.0000, -0.4900, true
2018-10-04 15:36:00, 2018-10-04 15:36:59, false, -0.0197, 0.0000, 0.5496, true
2018-10-04 15:37:00, 2018-10-04 15:37:59, true, 0.0035, 0.0118, -0.5336, true
2018-10-04 15:38:00, 2018-10-04 15:38:59, false, -0.0059, 0.0162, -0.1238, true
2018-10-04 15:39:00, 2018-10-04 15:39:59, false, -0.0361, 0.0036, 0.1742, true
2018-10-04 15:40:00, 2018-10-04 15:40:59, false, -0.0190, 0.0068, -0.0508, true
2018-10-04 15:41:00, 2018-10-04 15:41:59, true, 0.0217, 0.0223, 0.3916, true
2018-10-04 15:42:00, 2018-10-04 15:42:59, false, -0.0109, 0.0253, -0.5474, true
2018-10-04 15:43:00, 2018-10-04 15:43:59, true, 0.0070, 0.0093, 0.4414, true
2018-10-04 15:44:00, 2018-10-04 15:44:59, true, 0.0328, 0.0513, -0.3938, true
2018-10-04 15:45:00, 2018-10-04 15:45:59, false, -0.0082, 0.0595, 0.1531, true
2018-10-04 15:46:00, 2018-10-04 15:46:59, false, -0.0460, 0.0000, 0.1742, true
2018-10-04 15:47:01, 2018-10-04 15:47:59, false, -0.0023, 0.0003, -0.2043, true
2018-10-04 15:48:00, 2018-10-04 15:48:59, true, 0.0083, 0.0111, -0.0515, true
2018-10-04 15:49:00, 2018-10-04 15:49:59, true, 0.0052, 0.0162, 0.4304, true
2018-10-04 15:50:00, 2018-10-04 15:50:58, false, -0.0336, 0.0172, -0.5197, true
2018-10-04 15:51:00, 2018-10-04 15:51:59, true, 0.0337, 0.0431, 0.3195, true
2018-10-04 15:52:00, 2018-10-04 15:52:59, true, 0.0005, 0.0483, -0.0584, true
2018-10-04 15:53:01, 2018-10-04 15:53:59, false, 0.0000, 0.0106, -0.1569, true
2018-10-04 15:54:00, 2018-10-04 15:54:59, true, 0.0608, 0.0628, 0.3391, true
2018-10-04 15:55:00, 2018-10-04 15:55:59, false, -0.0047, 0.0619, -0.2686, true
2018-10-04 15:56:00, 2018-10-04 15:56:59, true, 0.0030, 0.0039, -0.0039, true
2018-10-04 15:57:00, 2018-10-04 15:57:59, true, 0.0033, 0.0076, -0.1354, true
2018-10-04 15:58:00, 2018-10-04 15:58:59, true, 0.0006, 0.0049, 0.2927, true
2018-10-04 15:59:00, 2018-10-04 15:59:59, false, -0.0196, 0.0115, -0.3102, true
2018-10-04 16:00:00, 2018-10-04 16:00:59, true, 0.0106, 0.0106, 0.1125, true
2018-10-04 16:01:00, 2018-10-04 16:01:59, true, 0.0152, 0.0270, 0.4043, true
2018-10-04 16:02:00, 2018-10-04 16:02:58, false, -0.0042, 0.0220, -0.4028, true
2018-10-04 16:03:01, 2018-10-04 16:03:58, true, 0.0017, 0.0044, -0.0416, true
2018-10-04 16:04:00, 2018-10-04 16:04:59, false, -0.0091, 0.0018, -0.0243, true
2018-10-04 16:05:01, 2018-10-04 16:05:59, true, 0.0258, 0.0264, 0.1559, true
2018-10-04 16:06:00, 2018-10-04 16:06:59, true, 0.0088, 0.0397, 0.1419, true
2018-10-04 16:07:00, 2018-10-04 16:07:59, true, 0.0150, 0.0347, -0.0211, true
2018-10-04 16:08:01, 2018-10-04 16:08:59, true, 0.0102, 0.0262, -0.2363, true
2018-10-04 16:09:00, 2018-10-04 16:09:58, true, 0.0006, 0.0182, -0.0791, true
2018-10-04 16:10:00, 2018-10-04 16:10:59, true, 0.0123, 0.0264, 0.8112, true
2018-10-04 16:11:00, 2018-10-04 16:11:59, true, 0.0289, 0.0449, -0.5093, true
2018-10-04 16:12:01, 2018-10-04 16:12:59, false, -0.0030, 0.0332, -0.3412, true
2018-10-04 16:13:00, 2018-10-04 16:13:59, true, 0.0055, 0.0114, 0.0377, true
2018-10-04 16:14:00, 2018-10-04 16:14:58, false, -0.0091, 0.0114, -0.0176, true
2018-10-04 16:15:00, 2018-10-04 16:15:59, true, 0.0030, 0.0039, -0.0291, true
2018-10-04 16:16:00, 2018-10-04 16:16:59, true, 0.0018, 0.0053, 0.0655, true
2018-10-04 16:17:00, 2018-10-04 16:17:59, true, 0.0042, 0.0168, 0.0268, true
2018-10-04 16:18:00, 2018-10-04 16:18:59, true, 0.0094, 0.0144, -0.0020, true
2018-10-04 16:19:00, 2018-10-04 16:19:58, true, 0.0056, 0.0168, 0.1998, true
2018-10-04 16:20:00, 2018-10-04 16:20:59, true, 0.0121, 0.0239, 0.3517, true
2018-10-04 16:21:00, 2018-10-04 16:21:59, false, -0.0011, 0.0170, -0.6027, true
2018-10-04 16:22:00, 2018-10-04 16:22:59, false, -0.0085, 0.0086, 0.2896, true
2018-10-04 16:23:00, 2018-10-04 16:23:59, false, -0.0059, 0.0012, -0.2994, true
2018-10-04 16:24:00, 2018-10-04 16:24:59, true, 0.0085, 0.0165, 1.6765, true
2018-10-04 16:25:00, 2018-10-04 16:25:59, false, -0.0006, 0.0170, -1.6679, true
2018-10-04 16:26:00, 2018-10-04 16:26:59, false, -0.0047, 0.0044, 0.0206, true
2018-10-04 16:27:00, 2018-10-04 16:27:59, true, 0.0061, 0.0115, 0.4107, true
2018-10-04 16:28:00, 2018-10-04 16:28:59, true, 0.0118, 0.0239, -0.3072, true
2018-10-04 16:29:00, 2018-10-04 16:29:58, false, -0.0059, 0.0124, 0.0303, true
2018-10-04 16:30:00, 2018-10-04 16:30:59, true, 0.0039, 0.0041, -0.0050, true
2018-10-04 16:31:00, 2018-10-04 16:31:59, false, -0.0414, 0.0111, 0.4134, true
2018-10-04 16:32:00, 2018-10-04 16:32:59, false, -0.0080, 0.0164, 0.3986, true
2018-10-04 16:33:00, 2018-10-04 16:33:59, false, -0.0021, 0.0130, -0.8629, true
2018-10-04 16:34:00, 2018-10-04 16:34:59, true, 0.0132, 0.0136, 0.1480, true
2018-10-04 16:35:01, 2018-10-04 16:35:59, false, -0.0150, 0.0132, -0.2149, true
2018-10-04 16:36:00, 2018-10-04 16:36:58, false, -0.0005, 0.0033, -0.0347, true
2018-10-04 16:37:00, 2018-10-04 16:37:58, true, 0.0091, 0.0118, 0.6115, true
2018-10-04 16:38:00, 2018-10-04 16:38:59, false, -0.0111, 0.0230, -0.5394, true
2018-10-04 16:39:00, 2018-10-04 16:39:59, true, 0.0092, 0.0165, 0.1030, true
2018-10-04 16:40:00, 2018-10-04 16:40:58, false, -0.0079, 0.0177, -0.0785, true
2018-10-04 16:41:01, 2018-10-04 16:41:59, true, 0.0058, 0.0065, -0.1603, true
2018-10-04 16:42:00, 2018-10-04 16:42:58, true, 0.0055, 0.0132, 0.0783, true
2018-10-04 16:43:01, 2018-10-04 16:43:59, false, -0.0009, 0.0067, 0.1340, true
2018-10-04 16:44:00, 2018-10-04 16:44:58, true, 0.0024, 0.0036, -0.1400, true
2018-10-04 16:45:00, 2018-10-04 16:45:59, false, -0.0018, 0.0041, 0.1062, true
2018-10-04 16:46:00, 2018-10-04 16:46:59, true, 0.0033, 0.0244, -0.0347, true
2018-10-04 16:47:00, 2018-10-04 16:47:59, true, 0.0005, 0.0065, -0.1291, true
2018-10-04 16:48:00, 2018-10-04 16:48:59, false, -0.0017, 0.0048, 0.0382, true
2018-10-04 16:49:00, 2018-10-04 16:49:59, false, -0.0083, 0.0000, 0.2102, true
2018-10-04 16:50:00, 2018-10-04 16:50:59, false, -0.0018, 0.0095, -0.0636, true
2018-10-04 16:51:00, 2018-10-04 16:51:59, false, -0.0076, 0.0032, 0.5918, true
2018-10-04 16:52:00, 2018-10-04 16:52:59, false, -0.0068, 0.0003, -0.5644, true
2018-10-04 16:53:00, 2018-10-04 16:53:59, false, -0.0032, -0.0008, -0.1426, true
2018-10-04 16:54:00, 2018-10-04 16:54:59, true, 0.0032, 0.0079, 0.0497, true
2018-10-04 16:55:00, 2018-10-04 16:55:59, true, 0.0044, 0.0083, 0.3644, true
2018-10-04 16:56:00, 2018-10-04 16:56:59, false, -0.0038, 0.0100, -0.2862, true
2018-10-04 16:57:00, 2018-10-04 16:57:59, true, 0.0002, 0.0023, -0.2187, true
2018-10-04 16:58:00, 2018-10-04 16:58:59, true, 0.0112, 0.0149, 0.1722, true
2018-10-04 16:59:00, 2018-10-04 16:59:58, true, 0.0024, 0.0320, 1.3112, true
2018-10-04 17:00:00, 2018-10-04 17:00:59, false, -0.0011, 0.0036, -1.4124, true
2018-10-04 17:01:00, 2018-10-04 17:01:59, false, -0.0193, 0.0006, 1.1910, true
2018-10-04 17:02:00, 2018-10-04 17:02:51, true, 0.0029, 0.0058, -1.1876, true
2018-10-04 17:03:00, 2018-10-04 17:03:59, true, 0.0332, 0.0341, 0.0514, true
2018-10-04 17:04:00, 2018-10-04 17:04:58, true, 0.0024, 0.0500, 0.0592, true
2018-10-04 17:05:00, 2018-10-04 17:05:59, true, 0.0032, 0.0094, 0.1570, true
2018-10-04 17:06:00, 2018-10-04 17:06:59, true, 0.0033, 0.0108, -0.0473, true
2018-10-04 17:07:00, 2018-10-04 17:07:59, true, 0.0067, 0.0094, -0.2148, true
2018-10-04 17:08:01, 2018-10-04 17:08:59, true, 0.0009, 0.0097, 0.0291, true
2018-10-04 17:09:00, 2018-10-04 17:09:59, false, -0.0017, 0.0015, 0.0292, true
2018-10-04 17:10:00, 2018-10-04 17:10:59, false, -0.2297, 0.0021, 2.1162, true
2018-10-04 17:11:02, 2018-10-04 17:11:57, false, -0.0982, -0.0002, -1.0591, true
2018-10-04 17:12:00, 2018-10-04 17:12:59, true, 0.0787, 0.1102, -0.8241, true
2018-10-04 17:13:00, 2018-10-04 17:13:59, false, -0.0205, 0.0825, -0.1537, true
2018-10-04 17:14:00, 2018-10-04 17:14:59, true, 0.0270, 0.0298, -0.1800, true
2018-10-04 17:15:00, 2018-10-04 17:15:59, true, 0.0140, 0.0541, 0.1579, true
2018-10-04 17:16:00, 2018-10-04 17:16:59, false, -0.1012, 0.0140, 0.4244, true
2018-10-04 17:17:01, 2018-10-04 17:17:59, false, -0.0569, 0.0000, -0.4050, true
2018-10-04 17:18:00, 2018-10-04 17:18:58, true, 0.0418, 0.0753, -0.0091, true
2018-10-04 17:19:00, 2018-10-04 17:19:59, true, 0.0266, 0.0684, -0.0190, true
2018-10-04 17:20:00, 2018-10-04 17:20:59, true, 0.0137, 0.0559, -0.0752, true
2018-10-04 17:21:00, 2018-10-04 17:21:58, false, -0.0687, 0.0221, 0.5588, true
2018-10-04 17:22:00, 2018-10-04 17:22:59, false, -0.0056, 0.0272, 0.9368, true
2018-10-04 17:23:00, 2018-10-04 17:23:59, true, 0.0240, 0.0262, -1.2948, true
2018-10-04 17:24:00, 2018-10-04 17:24:59, true, 0.0150, 0.0616, -0.2081, true
2018-10-04 17:25:00, 2018-10-04 17:25:59, true, 0.0064, 0.0432, -0.0657, true
2018-10-04 17:26:00, 2018-10-04 17:26:59, false, -0.0074, 0.0093, 0.1149, true
2018-10-04 17:27:00, 2018-10-04 17:27:59, true, 0.0286, 0.0362, -0.0237, true
2018-10-04 17:28:01, 2018-10-04 17:28:59, false, -0.0074, 0.0295, -0.0912, true
2018-10-04 17:29:01, 2018-10-04 17:29:59, true, 0.0021, 0.0065, 0.0954, true
2018-10-04 17:30:00, 2018-10-04 17:30:59, true, 0.0046, 0.0088, -0.1157, true
2018-10-04 17:31:00, 2018-10-04 17:31:59, false, -0.0190, 0.0046, 0.0898, true
2018-10-04 17:32:00, 2018-10-04 17:32:59, false, -0.0035, 0.0017, 0.1549, true
2018-10-04 17:33:00, 2018-10-04 17:33:59, true, 0.0117, 0.0211, 0.1146, true
2018-10-04 17:34:00, 2018-10-04 17:34:58, true, 0.0255, 0.0409, -0.1713, true
2018-10-04 17:35:00, 2018-10-04 17:35:58, true, 0.0117, 0.0375, 0.0331, true
2018-10-04 17:36:00, 2018-10-04 17:36:59, false, -0.0002, 0.0163, -0.1617, true
2018-10-04 17:37:00, 2018-10-04 17:37:59, true, 0.0419, 0.0495, -0.0272, true
2018-10-04 17:38:00, 2018-10-04 17:38:59, true, 0.0331, 0.0788, 0.1107, true
2018-10-04 17:39:00, 2018-10-04 17:39:59, true, 0.0032, 0.0442, -0.0413, true
2018-10-04 17:40:00, 2018-10-04 17:40:59, false, -0.0053, 0.0047, -0.1187, true
2018-10-04 17:41:00, 2018-10-04 17:41:59, false, -0.0062, 0.0032, 0.1382, true
2018-10-04 17:42:00, 2018-10-04 17:42:59, false, -0.0565, 0.0000, -0.0100, true
2018-10-04 17:43:00, 2018-10-04 17:43:59, false, -0.0021, -0.0003, 0.2915, true
2018-10-04 17:44:00, 2018-10-04 17:44:59, false, -0.0173, 0.0070, 0.0684, true
2018-10-04 17:45:00, 2018-10-04 17:45:59, false, -0.0070, 0.0078, -0.3174, true
2018-10-04 17:46:00, 2018-10-04 17:46:58, true, 0.0389, 0.0439, 0.4510, true
2018-10-04 17:47:00, 2018-10-04 17:47:59, false, -0.0006, 0.0520, -0.5441, true
2018-10-04 17:48:00, 2018-10-04 17:48:59, false, -0.0166, 0.0000, 0.0637, true
2018-10-04 17:49:00, 2018-10-04 17:49:59, true, 0.0264, 0.0343, 0.3539, true
2018-10-04 17:50:00, 2018-10-04 17:50:59, true, 0.0279, 0.0544, -0.3826, true
2018-10-04 17:51:01, 2018-10-04 17:51:58, false, -0.0120, 0.0360, 0.0255, true
2018-10-04 17:52:00, 2018-10-04 17:52:59, true, 0.0002, 0.0056, -0.0817, true
2018-10-04 17:53:00, 2018-10-04 17:53:58, false, -0.0415, 0.0041, 0.0486, true
2018-10-04 17:54:00, 2018-10-04 17:54:59, true, 0.0169, 0.0179, 0.5184, true
2018-10-04 17:55:00, 2018-10-04 17:55:59, false, -0.0039, 0.0357, -0.6148, true
2018-10-04 17:56:00, 2018-10-04 17:56:59, true, 0.0024, 0.0143, 0.0764, true
2018-10-04 17:57:00, 2018-10-04 17:57:59, false, -0.0094, 0.0036, 0.0930, true
2018-10-04 17:58:00, 2018-10-04 17:58:59, false, -0.0050, 0.0153, -0.0362, true
2018-10-04 17:59:00, 2018-10-04 17:59:56, false, -0.0052, 0.0079, -0.0494, true
2018-10-04 18:00:00, 2018-10-04 18:00:59, true, 0.0029, 0.0036, 0.0330, true
2018-10-04 18:01:00, 2018-10-04 18:01:59, false, -0.0093, 0.0158, 0.0824, true
2018-10-04 18:02:00, 2018-10-04 18:02:59, false, -0.0368, 0.0036, -0.1313, true
2018-10-04 18:03:00, 2018-10-04 18:03:59, false, -0.0135, 0.0213, 0.1399, true
2018-10-04 18:04:00, 2018-10-04 18:04:59, true, 0.0264, 0.0334, -0.1660, true
2018-10-04 18:05:00, 2018-10-04 18:05:58, true, 0.0017, 0.0347, -0.0082, true
2018-10-04 18:06:00, 2018-10-04 18:06:59, false, -0.0141, 0.0079, 0.0331, true
2018-10-04 18:07:00, 2018-10-04 18:07:59, false, -0.0079, 0.0067, 0.1177, true
2018-10-04 18:08:00, 2018-10-04 18:08:59, false, -0.0059, 0.0079, 0.0316, true
2018-10-04 18:09:00, 2018-10-04 18:09:59, false, -0.0202, 0.0113, 0.0616, true
2018-10-04 18:10:01, 2018-10-04 18:10:57, false, -0.0196, 0.0186, 0.5011, true
2018-10-04 18:11:00, 2018-10-04 18:11:58, false, -0.0187, 0.0047, -0.5232, true
2018-10-04 18:12:00, 2018-10-04 18:12:59, false, -0.0472, 0.0070, 0.5463, true
2018-10-04 18:13:00, 2018-10-04 18:13:59, false, -0.0283, 0.0017, -0.4140, true
2018-10-04 18:14:00, 2018-10-04 18:14:59, false, -0.0114, 0.0064, -0.1484, true
2018-10-04 18:15:00, 2018-10-04 18:15:59, false, -0.0125, 0.0099, 0.1597, true
2018-10-04 18:16:00, 2018-10-04 18:16:59, false, -0.0058, 0.0040, -0.2748, true
2018-10-04 18:17:00, 2018-10-04 18:17:58, false, -0.0411, 0.0043, -0.0283, true
2018-10-04 18:18:01, 2018-10-04 18:18:58, false, -0.0486, 0.0006, 0.5176, true
2018-10-04 18:19:00, 2018-10-04 18:19:59, false, -0.0911, 0.0200, 2.6941, true
2018-10-04 18:20:00, 2018-10-04 18:20:59, false, -0.0058, 0.0267, -1.9461, true
2018-10-04 18:21:00, 2018-10-04 18:21:59, false, -0.0285, 0.0113, 3.5466, true
2018-10-04 18:22:00, 2018-10-04 18:22:58, true, 0.0136, 0.0787, -4.5020, true
2018-10-04 18:23:00, 2018-10-04 18:23:59, true, 0.0107, 0.0249, 0.2497, true
2018-10-04 18:24:00, 2018-10-04 18:24:59, false, -0.0035, 0.0310, -0.0432, true
2018-10-04 18:25:00, 2018-10-04 18:25:59, true, 0.0047, 0.0063, -0.3147, true
2018-10-04 18:26:00, 2018-10-04 18:26:53, true, 0.0008, 0.0066, -0.0484, true
