2018-10-05 23:06:54, 2018-10-05 23:06:59, true, 0.0021, 0.0021, -0.0661, true
2018-10-05 23:07:01, 2018-10-05 23:07:59, false, -0.3824, 0.0029, 13.7344, true
2018-10-05 23:08:00, 2018-10-05 23:08:59, false, -0.0518, 0.0779, -9.8869, true
2018-10-05 23:09:00, 2018-10-05 23:09:59, true, 0.0936, 0.1435, -2.5239, true
2018-10-05 23:10:00, 2018-10-05 23:10:59, true, 0.0005, 0.1057, -1.1896, true
2018-10-05 23:11:00, 2018-10-05 23:11:59, true, 0.0465, 0.0501, 0.0276, true
2018-10-05 23:12:00, 2018-10-05 23:12:59, true, 0.0162, 0.0628, -0.0608, true
2018-10-05 23:13:00, 2018-10-05 23:13:59, true, 0.0058, 0.0223, 0.0794, true
2018-10-05 23:14:00, 2018-10-05 23:14:57, true, 0.0050, 0.0123, 0.1682, true
2018-10-05 23:15:00, 2018-10-05 23:15:58, false, -0.0462, 0.0061, -0.1911, true
2018-10-05 23:16:00, 2018-10-05 23:16:57, false, -0.1748, 0.0044, 7.0009, true
2018-10-05 23:17:00, 2018-10-05 23:17:55, false, -0.0217, 0.0087, -4.7288, true
2018-10-05 23:18:00, 2018-10-05 23:18:59, true, 0.0096, 0.0155, -1.7201, true
2018-10-05 23:19:00, 2018-10-05 23:19:59, true, 0.0700, 0.0858, -0.1187, true
2018-10-05 23:20:01, 2018-10-05 23:20:59, true, 0.0184, 0.0887, -0.1982, true
2018-10-05 23:21:01, 2018-10-05 23:21:59, true, 0.0595, 0.1106, 0.3773, true
2018-10-05 23:22:00, 2018-10-05 23:22:58, true, 0.0115, 0.0712, -0.5104, true
2018-10-05 23:23:02, 2018-10-05 23:23:59, true, 0.0264, 0.0657, -0.1463, true
2018-10-05 23:24:00, 2018-10-05 23:24:58, true, 0.0218, 0.0482, -0.0414, true
2018-10-05 23:25:00, 2018-10-05 23:25:58, false, -0.0012, 0.0238, -0.0038, true
2018-10-05 23:26:00, 2018-10-05 23:26:59, false, -0.0102, 0.0035, 0.2197, true
2018-10-05 23:27:00, 2018-10-05 23:27:59, false, -0.0002, 0.0012, -0.1598, true
2018-10-05 23:28:00, 2018-10-05 23:28:59, false, 0.0000, 0.0071, -0.0388, true
2018-10-05 23:29:00, 2018-10-05 23:29:59, true, 0.0194, 0.0199, 0.0615, true
2018-10-05 23:30:00, 2018-10-05 23:30:59, true, 0.0124, 0.0350, -0.0244, true
2018-10-05 23:31:00, 2018-10-05 23:31:59, true, 0.0117, 0.0262, -0.0567, true
2018-10-05 23:32:00, 2018-10-05 23:32:57, true, 0.0005, 0.0197, 0.1860, true
2018-10-05 23:33:00, 2018-10-05 23:33:59, true, 0.0026, 0.0033, -0.2096, true
2018-10-05 23:34:00, 2018-10-05 23:34:59, true, 0.0121, 0.0338, 0.0552, true
2018-10-05 23:35:00, 2018-10-05 23:35:59, false, -0.0249, 0.0233, -0.0693, true
2018-10-05 23:36:01, 2018-10-05 23:36:58, true, 0.0145, 0.0170, 0.0127, true
2018-10-05 23:37:00, 2018-10-05 23:37:59, true, 0.0008, 0.0177, -0.0111, true
2018-10-05 23:38:00, 2018-10-05 23:38:59, false, -0.0030, 0.0011, 0.0567, true
2018-10-05 23:39:00, 2018-10-05 23:39:59, false, -0.0241, 0.0012, -0.0776, true
2018-10-05 23:40:00, 2018-10-05 23:40:59, true, 0.0097, 0.0105, 0.0958, true
2018-10-05 23:41:01, 2018-10-05 23:41:59, false, -0.0197, 0.0082, 0.0162, true
2018-10-05 23:42:00, 2018-10-05 23:42:59, true, 0.0173, 0.0214, -0.0728, true
2018-10-05 23:43:01, 2018-10-05 23:43:59, false, -0.0015, 0.0173, 0.0858, true
2018-10-05 23:44:00, 2018-10-05 23:44:59, true, 0.0056, 0.0147, -0.0955, true
2018-10-05 23:45:01, 2018-10-05 23:45:58, true, 0.0052, 0.0111, -0.0074, true
2018-10-05 23:46:01, 2018-10-05 23:46:58, false, -0.0282, 0.0070, 0.0003, true
2018-10-05 23:47:00, 2018-10-05 23:47:59, true, 0.0074, 0.0091, 0.0511, true
2018-10-05 23:48:03, 2018-10-05 23:48:58, true, 0.0023, 0.0097, -0.0564, true
2018-10-05 23:49:01, 2018-10-05 23:49:59, false, -0.0011, 0.0045, 0.0402, true
2018-10-05 23:50:00, 2018-10-05 23:50:59, true, 0.0205, 0.0211, -0.0394, true
2018-10-05 23:51:00, 2018-10-05 23:51:59, false, 0.0000, 0.0230, 0.1843, true
2018-10-05 23:52:00, 2018-10-05 23:52:59, true, 0.0426, 0.0537, -0.1503, true
2018-10-05 23:53:00, 2018-10-05 23:53:59, true, 0.0035, 0.0461, 0.0485, true
2018-10-05 23:54:00, 2018-10-05 23:54:57, false, -0.0142, 0.0000, 0.3029, true
2018-10-05 23:55:00, 2018-10-05 23:55:59, false, -0.0024, 0.0091, -0.3520, true
2018-10-05 23:56:00, 2018-10-05 23:56:59, false, -0.0303, 0.0076, 0.0627, true
2018-10-05 23:57:00, 2018-10-05 23:57:59, false, -0.0141, 0.0142, 0.0094, true
2018-10-05 23:58:00, 2018-10-05 23:58:59, true, 0.0020, 0.0023, -0.0356, true
2018-10-05 23:59:01, 2018-10-05 23:59:56, false, -0.0023, 0.0020, 0.3879, true
2018-10-06 00:00:00, 2018-10-06 00:00:59, false, -0.0064, 0.0023, -0.3033, true
2018-10-06 00:01:00, 2018-10-06 00:01:58, true, 0.0288, 0.0379, 0.0138, true
2018-10-06 00:02:00, 2018-10-06 00:02:59, true, 0.0098, 0.0417, -0.0753, true
2018-10-06 00:03:00, 2018-10-06 00:03:58, true, 0.0023, 0.0195, 0.0526, true
2018-10-06 00:04:00, 2018-10-06 00:04:59, false, -0.0005, 0.0035, -0.1394, true
2018-10-06 00:05:00, 2018-10-06 00:05:59, true, 0.0203, 0.0206, 0.1057, true
2018-10-06 00:06:03, 2018-10-06 00:06:59, true, 0.0164, 0.0389, 0.1968, true
2018-10-06 00:07:00, 2018-10-06 00:07:59, false, 0.0000, 0.0185, -0.2534, true
2018-10-06 00:08:00, 2018-10-06 00:08:58, false, 0.0000, 0.0029, 0.0359, true
2018-10-06 00:09:00, 2018-10-06 00:09:57, true, 0.0014, 0.0065, 0.3246, true
2018-10-06 00:10:00, 2018-10-06 00:10:59, true, 0.0024, 0.0086, -0.2195, true
2018-10-06 00:11:00, 2018-10-06 00:11:59, true, 0.0138, 0.0170, 0.0969, true
2018-10-06 00:12:01, 2018-10-06 00:12:59, true, 0.0051, 0.0264, -0.1590, true
2018-10-06 00:13:00, 2018-10-06 00:13:58, false, -0.0329, 0.0052, 0.0132, true
2018-10-06 00:14:00, 2018-10-06 00:14:57, true, 0.0014, 0.0015, -0.0973, true
2018-10-06 00:15:00, 2018-10-06 00:15:59, false, -0.0152, 0.0017, -0.0624, true
2018-10-06 00:16:00, 2018-10-06 00:16:59, false, -0.0015, 0.0005, 0.0242, true
2018-10-06 00:17:01, 2018-10-06 00:17:59, false, -0.0077, 0.0006, 0.0400, true
2018-10-06 00:18:00, 2018-10-06 00:18:59, true, 0.0123, 0.0158, 0.0035, true
2018-10-06 00:19:00, 2018-10-06 00:19:59, false, -0.0009, 0.0138, -0.0756, true
2018-10-06 00:20:00, 2018-10-06 00:20:59, false, -0.0008, 0.0148, 0.0424, true
2018-10-06 00:21:00, 2018-10-06 00:21:59, true, 0.0005, 0.0036, 0.1177, true
2018-10-06 00:22:00, 2018-10-06 00:22:59, true, 0.0067, 0.0079, 0.0461, true
2018-10-06 00:23:00, 2018-10-06 00:23:57, true, 0.0073, 0.0148, -0.1647, true
2018-10-06 00:24:00, 2018-10-06 00:24:59, true, 0.0006, 0.0188, -0.0383, true
2018-10-06 00:25:00, 2018-10-06 00:25:58, true, 0.0030, 0.0042, -0.0020, true
2018-10-06 00:26:00, 2018-10-06 00:26:59, false, -0.0027, 0.0039, 0.0042, true
2018-10-06 00:27:00, 2018-10-06 00:27:58, true, 0.0002, 0.0002, -0.0091, true
2018-10-06 00:28:01, 2018-10-06 00:28:59, true, 0.0035, 0.0112, 0.1309, true
2018-10-06 00:29:00, 2018-10-06 00:29:59, true, 0.0029, 0.0200, -0.0945, true
2018-10-06 00:30:00, 2018-10-06 00:30:58, true, 0.0018, 0.0026, 0.0488, true
2018-10-06 00:31:00, 2018-10-06 00:31:59, false, -0.0239, 0.0183, -0.0453, true
2018-10-06 00:32:00, 2018-10-06 00:32:59, true, 0.0023, 0.0023, 0.0268, true
2018-10-06 00:33:01, 2018-10-06 00:33:59, false, -0.0079, 0.0032, -0.0094, true
2018-10-06 00:34:00, 2018-10-06 00:34:59, true, 0.0005, 0.0129, 0.0361, true
2018-10-06 00:35:01, 2018-10-06 00:35:59, false, -0.0059, 0.0123, 0.2671, true
2018-10-06 00:36:00, 2018-10-06 00:36:59, true, 0.0047, 0.0192, -0.3621, true
2018-10-06 00:37:00, 2018-10-06 00:37:58, false, -0.0102, 0.0047, 0.0330, true
2018-10-06 00:38:00, 2018-10-06 00:38:59, false, -0.0053, 0.0006, 0.2084, true
2018-10-06 00:39:00, 2018-10-06 00:39:59, true, 0.0073, 0.0076, -0.1590, true
2018-10-06 00:40:00, 2018-10-06 00:40:57, true, 0.0065, 0.0144, -0.0817, true
2018-10-06 00:41:00, 2018-10-06 00:41:59, false, -0.0005, 0.0088, 0.1809, true
2018-10-06 00:42:01, 2018-10-06 00:42:58, true, 0.0030, 0.0150, -0.1549, true
2018-10-06 00:43:01, 2018-10-06 00:43:59, false, -0.0094, 0.0044, 0.0079, true
2018-10-06 00:44:00, 2018-10-06 00:44:58, true, 0.0014, 0.0014, -0.0264, true
2018-10-06 00:45:00, 2018-10-06 00:45:58, true, 0.0042, 0.0076, 0.1768, true
2018-10-06 00:46:00, 2018-10-06 00:46:57, false, -0.0002, 0.0042, -0.0371, true
2018-10-06 00:47:00, 2018-10-06 00:47:59, true, 0.0029, 0.0136, -0.0436, true
2018-10-06 00:48:00, 2018-10-06 00:48:59, false, -0.0200, 0.0073, 0.1776, true
2018-10-06 00:49:00, 2018-10-06 00:49:59, false, -0.0052, 0.0074, -0.2522, true
2018-10-06 00:50:00, 2018-10-06 00:50:59, true, 0.0120, 0.0141, -0.0388, true
2018-10-06 00:51:00, 2018-10-06 00:51:59, false, -0.0033, 0.0168, 0.0627, true
2018-10-06 00:52:01, 2018-10-06 00:52:59, true, 0.0071, 0.0111, -0.0098, true
2018-10-06 00:53:00, 2018-10-06 00:53:58, true, 0.0152, 0.0258, 0.0936, true
2018-10-06 00:54:00, 2018-10-06 00:54:59, true, 0.0062, 0.0220, 0.1929, true
2018-10-06 00:55:00, 2018-10-06 00:55:58, false, -0.0006, 0.0077, -0.2904, true
2018-10-06 00:56:02, 2018-10-06 00:56:59, false, -0.0109, 0.0073, 0.2630, true
2018-10-06 00:57:00, 2018-10-06 00:57:59, true, 0.0002, 0.0011, -0.2621, true
2018-10-06 00:58:00, 2018-10-06 00:58:59, true, 0.0036, 0.0042, 0.0147, true
2018-10-06 00:59:00, 2018-10-06 00:59:59, false, -0.0050, 0.0171, -0.0079, true
2018-10-06 01:00:00, 2018-10-06 01:00:59, true, 0.0070, 0.0071, -0.0291, true
2018-10-06 01:01:00, 2018-10-06 01:01:59, false, -0.0027, 0.0189, -0.0115, true
2018-10-06 01:02:00, 2018-10-06 01:02:57, false, -0.0149, 0.0024, 0.1682, true
2018-10-06 01:03:00, 2018-10-06 01:03:59, true, 0.0333, 0.0335, -0.1306, true
2018-10-06 01:04:00, 2018-10-06 01:04:59, false, -0.0148, 0.0338, 0.0479, true
2018-10-06 01:05:00, 2018-10-06 01:05:58, false, -0.0114, 0.0135, -0.0474, true
2018-10-06 01:06:01, 2018-10-06 01:06:59, true, 0.0170, 0.0170, 0.0312, true
2018-10-06 01:07:00, 2018-10-06 01:07:59, false, -0.0017, 0.0282, -0.0153, true
2018-10-06 01:08:01, 2018-10-06 01:08:58, true, 0.0062, 0.0138, 0.0144, true
2018-10-06 01:09:00, 2018-10-06 01:09:59, true, 0.0129, 0.0192, -0.0401, true
2018-10-06 01:10:00, 2018-10-06 01:10:59, true, 0.0062, 0.0203, 0.4883, true
2018-10-06 01:11:00, 2018-10-06 01:11:59, false, -0.0059, 0.0068, 0.1068, true
2018-10-06 01:12:00, 2018-10-06 01:12:59, true, 0.0108, 0.0167, -0.4956, true
2018-10-06 01:13:00, 2018-10-06 01:13:59, false, -0.0098, 0.0112, 0.0591, true
2018-10-06 01:14:00, 2018-10-06 01:14:59, true, 0.0176, 0.0227, -0.0621, true
2018-10-06 01:15:00, 2018-10-06 01:15:59, true, 0.0042, 0.0218, -0.0694, true
2018-10-06 01:16:00, 2018-10-06 01:16:58, true, 0.0094, 0.0310, 0.0094, true
2018-10-06 01:17:00, 2018-10-06 01:17:59, false, -0.0002, 0.0164, -0.0485, true
2018-10-06 01:18:00, 2018-10-06 01:18:59, false, -0.0015, 0.0151, 0.0036, true
2018-10-06 01:19:01, 2018-10-06 01:19:59, true, 0.0062, 0.0077, 0.0329, true
2018-10-06 01:20:00, 2018-10-06 01:20:59, false, -0.0002, 0.0062, -0.0132, true
2018-10-06 01:21:00, 2018-10-06 01:21:59, true, 0.0061, 0.0061, -0.0407, true
2018-10-06 01:22:00, 2018-10-06 01:22:58, false, -0.0315, 0.0067, 0.0091, true
2018-10-06 01:23:00, 2018-10-06 01:23:59, true, 0.0118, 0.0124, 0.2120, true
2018-10-06 01:24:00, 2018-10-06 01:24:59, true, 0.0056, 0.0177, -0.1151, true
2018-10-06 01:25:00, 2018-10-06 01:25:59, false, -0.0048, 0.0135, -0.0694, true
2018-10-06 01:26:00, 2018-10-06 01:26:58, true, 0.0030, 0.0030, -0.0153, true
2018-10-06 01:27:00, 2018-10-06 01:27:59, true, 0.0005, 0.0042, 0.0256, true
2018-10-06 01:28:00, 2018-10-06 01:28:58, true, 0.0048, 0.0061, 0.0810, true
2018-10-06 01:29:00, 2018-10-06 01:29:58, false, -0.0033, 0.0101, -0.1180, true
2018-10-06 01:30:00, 2018-10-06 01:30:59, true, 0.0077, 0.0089, 0.0332, true
2018-10-06 01:31:00, 2018-10-06 01:31:59, false, -0.0018, 0.0077, 0.0442, true
2018-10-06 01:32:00, 2018-10-06 01:32:59, false, -0.0065, 0.0035, 0.2170, true
2018-10-06 01:33:00, 2018-10-06 01:33:58, false, -0.0008, 0.0088, -0.2312, true
2018-10-06 01:34:00, 2018-10-06 01:34:56, false, -0.0035, 0.0002, 0.0094, true
2018-10-06 01:35:00, 2018-10-06 01:35:59, true, 0.0094, 0.0097, -0.0250, true
2018-10-06 01:36:00, 2018-10-06 01:36:59, false, -0.0005, 0.0094, -0.0403, true
2018-10-06 01:37:00, 2018-10-06 01:37:59, false, -0.0224, 0.0151, 0.1174, true
2018-10-06 01:38:00, 2018-10-06 01:38:57, false, -0.0071, 0.0014, -0.1265, true
2018-10-06 01:39:00, 2018-10-06 01:39:59, false, -0.0023, 0.0161, 0.0803, true
2018-10-06 01:40:01, 2018-10-06 01:40:59, false, -0.0021, 0.0002, -0.0359, true
2018-10-06 01:41:00, 2018-10-06 01:41:56, false, -0.0006, 0.0002, 0.0282, true
2018-10-06 01:42:00, 2018-10-06 01:42:59, true, 0.0135, 0.0144, -0.0654, true
2018-10-06 01:43:00, 2018-10-06 01:43:59, false, -0.0077, 0.0156, 0.9783, true
2018-10-06 01:44:01, 2018-10-06 01:44:59, false, 0.0000, 0.0000, -0.9149, true
2018-10-06 01:45:00, 2018-10-06 01:45:58, false, 0.0000, 0.0059, 0.0039, true
2018-10-06 01:46:00, 2018-10-06 01:46:59, true, 0.0029, 0.0039, -0.0418, true
2018-10-06 01:47:00, 2018-10-06 01:47:59, true, 0.0189, 0.0221, 0.0465, true
2018-10-06 01:48:00, 2018-10-06 01:48:59, true, 0.0017, 0.0223, -0.0108, true
2018-10-06 01:49:00, 2018-10-06 01:49:57, true, 0.0021, 0.0109, -0.0227, true
2018-10-06 01:50:00, 2018-10-06 01:50:59, true, 0.0002, 0.0050, -0.0527, true
2018-10-06 01:51:00, 2018-10-06 01:51:59, false, -0.0021, 0.0021, 0.0086, true
2018-10-06 01:52:00, 2018-10-06 01:52:59, true, 0.0029, 0.0045, 0.0862, true
2018-10-06 01:53:00, 2018-10-06 01:53:58, true, 0.0017, 0.0115, 0.2152, true
2018-10-06 01:54:00, 2018-10-06 01:54:58, false, -0.0074, 0.0036, -0.0966, true
2018-10-06 01:55:00, 2018-10-06 01:55:59, false, -0.0024, 0.0000, -0.1737, true
2018-10-06 01:56:00, 2018-10-06 01:56:59, true, 0.0071, 0.0074, 0.0089, true
2018-10-06 01:57:00, 2018-10-06 01:57:58, false, -0.0195, 0.0073, 0.0005, true
2018-10-06 01:58:00, 2018-10-06 01:58:59, true, 0.0011, 0.0074, 0.1775, true
2018-10-06 01:59:02, 2018-10-06 01:59:59, true, 0.0033, 0.0061, -0.0794, true
2018-10-06 02:00:00, 2018-10-06 02:00:59, true, 0.0039, 0.0108, -0.0659, true
2018-10-06 02:01:00, 2018-10-06 02:01:59, true, 0.0011, 0.0067, 0.0476, true
2018-10-06 02:02:00, 2018-10-06 02:02:55, true, 0.0015, 0.0038, -0.0035, true
2018-10-06 02:03:00, 2018-10-06 02:03:59, true, 0.0021, 0.0044, 0.0674, true
2018-10-06 02:04:00, 2018-10-06 02:04:59, true, 0.0055, 0.0085, -0.0800, true
2018-10-06 02:05:00, 2018-10-06 02:05:59, false, -0.0056, 0.0186, 0.0685, true
2018-10-06 02:06:00, 2018-10-06 02:06:59, false, -0.0032, 0.0008, -0.0901, true
2018-10-06 02:07:00, 2018-10-06 02:07:59, false, -0.0006, 0.0080, -0.0548, true
2018-10-06 02:08:00, 2018-10-06 02:08:59, true, 0.0035, 0.0120, 0.0806, true
2018-10-06 02:09:00, 2018-10-06 02:09:59, true, 0.0059, 0.0094, 0.0792, true
2018-10-06 02:10:00, 2018-10-06 02:10:59, true, 0.0038, 0.0104, 0.0248, true
2018-10-06 02:11:00, 2018-10-06 02:11:59, true, 0.0030, 0.0098, 0.0164, true
2018-10-06 02:12:00, 2018-10-06 02:12:58, true, 0.0073, 0.0115, -0.1417, true
2018-10-06 02:13:00, 2018-10-06 02:13:59, true, 0.0044, 0.0168, 0.1173, true
2018-10-06 02:14:01, 2018-10-06 02:14:58, false, -0.0142, 0.0062, -0.2094, true
2018-10-06 02:15:00, 2018-10-06 02:15:59, false, -0.0042, 0.0162, 0.3774, true
2018-10-06 02:16:00, 2018-10-06 02:16:59, true, 0.0232, 0.0248, -0.2118, true
2018-10-06 02:17:00, 2018-10-06 02:17:54, true, 0.0123, 0.0368, -0.0799, true
2018-10-06 02:18:00, 2018-10-06 02:18:59, true, 0.0067, 0.0232, 0.0378, true
2018-10-06 02:19:02, 2018-10-06 02:19:58, false, -0.0091, 0.0068, -0.0796, true
2018-10-06 02:20:00, 2018-10-06 02:20:59, true, 0.0103, 0.0111, 0.0724, true
2018-10-06 02:21:00, 2018-10-06 02:21:59, false, -0.0023, 0.0109, 0.4040, true
2018-10-06 02:22:00, 2018-10-06 02:22:59, true, 0.0166, 0.0223, -0.4439, true
2018-10-06 02:23:00, 2018-10-06 02:23:59, true, 0.0035, 0.0201, 0.0115, true
2018-10-06 02:24:00, 2018-10-06 02:24:59, false, -0.0020, 0.0039, -0.0003, true
2018-10-06 02:25:02, 2018-10-06 02:25:58, true, 0.0157, 0.0157, 0.0365, true
2018-10-06 02:26:00, 2018-10-06 02:26:59, true, 0.0024, 0.0191, -0.0336, true
2018-10-06 02:27:00, 2018-10-06 02:27:59, true, 0.0008, 0.0056, 0.0239, true
2018-10-06 02:28:00, 2018-10-06 02:28:59, false, -0.0073, 0.0021, 0.0062, true
2018-10-06 02:29:02, 2018-10-06 02:29:59, true, 0.0012, 0.0044, -0.0636, true
2018-10-06 02:30:00, 2018-10-06 02:30:59, true, 0.0048, 0.0073, 0.0439, true
2018-10-06 02:31:02, 2018-10-06 02:31:59, false, -0.0466, 0.0086, 0.0671, true
2018-10-06 02:32:00, 2018-10-06 02:32:58, false, -0.0070, 0.0000, 0.3868, true
2018-10-06 02:33:00, 2018-10-06 02:33:59, true, 0.0061, 0.0071, -0.4944, true
2018-10-06 02:34:01, 2018-10-06 02:34:57, true, 0.0424, 0.0494, 0.0327, true
2018-10-06 02:35:01, 2018-10-06 02:35:58, true, 0.0008, 0.0434, -0.0257, true
2018-10-06 02:36:00, 2018-10-06 02:36:59, false, -0.0030, 0.0021, -0.0042, true
2018-10-06 02:37:01, 2018-10-06 02:37:58, false, -0.0144, 0.0070, 0.0484, true
2018-10-06 02:38:01, 2018-10-06 02:38:57, false, -0.0012, 0.0006, 0.0654, true
2018-10-06 02:39:02, 2018-10-06 02:39:59, false, -0.0009, 0.0006, 0.1017, true
2018-10-06 02:40:00, 2018-10-06 02:40:59, false, -0.0011, 0.0003, 0.0587, true
2018-10-06 02:41:01, 2018-10-06 02:41:59, true, 0.0039, 0.0058, -0.0575, true
2018-10-06 02:42:00, 2018-10-06 02:42:59, true, 0.0091, 0.0147, -0.0731, true
2018-10-06 02:43:00, 2018-10-06 02:43:59, false, -0.0325, 0.0095, 1.0309, true
2018-10-06 02:44:00, 2018-10-06 02:44:59, false, -0.0024, 0.0009, -0.8235, true
2018-10-06 02:45:00, 2018-10-06 02:45:59, false, -0.0002, 0.0008, -0.1322, true
2018-10-06 02:46:01, 2018-10-06 02:46:59, true, 0.0098, 0.0115, -0.0336, true
2018-10-06 02:47:00, 2018-10-06 02:47:59, true, 0.0242, 0.0344, 0.0575, true
2018-10-06 02:48:00, 2018-10-06 02:48:59, false, -0.0394, 0.0269, -0.1553, true
2018-10-06 02:49:01, 2018-10-06 02:49:59, false, -0.0383, -0.0374, -0.1751, true
2018-10-06 02:50:00, 2018-10-06 02:50:58, false, -0.0198, 0.0048, 0.0412, true
2018-10-06 02:51:00, 2018-10-06 02:51:58, true, 0.0422, 0.0518, -0.0303, true
2018-10-06 02:52:00, 2018-10-06 02:52:57, true, 0.0021, 0.0575, 0.0568, true
2018-10-06 02:53:00, 2018-10-06 02:53:59, true, 0.0291, 0.0312, -0.0360, true
2018-10-06 02:54:00, 2018-10-06 02:54:59, true, 0.0008, 0.0101, 0.0988, true
2018-10-06 02:55:00, 2018-10-06 02:55:56, false, -0.0065, 0.0089, -0.1019, true
2018-10-06 02:56:00, 2018-10-06 02:56:59, false, -0.0009, 0.0020, 0.1105, true
2018-10-06 02:57:01, 2018-10-06 02:57:58, false, -0.0091, 0.0091, -0.1137, true
2018-10-06 02:58:00, 2018-10-06 02:58:59, false, -0.0224, 0.0100, 0.0895, true
2018-10-06 02:59:00, 2018-10-06 02:59:59, true, 0.0068, 0.0170, -0.0736, true
2018-10-06 03:00:00, 2018-10-06 03:00:59, true, 0.0036, 0.0104, 0.0501, true
2018-10-06 03:01:00, 2018-10-06 03:01:58, false, -0.0157, 0.0085, -0.0751, true
2018-10-06 03:02:00, 2018-10-06 03:02:59, true, 0.0392, 0.0401, 0.0548, true
2018-10-06 03:03:00, 2018-10-06 03:03:59, true, 0.0176, 0.0636, -0.0507, true
2018-10-06 03:04:01, 2018-10-06 03:04:59, false, -0.0048, 0.0218, 0.0041, true
2018-10-06 03:05:00, 2018-10-06 03:05:59, false, -0.0061, 0.0003, 0.0487, true
2018-10-06 03:06:00, 2018-10-06 03:06:59, false, -0.0182, 0.0015, -0.0562, true
2018-10-06 03:07:00, 2018-10-06 03:07:58, true, 0.0024, 0.0117, 0.0637, true
2018-10-06 03:08:00, 2018-10-06 03:08:59, false, -0.0489, 0.0062, 0.0121, true
2018-10-06 03:09:01, 2018-10-06 03:09:59, false, -0.0023, 0.0120, 0.0925, true
2018-10-06 03:10:01, 2018-10-06 03:10:57, false, -0.0265, 0.0097, -0.0217, true
2018-10-06 03:11:00, 2018-10-06 03:11:59, false, -0.0032, 0.0012, -0.1270, true
2018-10-06 03:12:00, 2018-10-06 03:12:59, true, 0.0012, 0.0014, 0.1815, true
2018-10-06 03:13:00, 2018-10-06 03:13:58, true, 0.0420, 0.0608, -0.1745, true
2018-10-06 03:14:00, 2018-10-06 03:14:59, false, -0.0014, 0.0880, 0.1178, true
2018-10-06 03:15:00, 2018-10-06 03:15:59, false, -0.0351, 0.0050, 0.1807, true
2018-10-06 03:16:00, 2018-10-06 03:16:59, true, 0.0085, 0.0173, -0.2540, true
2018-10-06 03:17:00, 2018-10-06 03:17:59, false, -0.0100, 0.0117, -0.0520, true
2018-10-06 03:18:00, 2018-10-06 03:18:59, true, 0.0039, 0.0050, 0.0218, true
2018-10-06 03:19:00, 2018-10-06 03:19:59, true, 0.0141, 0.0211, 0.0009, true
2018-10-06 03:20:00, 2018-10-06 03:20:59, false, -0.0138, 0.0073, -0.0095, true
2018-10-06 03:21:00, 2018-10-06 03:21:59, false, -0.0341, 0.0006, 0.0821, true
2018-10-06 03:22:00, 2018-10-06 03:22:59, true, 0.0091, 0.0239, -0.0859, true
2018-10-06 03:23:00, 2018-10-06 03:23:59, false, -0.0206, 0.0095, -0.0466, true
2018-10-06 03:24:00, 2018-10-06 03:24:59, false, -0.0008, 0.0002, 0.0654, true
2018-10-06 03:25:00, 2018-10-06 03:25:58, true, 0.0074, 0.0076, 0.0105, true
2018-10-06 03:26:00, 2018-10-06 03:26:59, false, -0.0261, 0.0089, -0.0523, true
2018-10-06 03:27:00, 2018-10-06 03:27:59, true, 0.0006, 0.0249, 0.2686, true
2018-10-06 03:28:00, 2018-10-06 03:28:59, false, -0.0121, 0.0091, 0.1944, true
2018-10-06 03:29:01, 2018-10-06 03:29:59, false, -0.0041, 0.0282, -0.4371, true
2018-10-06 03:30:00, 2018-10-06 03:30:59, true, 0.0240, 0.0255, 0.2648, true
2018-10-06 03:31:00, 2018-10-06 03:31:59, false, -0.0299, 0.0296, 0.1275, true
2018-10-06 03:32:01, 2018-10-06 03:32:59, true, 0.0035, 0.0274, -0.0983, true
2018-10-06 03:33:00, 2018-10-06 03:33:59, true, 0.1325, 0.1375, -0.0530, true
2018-10-06 03:34:01, 2018-10-06 03:34:59, false, -0.0061, 0.1355, -0.0491, true
2018-10-06 03:35:00, 2018-10-06 03:35:59, false, -0.0150, 0.0050, 0.1131, true
2018-10-06 03:36:00, 2018-10-06 03:36:59, true, 0.0130, 0.0130, -0.2091, true
2018-10-06 03:37:00, 2018-10-06 03:37:59, false, -0.0300, 0.0144, 0.0542, true
2018-10-06 03:38:00, 2018-10-06 03:38:58, false, -0.0138, 0.0105, 0.1832, true
2018-10-06 03:39:00, 2018-10-06 03:39:59, true, 0.0486, 0.0547, -0.0309, true
2018-10-06 03:40:00, 2018-10-06 03:40:59, false, -0.0285, 0.0580, -0.0751, true
2018-10-06 03:41:01, 2018-10-06 03:41:59, false, -0.0052, 0.0002, 0.0130, true
2018-10-06 03:42:00, 2018-10-06 03:42:59, true, 0.0086, 0.0086, -0.1393, true
2018-10-06 03:43:00, 2018-10-06 03:43:59, false, -0.0038, 0.0100, 0.0229, true
2018-10-06 03:44:00, 2018-10-06 03:44:59, true, 0.0121, 0.0153, -0.1177, true
2018-10-06 03:45:00, 2018-10-06 03:45:59, false, -0.0024, 0.0091, 0.0516, true
2018-10-06 03:46:00, 2018-10-06 03:46:59, true, 0.0085, 0.0182, -0.0494, true
2018-10-06 03:47:00, 2018-10-06 03:47:59, true, 0.0109, 0.0221, -0.0350, true
2018-10-06 03:48:00, 2018-10-06 03:48:59, false, -0.0038, 0.0108, 0.0230, true
2018-10-06 03:49:00, 2018-10-06 03:49:59, true, 0.0073, 0.0138, 0.0203, true
2018-10-06 03:50:00, 2018-10-06 03:50:59, true, 0.0038, 0.0111, -0.0141, true
2018-10-06 03:51:00, 2018-10-06 03:51:59, false, -0.0448, 0.0044, 0.1016, true
2018-10-06 03:52:00, 2018-10-06 03:52:59, true, 0.0129, 0.0171, -0.1368, true
2018-10-06 03:53:00, 2018-10-06 03:53:58, true, 0.0233, 0.0512, 0.0533, true
2018-10-06 03:54:00, 2018-10-06 03:54:59, true, 0.0003, 0.0335, -0.0313, true
2018-10-06 03:55:00, 2018-10-06 03:55:58, true, 0.0288, 0.0500, 0.3459, true
2018-10-06 03:56:00, 2018-10-06 03:56:59, false, -0.0203, 0.0055, -0.2704, true
2018-10-06 03:57:00, 2018-10-06 03:57:59, false, -0.0250, 0.0076, 0.0002, true
2018-10-06 03:58:00, 2018-10-06 03:58:59, true, 0.0012, 0.0079, 0.2101, true
2018-10-06 03:59:00, 2018-10-06 03:59:59, true, 0.0048, 0.0061, -0.2596, true
2018-10-06 04:00:00, 2018-10-06 04:00:59, true, 0.0014, 0.0120, -0.0220, true
2018-10-06 04:01:00, 2018-10-06 04:01:59, true, 0.0062, 0.0115, 0.0150, true
2018-10-06 04:02:00, 2018-10-06 04:02:59, false, -0.0088, 0.0158, 0.0098, true
2018-10-06 04:03:00, 2018-10-06 04:03:59, true, 0.0067, 0.0067, -0.0519, true
2018-10-06 04:04:00, 2018-10-06 04:04:59, false, -0.0108, 0.0071, 0.0370, true
2018-10-06 04:05:00, 2018-10-06 04:05:59, true, 0.0018, 0.0064, 0.0003, true
2018-10-06 04:06:00, 2018-10-06 04:06:58, false, -0.0079, 0.0106, 0.1300, true
2018-10-06 04:07:00, 2018-10-06 04:07:59, true, 0.0042, 0.0062, 0.0391, true
2018-10-06 04:08:00, 2018-10-06 04:08:59, true, 0.0132, 0.0174, -0.1171, true
2018-10-06 04:09:00, 2018-10-06 04:09:59, true, 0.0073, 0.0207, -0.0270, true
2018-10-06 04:10:00, 2018-10-06 04:10:59, true, 0.0138, 0.0215, 0.2002, true
2018-10-06 04:11:00, 2018-10-06 04:11:59, true, 0.0230, 0.0382, -0.0829, true
2018-10-06 04:12:00, 2018-10-06 04:12:59, true, 0.0080, 0.0351, -0.0112, true
2018-10-06 04:13:00, 2018-10-06 04:13:59, false, -0.0038, 0.0086, -0.0422, true
2018-10-06 04:14:00, 2018-10-06 04:14:59, false, -0.0106, 0.0088, 0.0086, true
2018-10-06 04:15:00, 2018-10-06 04:15:59, true, 0.0097, 0.0163, 0.0397, true
2018-10-06 04:16:00, 2018-10-06 04:16:59, true, 0.0048, 0.0156, -0.0026, true
2018-10-06 04:17:00, 2018-10-06 04:17:59, true, 0.0005, 0.0091, 0.0982, true
2018-10-06 04:18:00, 2018-10-06 04:18:59, false, -0.0083, 0.0006, -0.1220, true
2018-10-06 04:19:00, 2018-10-06 04:19:59, true, 0.0070, 0.0120, -0.0085, true
2018-10-06 04:20:00, 2018-10-06 04:20:59, false, -0.0062, 0.0245, 0.1223, true
2018-10-06 04:21:00, 2018-10-06 04:21:58, true, 0.0073, 0.0085, 0.0572, true
2018-10-06 04:22:00, 2018-10-06 04:22:59, false, -0.0027, 0.0077, -0.1969, true
2018-10-06 04:23:00, 2018-10-06 04:23:59, false, -0.0076, 0.0006, 0.1052, true
2018-10-06 04:24:00, 2018-10-06 04:24:59, true, 0.0039, 0.0080, -0.0247, true
2018-10-06 04:25:00, 2018-10-06 04:25:59, true, 0.0005, 0.0163, 0.1073, true
2018-10-06 04:26:00, 2018-10-06 04:26:59, false, -0.0021, -0.0008, -0.2027, true
2018-10-06 04:27:00, 2018-10-06 04:27:59, true, 0.0012, 0.0020, 0.0377, true
2018-10-06 04:28:00, 2018-10-06 04:28:59, false, -0.0003, 0.0018, 0.1745, true
2018-10-06 04:29:00, 2018-10-06 04:29:58, true, 0.0238, 0.0238, 0.0439, true
2018-10-06 04:30:00, 2018-10-06 04:30:59, true, 0.0188, 0.0515, 0.1466, true
2018-10-06 04:31:00, 2018-10-06 04:31:59, true, 0.0035, 0.0254, -0.3403, true
2018-10-06 04:32:00, 2018-10-06 04:32:59, false, -0.0103, 0.0033, -0.0752, true
2018-10-06 04:33:00, 2018-10-06 04:33:58, false, -0.0021, 0.0036, 0.0124, true
2018-10-06 04:34:00, 2018-10-06 04:34:59, true, 0.0012, 0.0098, 0.0699, true
2018-10-06 04:35:00, 2018-10-06 04:35:59, true, 0.0051, 0.0064, 0.0035, true
2018-10-06 04:36:00, 2018-10-06 04:36:59, true, 0.0015, 0.0092, -0.0643, true
2018-10-06 04:37:00, 2018-10-06 04:37:58, true, 0.0062, 0.0185, -0.0446, true
2018-10-06 04:38:00, 2018-10-06 04:38:59, true, 0.0045, 0.0107, -0.0756, true
2018-10-06 04:39:00, 2018-10-06 04:39:59, true, 0.0015, 0.0129, 0.1460, true
2018-10-06 04:40:00, 2018-10-06 04:40:59, false, -0.0118, 0.0030, -0.0295, true
2018-10-06 04:41:00, 2018-10-06 04:41:59, false, -0.0189, 0.0000, 0.2314, true
2018-10-06 04:42:00, 2018-10-06 04:42:59, true, 0.0058, 0.0071, -0.2459, true
2018-10-06 04:43:00, 2018-10-06 04:43:58, true, 0.0027, 0.0085, 0.1009, true
2018-10-06 04:44:00, 2018-10-06 04:44:59, false, -0.0079, 0.0120, -0.0822, true
2018-10-06 04:45:00, 2018-10-06 04:45:59, true, 0.0012, 0.0077, 0.0206, true
2018-10-06 04:46:00, 2018-10-06 04:46:58, true, 0.0026, 0.0058, 0.0551, true
2018-10-06 04:47:00, 2018-10-06 04:47:59, true, 0.0045, 0.0089, 0.2199, true
2018-10-06 04:48:02, 2018-10-06 04:48:59, true, 0.0059, 0.0062, -0.2888, true
2018-10-06 04:49:00, 2018-10-06 04:49:59, false, -0.0269, 0.0123, 0.0760, true
2018-10-06 04:50:00, 2018-10-06 04:50:59, true, 0.0035, 0.0076, -0.0266, true
2018-10-06 04:51:00, 2018-10-06 04:51:59, true, 0.0038, 0.0062, -0.0416, true
2018-10-06 04:52:00, 2018-10-06 04:52:59, false, -0.0002, 0.0107, -0.0537, true
2018-10-06 04:53:00, 2018-10-06 04:53:59, false, -0.0006, 0.0058, 0.0572, true
2018-10-06 04:54:01, 2018-10-06 04:54:59, true, 0.0067, 0.0117, -0.0362, true
2018-10-06 04:55:00, 2018-10-06 04:55:59, false, -0.0404, 0.0038, -0.1084, true
2018-10-06 04:56:00, 2018-10-06 04:56:59, true, 0.0123, 0.0157, 0.0548, true
2018-10-06 04:57:00, 2018-10-06 04:57:58, true, 0.0422, 0.0663, -0.0195, true
2018-10-06 04:58:00, 2018-10-06 04:58:59, true, 0.0051, 0.0498, 0.0903, true
2018-10-06 04:59:00, 2018-10-06 04:59:58, false, -0.0068, 0.0192, 0.1424, true
2018-10-06 05:00:00, 2018-10-06 05:00:59, false, -0.0032, 0.0032, 0.0179, true
2018-10-06 05:01:00, 2018-10-06 05:01:59, false, -0.0107, 0.0077, -0.1528, true
2018-10-06 05:02:00, 2018-10-06 05:02:59, false, -0.0188, 0.0002, 0.0179, true
2018-10-06 05:03:00, 2018-10-06 05:03:59, false, -0.0133, 0.0351, 0.1399, true
2018-10-06 05:04:01, 2018-10-06 05:04:57, false, -0.0170, 0.0067, -0.1809, true
2018-10-06 05:05:00, 2018-10-06 05:05:59, false, -0.0061, -0.0012, 0.0890, true
2018-10-06 05:06:00, 2018-10-06 05:06:59, false, -0.0011, 0.0108, 0.0986, true
2018-10-06 05:07:00, 2018-10-06 05:07:58, false, -0.0133, 0.0129, -0.1339, true
2018-10-06 05:08:00, 2018-10-06 05:08:59, true, 0.0135, 0.0201, -0.0058, true
2018-10-06 05:09:00, 2018-10-06 05:09:59, true, 0.0014, 0.0148, 0.1077, true
2018-10-06 05:10:00, 2018-10-06 05:10:59, true, 0.0182, 0.0244, 0.1939, true
2018-10-06 05:11:00, 2018-10-06 05:11:58, false, -0.0136, 0.0194, -0.0266, true
2018-10-06 05:12:00, 2018-10-06 05:12:59, true, 0.0120, 0.0186, -0.2089, true
2018-10-06 05:13:00, 2018-10-06 05:13:58, false, -0.0098, 0.0186, -0.0678, true
2018-10-06 05:14:00, 2018-10-06 05:14:59, false, -0.0117, 0.0020, -0.0227, true
2018-10-06 05:15:00, 2018-10-06 05:15:59, false, -0.0033, 0.0233, 0.1298, true
2018-10-06 05:16:00, 2018-10-06 05:16:59, false, -0.0041, 0.0006, -0.1493, true
2018-10-06 05:17:00, 2018-10-06 05:17:59, true, 0.0104, 0.0115, 0.0386, true
2018-10-06 05:18:00, 2018-10-06 05:18:59, false, -0.0011, 0.0121, 0.0118, true
2018-10-06 05:19:00, 2018-10-06 05:19:59, false, -0.0077, 0.0067, 0.0421, true
2018-10-06 05:20:00, 2018-10-06 05:20:59, true, 0.0027, 0.0053, -0.0625, true
2018-10-06 05:21:00, 2018-10-06 05:21:59, false, -0.0100, 0.0036, 0.1760, true
2018-10-06 05:22:00, 2018-10-06 05:22:59, true, 0.0210, 0.0223, -0.1619, true
2018-10-06 05:23:00, 2018-10-06 05:23:59, false, -0.0083, 0.0217, 0.0186, true
2018-10-06 05:24:00, 2018-10-06 05:24:59, false, -0.0100, 0.0182, 0.1475, true
2018-10-06 05:25:00, 2018-10-06 05:25:58, true, 0.0024, 0.0032, -0.1728, true
2018-10-06 05:26:01, 2018-10-06 05:26:59, false, -0.0012, 0.0082, -0.0501, true
2018-10-06 05:27:00, 2018-10-06 05:27:59, true, 0.0006, 0.0038, -0.0095, true
2018-10-06 05:28:00, 2018-10-06 05:28:59, true, 0.0058, 0.0103, -0.0179, true
2018-10-06 05:29:00, 2018-10-06 05:29:59, true, 0.0012, 0.0073, 0.0395, true
2018-10-06 05:30:00, 2018-10-06 05:30:59, true, 0.0015, 0.0039, 0.1392, true
2018-10-06 05:31:00, 2018-10-06 05:31:59, true, 0.0018, 0.0094, -0.1098, true
2018-10-06 05:32:00, 2018-10-06 05:32:59, false, -0.0029, 0.0067, 0.1432, true
2018-10-06 05:33:00, 2018-10-06 05:33:58, false, -0.0186, 0.0006, -0.0953, true
2018-10-06 05:34:00, 2018-10-06 05:34:59, false, -0.0014, 0.0005, -0.0315, true
2018-10-06 05:35:00, 2018-10-06 05:35:59, true, 0.0012, 0.0015, 0.4039, true
2018-10-06 05:36:00, 2018-10-06 05:36:58, true, 0.0021, 0.0042, -0.2238, true
2018-10-06 05:37:00, 2018-10-06 05:37:59, true, 0.0015, 0.0070, 0.1243, true
2018-10-06 05:38:00, 2018-10-06 05:38:59, false, -0.0008, 0.0029, -0.0940, true
2018-10-06 05:39:00, 2018-10-06 05:39:59, false, -0.0009, 0.0045, -0.0721, true
2018-10-06 05:40:00, 2018-10-06 05:40:59, true, 0.0032, 0.0077, 0.0853, true
2018-10-06 05:41:00, 2018-10-06 05:41:59, false, -0.0067, 0.0129, 0.1007, true
2018-10-06 05:42:00, 2018-10-06 05:42:59, false, -0.0026, 0.0079, 0.2195, true
2018-10-06 05:43:00, 2018-10-06 05:43:59, false, -0.0089, 0.0042, 0.0185, true
2018-10-06 05:44:03, 2018-10-06 05:44:58, true, 0.0112, 0.0126, -0.2328, true
2018-10-06 05:45:00, 2018-10-06 05:45:58, true, 0.0114, 0.0204, -0.1994, true
2018-10-06 05:46:01, 2018-10-06 05:46:59, false, -0.0055, 0.0118, 0.2656, true
2018-10-06 05:47:00, 2018-10-06 05:47:57, true, 0.0005, 0.0005, 0.1357, true
2018-10-06 05:48:00, 2018-10-06 05:48:58, false, -0.0321, 0.0035, -0.6014, true
2018-10-06 05:49:00, 2018-10-06 05:49:58, true, 0.0012, 0.0185, 0.3601, true
2018-10-06 05:50:00, 2018-10-06 05:50:59, true, 0.0017, 0.0077, 0.3316, true
2018-10-06 05:51:02, 2018-10-06 05:51:59, false, -0.0008, 0.0035, -0.4881, true
2018-10-06 05:52:00, 2018-10-06 05:52:59, false, -0.0018, 0.0011, 0.2480, true
2018-10-06 05:53:00, 2018-10-06 05:53:58, false, -0.0414, 0.0033, 0.1285, true
2018-10-06 05:54:00, 2018-10-06 05:54:59, true, 0.0118, 0.0150, -0.0306, true
2018-10-06 05:55:00, 2018-10-06 05:55:59, false, -0.0030, 0.0124, -0.5331, true
2018-10-06 05:56:00, 2018-10-06 05:56:55, false, -0.0120, 0.0008, 0.1035, true
2018-10-06 05:57:00, 2018-10-06 05:57:59, false, -0.0036, 0.0011, 0.0230, true
2018-10-06 05:58:00, 2018-10-06 05:58:59, false, -0.0623, 0.0000, 0.3553, true
2018-10-06 05:59:00, 2018-10-06 05:59:59, false, -0.0050, 0.0021, -0.5213, true
2018-10-06 06:00:00, 2018-10-06 06:00:59, false, -0.0147, 0.0032, 0.2729, true
2018-10-06 06:01:00, 2018-10-06 06:01:59, true, 0.0106, 0.0143, 0.1226, true
2018-10-06 06:02:00, 2018-10-06 06:02:56, false, -0.0026, 0.0049, -0.2265, true
2018-10-06 06:03:01, 2018-10-06 06:03:59, false, -0.0455, 0.0021, -0.1059, true
2018-10-06 06:04:00, 2018-10-06 06:04:59, false, -0.0018, 0.0033, -0.0235, true
2018-10-06 06:05:00, 2018-10-06 06:05:59, true, 0.1659, 0.1678, -0.0497, true
2018-10-06 06:06:00, 2018-10-06 06:06:59, true, 0.0030, 0.1733, 0.0580, true
2018-10-06 06:07:00, 2018-10-06 06:07:59, false, -0.0006, 0.0030, 0.0476, true
2018-10-06 06:08:01, 2018-10-06 06:08:58, true, 0.0026, 0.0144, 0.0377, true
2018-10-06 06:09:00, 2018-10-06 06:09:57, true, 0.0053, 0.0053, -0.0782, true
2018-10-06 06:10:00, 2018-10-06 06:10:59, true, 0.0003, 0.0050, 0.0317, true
2018-10-06 06:11:00, 2018-10-06 06:11:59, false, -0.0030, 0.0044, -0.0730, true
2018-10-06 06:12:00, 2018-10-06 06:12:57, true, 0.0033, 0.0041, 0.0694, true
2018-10-06 06:13:01, 2018-10-06 06:13:59, true, 0.0241, 0.0289, 0.0907, true
2018-10-06 06:14:00, 2018-10-06 06:14:59, true, 0.0055, 0.0295, -0.0710, true
2018-10-06 06:15:00, 2018-10-06 06:15:58, false, -0.0017, 0.0097, -0.0674, true
2018-10-06 06:16:00, 2018-10-06 06:16:59, true, 0.0059, 0.0139, 0.0716, true
2018-10-06 06:17:00, 2018-10-06 06:17:59, false, -0.0123, 0.0061, -0.0491, true
2018-10-06 06:18:00, 2018-10-06 06:18:59, true, 0.0012, 0.0070, 0.0794, true
2018-10-06 06:19:02, 2018-10-06 06:19:59, false, -0.0002, 0.0012, -0.1978, true
2018-10-06 06:20:00, 2018-10-06 06:20:59, true, 0.0170, 0.0171, 0.2915, true
2018-10-06 06:21:00, 2018-10-06 06:21:59, true, 0.0045, 0.0217, -0.1610, true
2018-10-06 06:22:00, 2018-10-06 06:22:59, true, 0.0061, 0.0118, 0.0940, true
2018-10-06 06:23:00, 2018-10-06 06:23:59, false, -0.0077, 0.0112, 0.5618, true
2018-10-06 06:24:00, 2018-10-06 06:24:59, true, 0.0055, 0.0077, -0.5794, true
2018-10-06 06:25:01, 2018-10-06 06:25:58, false, -0.0115, 0.0151, 0.0474, true
2018-10-06 06:26:00, 2018-10-06 06:26:59, true, 0.0141, 0.0145, 0.0036, true
2018-10-06 06:27:01, 2018-10-06 06:27:59, true, 0.0089, 0.0271, -0.1211, true
2018-10-06 06:28:00, 2018-10-06 06:28:59, false, -0.0015, 0.0088, 0.1055, true
2018-10-06 06:29:01, 2018-10-06 06:29:59, false, -0.0164, -0.0153, -0.0815, true
2018-10-06 06:30:00, 2018-10-06 06:30:58, true, 0.0035, 0.0091, 0.0525, true
2018-10-06 06:31:00, 2018-10-06 06:31:59, true, 0.0200, 0.0241, -0.0733, true
2018-10-06 06:32:00, 2018-10-06 06:32:58, false, -0.0247, 0.0256, 0.1519, true
2018-10-06 06:33:00, 2018-10-06 06:33:59, true, 0.0115, 0.0123, -0.0801, true
2018-10-06 06:34:00, 2018-10-06 06:34:59, false, -0.0009, 0.0123, -0.0680, true
2018-10-06 06:35:00, 2018-10-06 06:35:59, false, -0.0011, 0.0006, -0.0365, true
2018-10-06 06:36:00, 2018-10-06 06:36:59, true, 0.0006, 0.0058, 0.0303, true
2018-10-06 06:37:00, 2018-10-06 06:37:59, false, -0.0017, 0.0008, 0.1771, true
2018-10-06 06:38:00, 2018-10-06 06:38:58, false, -0.0011, 0.0050, -0.2014, true
2018-10-06 06:39:03, 2018-10-06 06:39:59, true, 0.0017, 0.0032, -0.0439, true
2018-10-06 06:40:00, 2018-10-06 06:40:59, true, 0.0020, 0.0050, 0.0118, true
2018-10-06 06:41:00, 2018-10-06 06:41:59, false, -0.0036, 0.0094, -0.0191, true
2018-10-06 06:42:01, 2018-10-06 06:42:58, true, 0.0015, 0.0108, 0.2704, true
2018-10-06 06:43:00, 2018-10-06 06:43:59, true, 0.0002, 0.0018, -0.1479, true
2018-10-06 06:44:00, 2018-10-06 06:44:59, false, -0.0062, 0.0009, -0.0860, true
2018-10-06 06:45:00, 2018-10-06 06:45:57, true, 0.0079, 0.0080, 0.0171, true
2018-10-06 06:46:00, 2018-10-06 06:46:59, false, -0.0064, 0.0073, -0.0542, true
2018-10-06 06:47:00, 2018-10-06 06:47:59, true, 0.0017, 0.0021, 0.1352, true
2018-10-06 06:48:00, 2018-10-06 06:48:58, false, -0.0009, 0.0074, -0.0972, true
2018-10-06 06:49:00, 2018-10-06 06:49:59, false, -0.0139, 0.0097, 0.0476, true
2018-10-06 06:50:00, 2018-10-06 06:50:59, false, -0.0011, 0.0023, -0.0447, true
2018-10-06 06:51:00, 2018-10-06 06:51:59, true, 0.0023, 0.0032, 0.0133, true
2018-10-06 06:52:00, 2018-10-06 06:52:59, true, 0.0082, 0.0106, 0.0515, true
2018-10-06 06:53:00, 2018-10-06 06:53:59, true, 0.0065, 0.0148, -0.0425, true
2018-10-06 06:54:00, 2018-10-06 06:54:59, false, -0.0032, 0.0136, 0.1278, true
2018-10-06 06:55:00, 2018-10-06 06:55:59, false, -0.0026, 0.0088, -0.1263, true
2018-10-06 06:56:00, 2018-10-06 06:56:58, false, -0.0015, 0.0026, -0.0056, true
2018-10-06 06:57:00, 2018-10-06 06:57:59, false, -0.0124, 0.0005, 0.0407, true
2018-10-06 06:58:00, 2018-10-06 06:58:59, true, 0.0036, 0.0042, 0.0394, true
2018-10-06 06:59:00, 2018-10-06 06:59:59, true, 0.0029, 0.0142, -0.0772, true
2018-10-06 07:00:00, 2018-10-06 07:00:59, false, -0.0097, 0.0080, -0.0097, true
2018-10-06 07:01:00, 2018-10-06 07:01:59, true, 0.0017, 0.0020, -0.0492, true
2018-10-06 07:02:00, 2018-10-06 07:02:59, true, 0.0033, 0.0050, 0.0757, true
2018-10-06 07:03:00, 2018-10-06 07:03:59, true, 0.0021, 0.0073, 0.0447, true
2018-10-06 07:04:00, 2018-10-06 07:04:59, true, 0.0132, 0.0167, 0.1753, true
2018-10-06 07:05:00, 2018-10-06 07:05:59, true, 0.0005, 0.0268, 0.1852, true
2018-10-06 07:06:00, 2018-10-06 07:06:58, true, 0.0009, 0.0051, -0.5184, true
2018-10-06 07:07:00, 2018-10-06 07:07:59, false, -0.0056, 0.0030, 0.3539, true
2018-10-06 07:08:00, 2018-10-06 07:08:59, true, 0.0039, 0.0148, -0.3327, true
2018-10-06 07:09:00, 2018-10-06 07:09:59, true, 0.0032, 0.0071, -0.0362, true
2018-10-06 07:10:00, 2018-10-06 07:10:59, true, 0.0039, 0.0082, 0.4256, true
2018-10-06 07:11:00, 2018-10-06 07:11:58, true, 0.0044, 0.0085, -0.4159, true
2018-10-06 07:12:00, 2018-10-06 07:12:58, true, 0.0130, 0.0251, 0.2533, true
2018-10-06 07:13:00, 2018-10-06 07:13:59, true, 0.0036, 0.0168, 0.1397, true
2018-10-06 07:14:00, 2018-10-06 07:14:59, true, 0.0133, 0.0297, 0.0736, true
2018-10-06 07:15:00, 2018-10-06 07:15:59, true, 0.0324, 0.0474, -0.0477, true
2018-10-06 07:16:00, 2018-10-06 07:16:59, true, 0.0092, 0.0430, -0.1805, true
2018-10-06 07:17:00, 2018-10-06 07:17:59, false, -0.0015, 0.0107, -0.0619, true
2018-10-06 07:18:00, 2018-10-06 07:18:59, true, 0.0035, 0.0085, -0.1377, true
2018-10-06 07:19:00, 2018-10-06 07:19:59, false, -0.0035, 0.0100, 0.1365, true
2018-10-06 07:20:00, 2018-10-06 07:20:59, true, 0.0118, 0.0169, -0.1549, true
2018-10-06 07:21:00, 2018-10-06 07:21:58, true, 0.0030, 0.0189, 0.3180, true
2018-10-06 07:22:00, 2018-10-06 07:22:59, true, 0.0080, 0.0126, -0.1166, true
2018-10-06 07:23:00, 2018-10-06 07:23:59, false, -0.0020, 0.0083, -0.1181, true
2018-10-06 07:24:00, 2018-10-06 07:24:59, false, -0.0189, 0.0042, 0.1431, true
2018-10-06 07:25:00, 2018-10-06 07:25:59, false, -0.0091, 0.0005, -0.0570, true
2018-10-06 07:26:00, 2018-10-06 07:26:59, false, -0.0219, 0.0017, 0.0737, true
2018-10-06 07:27:00, 2018-10-06 07:27:59, true, 0.0008, 0.0067, 0.6807, true
2018-10-06 07:28:00, 2018-10-06 07:28:59, true, 0.0017, 0.0082, -0.9144, true
2018-10-06 07:29:00, 2018-10-06 07:29:59, true, 0.0014, 0.0062, -0.0328, true
2018-10-06 07:30:00, 2018-10-06 07:30:59, false, -0.0067, 0.0021, -0.0076, true
2018-10-06 07:31:00, 2018-10-06 07:31:58, true, 0.0005, 0.0011, 0.0509, true
2018-10-06 07:32:00, 2018-10-06 07:32:58, true, 0.0020, 0.0045, 0.0857, true
2018-10-06 07:33:01, 2018-10-06 07:33:59, false, -0.0301, 0.0044, -0.1294, true
2018-10-06 07:34:00, 2018-10-06 07:34:59, true, 0.0009, 0.0132, 0.0074, true
2018-10-06 07:35:00, 2018-10-06 07:35:59, false, -0.0005, 0.0014, 0.1252, true
2018-10-06 07:36:00, 2018-10-06 07:36:59, true, 0.0073, 0.0082, 0.1194, true
2018-10-06 07:37:00, 2018-10-06 07:37:59, true, 0.0071, 0.0156, -0.0608, true
2018-10-06 07:38:00, 2018-10-06 07:38:58, false, -0.0432, 0.0071, -0.0659, true
2018-10-06 07:39:02, 2018-10-06 07:39:59, false, -0.0033, 0.0070, 0.0774, true
2018-10-06 07:40:00, 2018-10-06 07:40:58, true, 0.0881, 0.0883, -0.1306, true
2018-10-06 07:41:00, 2018-10-06 07:41:59, false, -0.0036, 0.0911, -0.0054, true
2018-10-06 07:42:00, 2018-10-06 07:42:59, false, -0.0107, 0.0038, 0.2190, true
2018-10-06 07:43:00, 2018-10-06 07:43:59, false, -0.0023, 0.0015, 0.1135, true
2018-10-06 07:44:02, 2018-10-06 07:44:59, true, 0.0011, 0.0014, -0.3415, true
2018-10-06 07:45:00, 2018-10-06 07:45:59, true, 0.0051, 0.0056, 0.0663, true
2018-10-06 07:46:00, 2018-10-06 07:46:59, false, -0.0064, 0.0073, -0.0074, true
2018-10-06 07:47:00, 2018-10-06 07:47:59, false, -0.0080, 0.0106, -0.0431, true
2018-10-06 07:48:00, 2018-10-06 07:48:59, false, -0.0011, 0.0018, -0.0107, true
2018-10-06 07:49:01, 2018-10-06 07:49:59, true, 0.0005, 0.0006, 0.0879, true
2018-10-06 07:50:00, 2018-10-06 07:50:59, true, 0.0009, 0.0065, 0.0390, true
2018-10-06 07:51:00, 2018-10-06 07:51:59, true, 0.0005, 0.0067, -0.0245, true
2018-10-06 07:52:00, 2018-10-06 07:52:59, true, 0.0015, 0.0042, -0.0855, true
2018-10-06 07:53:00, 2018-10-06 07:53:59, true, 0.0095, 0.0110, 0.1663, true
2018-10-06 07:54:00, 2018-10-06 07:54:59, true, 0.0014, 0.0219, 0.2244, true
2018-10-06 07:55:00, 2018-10-06 07:55:58, false, -0.0127, 0.0100, -0.3954, true
2018-10-06 07:56:00, 2018-10-06 07:56:59, false, -0.0191, 0.0005, 0.1258, true
2018-10-06 07:57:00, 2018-10-06 07:57:59, false, -0.0210, 0.0074, 0.1120, true
2018-10-06 07:58:00, 2018-10-06 07:58:59, false, -0.0173, 0.0112, -0.1222, true
2018-10-06 07:59:00, 2018-10-06 07:59:59, true, 0.0038, 0.0077, 0.0371, true
2018-10-06 08:00:00, 2018-10-06 08:00:59, true, 0.0038, 0.0242, 0.2775, true
2018-10-06 08:01:00, 2018-10-06 08:01:58, true, 0.0061, 0.0101, -0.2774, true
2018-10-06 08:02:00, 2018-10-06 08:02:59, true, 0.0032, 0.0120, -0.0895, true
2018-10-06 08:03:02, 2018-10-06 08:03:58, true, 0.0014, 0.0085, 0.0298, true
2018-10-06 08:04:00, 2018-10-06 08:04:59, false, -0.0026, 0.0021, -0.0762, true
2018-10-06 08:05:00, 2018-10-06 08:05:59, false, -0.0011, -0.0005, -0.0142, true
2018-10-06 08:06:00, 2018-10-06 08:06:57, true, 0.0056, 0.0058, -0.0442, true
2018-10-06 08:07:00, 2018-10-06 08:07:58, false, -0.0030, 0.0073, 0.3010, true
2018-10-06 08:08:00, 2018-10-06 08:08:58, true, 0.0020, 0.0021, -0.3579, true
2018-10-06 08:09:00, 2018-10-06 08:09:59, true, 0.0002, 0.0048, 0.0250, true
2018-10-06 08:10:00, 2018-10-06 08:10:59, false, -0.0045, 0.0006, 0.1738, true
2018-10-06 08:11:00, 2018-10-06 08:11:57, false, -0.0392, 0.0018, 0.1328, true
2018-10-06 08:12:01, 2018-10-06 08:12:57, true, 0.0198, 0.0292, -0.2075, true
2018-10-06 08:13:02, 2018-10-06 08:13:59, true, 0.0033, 0.0262, -0.0409, true
2018-10-06 08:14:00, 2018-10-06 08:14:59, true, 0.0014, 0.0050, -0.0306, true
2018-10-06 08:15:00, 2018-10-06 08:15:59, false, -0.0383, 0.0017, 0.0783, true
2018-10-06 08:16:01, 2018-10-06 08:16:59, false, -0.0056, 0.0224, -0.0235, true
2018-10-06 08:17:01, 2018-10-06 08:17:59, true, 0.0050, 0.0094, 0.1213, true
2018-10-06 08:18:00, 2018-10-06 08:18:58, false, -0.0102, 0.0061, 0.0006, true
2018-10-06 08:19:00, 2018-10-06 08:19:58, false, -0.0203, 0.0009, 0.0815, true
2018-10-06 08:20:00, 2018-10-06 08:20:59, false, -0.0144, 0.0014, 0.0950, true
2018-10-06 08:21:00, 2018-10-06 08:21:59, false, -0.1045, 0.0278, 1.2701, true
2018-10-06 08:22:01, 2018-10-06 08:22:59, false, -0.0203, 0.0269, -0.8276, true
2018-10-06 08:23:00, 2018-10-06 08:23:58, true, 0.0126, 0.0596, -0.5539, true
2018-10-06 08:24:02, 2018-10-06 08:24:59, true, 0.0155, 0.0334, 0.0426, true
2018-10-06 08:25:00, 2018-10-06 08:25:59, false, -0.0041, 0.0173, -0.0191, true
2018-10-06 08:26:00, 2018-10-06 08:26:58, true, 0.0011, 0.0056, -0.1549, true
2018-10-06 08:27:00, 2018-10-06 08:27:59, false, -0.0079, 0.0093, -0.0250, true
2018-10-06 08:28:00, 2018-10-06 08:28:59, true, 0.0070, 0.0076, -0.0329, true
2018-10-06 08:29:01, 2018-10-06 08:29:59, false, -0.0548, 0.0082, 0.2348, true
2018-10-06 08:30:00, 2018-10-06 08:30:59, false, -0.1535, 0.0000, 1.2978, true
2018-10-06 08:31:04, 2018-10-06 08:31:59, false, -0.1652, 0.0055, 1.4401, true
2018-10-06 08:32:00, 2018-10-06 08:32:59, true, 0.1186, 0.1743, -1.4013, true
2018-10-06 08:33:00, 2018-10-06 08:33:59, false, -0.0161, 0.1398, -1.1530, true
2018-10-06 08:34:01, 2018-10-06 08:34:59, false, -0.0260, 0.0216, 1.9171, true
2018-10-06 08:35:00, 2018-10-06 08:35:58, true, 0.0263, 0.0802, -1.2939, true
2018-10-06 08:36:00, 2018-10-06 08:36:58, true, 0.0649, 0.1383, -0.7727, true
2018-10-06 08:37:00, 2018-10-06 08:37:59, true, 0.0179, 0.0838, -0.1944, true
2018-10-06 08:38:00, 2018-10-06 08:38:57, true, 0.0012, 0.0207, -0.0251, true
2018-10-06 08:39:00, 2018-10-06 08:39:59, false, -0.0030, 0.0052, -0.0941, true
2018-10-06 08:40:00, 2018-10-06 08:40:59, false, -0.0021, 0.0106, 0.1882, true
2018-10-06 08:41:00, 2018-10-06 08:41:59, false, -0.0234, 0.0000, -0.1645, true
2018-10-06 08:42:00, 2018-10-06 08:42:58, true, 0.0059, 0.0251, -0.0303, true
2018-10-06 08:43:01, 2018-10-06 08:43:59, true, 0.0012, 0.0088, 0.1671, true
2018-10-06 08:44:00, 2018-10-06 08:44:58, false, -0.0567, 0.0192, 0.2000, true
2018-10-06 08:45:00, 2018-10-06 08:45:59, false, -0.0584, 0.0014, 0.2126, true
2018-10-06 08:46:00, 2018-10-06 08:46:59, true, 0.0096, 0.0143, -0.0297, true
2018-10-06 08:47:00, 2018-10-06 08:47:58, true, 0.0607, 0.0828, -0.3950, true
2018-10-06 08:48:00, 2018-10-06 08:48:58, true, 0.0161, 0.0785, -0.0610, true
2018-10-06 08:49:00, 2018-10-06 08:49:59, true, 0.0374, 0.0695, 0.5601, true
2018-10-06 08:50:00, 2018-10-06 08:50:59, true, 0.0406, 0.0807, -0.4663, true
2018-10-06 08:51:00, 2018-10-06 08:51:59, true, 0.0164, 0.0676, 0.0161, true
2018-10-06 08:52:00, 2018-10-06 08:52:59, true, 0.0068, 0.0225, 0.0065, true
2018-10-06 08:53:00, 2018-10-06 08:53:59, true, 0.0170, 0.0316, -0.0668, true
2018-10-06 08:54:00, 2018-10-06 08:54:59, false, -0.0125, 0.0242, -0.0902, true
2018-10-06 08:55:00, 2018-10-06 08:55:59, false, -0.0024, 0.0044, 0.0302, true
2018-10-06 08:56:00, 2018-10-06 08:56:59, true, 0.0059, 0.0077, 0.1097, true
2018-10-06 08:57:00, 2018-10-06 08:57:59, false, -0.0062, 0.0065, -0.1258, true
2018-10-06 08:58:00, 2018-10-06 08:58:58, false, -0.0363, 0.0049, 0.5293, true
2018-10-06 08:59:00, 2018-10-06 08:59:58, false, -0.0237, 0.0286, -0.2737, true
2018-10-06 09:00:00, 2018-10-06 09:00:59, false, -0.0213, 0.0009, -0.2382, true
2018-10-06 09:01:00, 2018-10-06 09:01:59, true, 0.0012, 0.0353, 0.0328, true
2018-10-06 09:02:00, 2018-10-06 09:02:59, false, -0.0120, 0.0079, -0.0041, true
2018-10-06 09:03:00, 2018-10-06 09:03:59, false, -0.0134, 0.0011, -0.0301, true
2018-10-06 09:04:00, 2018-10-06 09:04:59, true, 0.0348, 0.0408, 0.2130, true
2018-10-06 09:05:00, 2018-10-06 09:05:59, true, 0.0141, 0.0521, -0.1178, true
2018-10-06 09:06:00, 2018-10-06 09:06:57, true, 0.0079, 0.0234, 0.0152, true
2018-10-06 09:07:00, 2018-10-06 09:07:59, false, -0.0394, 0.0125, 0.0167, true
2018-10-06 09:08:01, 2018-10-06 09:08:59, true, 0.0026, 0.0182, -0.0657, true
2018-10-06 09:09:02, 2018-10-06 09:09:59, false, -0.0040, 0.0071, -0.1098, true
2018-10-06 09:10:00, 2018-10-06 09:10:57, true, 0.0009, 0.0084, 0.3780, true
2018-10-06 09:11:00, 2018-10-06 09:11:59, true, 0.0210, 0.0287, -0.0216, true
2018-10-06 09:12:00, 2018-10-06 09:12:59, false, -0.0435, 0.0260, 0.0169, true
2018-10-06 09:13:00, 2018-10-06 09:13:59, true, 0.0828, 0.0835, -0.3053, true
2018-10-06 09:14:00, 2018-10-06 09:14:59, true, 0.0036, 0.0868, 0.1305, true
2018-10-06 09:15:00, 2018-10-06 09:15:59, false, -0.0065, 0.0070, -0.1428, true
2018-10-06 09:16:00, 2018-10-06 09:16:58, true, 0.0020, 0.0026, -0.0055, true
2018-10-06 09:17:00, 2018-10-06 09:17:58, true, 0.0197, 0.0217, 0.0737, true
2018-10-06 09:18:00, 2018-10-06 09:18:59, true, 0.0263, 0.0477, 0.0843, true
2018-10-06 09:19:00, 2018-10-06 09:19:59, true, 0.0038, 0.0327, -0.0881, true
2018-10-06 09:20:00, 2018-10-06 09:20:59, true, 0.0112, 0.0159, 0.0266, true
2018-10-06 09:21:00, 2018-10-06 09:21:59, false, -0.0059, 0.0126, 0.2551, true
2018-10-06 09:22:00, 2018-10-06 09:22:59, false, -0.0374, 0.0033, -0.3727, true
2018-10-06 09:23:00, 2018-10-06 09:23:59, true, 0.0012, 0.0053, -0.0135, true
2018-10-06 09:24:00, 2018-10-06 09:24:59, true, 0.0539, 0.0641, -0.0118, true
2018-10-06 09:25:00, 2018-10-06 09:25:59, true, 0.0263, 0.0791, 0.0111, true
2018-10-06 09:26:00, 2018-10-06 09:26:59, false, -0.0077, 0.0226, 0.0586, true
2018-10-06 09:27:01, 2018-10-06 09:27:59, false, -0.0073, 0.0021, -0.0298, true
2018-10-06 09:28:00, 2018-10-06 09:28:59, false, -0.0077, 0.0005, 0.1363, true
2018-10-06 09:29:01, 2018-10-06 09:29:58, false, -0.0084, 0.0012, 0.0002, true
2018-10-06 09:30:00, 2018-10-06 09:30:59, true, 0.0108, 0.0153, -0.1142, true
2018-10-06 09:31:02, 2018-10-06 09:31:59, true, 0.0044, 0.0164, 0.1034, true
2018-10-06 09:32:00, 2018-10-06 09:32:59, true, 0.0033, 0.0080, -0.0975, true
2018-10-06 09:33:00, 2018-10-06 09:33:59, false, -0.0011, 0.0112, -0.0516, true
2018-10-06 09:34:00, 2018-10-06 09:34:59, false, -0.0036, 0.0044, 0.0214, true
2018-10-06 09:35:01, 2018-10-06 09:35:59, true, 0.0003, 0.0012, -0.0589, true
2018-10-06 09:36:01, 2018-10-06 09:36:59, true, 0.0026, 0.0079, 0.0539, true
2018-10-06 09:37:00, 2018-10-06 09:37:59, false, -0.0012, 0.0032, -0.0343, true
2018-10-06 09:38:00, 2018-10-06 09:38:59, false, -0.0033, 0.0138, 0.0745, true
2018-10-06 09:39:00, 2018-10-06 09:39:59, false, -0.0026, 0.0023, 0.1152, true
2018-10-06 09:40:00, 2018-10-06 09:40:59, false, -0.0011, 0.0026, -0.1084, true
2018-10-06 09:41:00, 2018-10-06 09:41:59, false, -0.0038, 0.0023, 0.0346, true
2018-10-06 09:42:00, 2018-10-06 09:42:59, true, 0.0103, 0.0199, -0.0683, true
2018-10-06 09:43:02, 2018-10-06 09:43:58, false, -0.0093, 0.0105, 0.2186, true
2018-10-06 09:44:00, 2018-10-06 09:44:59, true, 0.0012, 0.0017, -0.1561, true
2018-10-06 09:45:00, 2018-10-06 09:45:59, true, 0.0036, 0.0065, -0.0953, true
2018-10-06 09:46:00, 2018-10-06 09:46:56, false, -0.0238, 0.0039, 0.1359, true
2018-10-06 09:47:00, 2018-10-06 09:47:59, false, -0.0009, 0.0000, -0.0866, true
2018-10-06 09:48:00, 2018-10-06 09:48:58, false, -0.0035, 0.0008, 0.0131, true
2018-10-06 09:49:00, 2018-10-06 09:49:59, false, -0.0068, 0.0005, -0.0442, true
2018-10-06 09:50:00, 2018-10-06 09:50:58, true, 0.0062, 0.0147, 0.0469, true
2018-10-06 09:51:00, 2018-10-06 09:51:59, false, -0.0036, 0.0084, -0.0649, true
2018-10-06 09:52:01, 2018-10-06 09:52:58, true, 0.0140, 0.0141, -0.0831, true
2018-10-06 09:53:00, 2018-10-06 09:53:59, true, 0.0027, 0.0175, 0.0866, true
2018-10-06 09:54:00, 2018-10-06 09:54:59, false, -0.0041, 0.0027, 0.0240, true
2018-10-06 09:55:00, 2018-10-06 09:55:59, true, 0.0015, 0.0015, -0.0304, true
2018-10-06 09:56:00, 2018-10-06 09:56:59, false, -0.0014, 0.0050, 0.1335, true
2018-10-06 09:57:01, 2018-10-06 09:57:59, false, -0.0082, -0.0017, -0.0931, true
2018-10-06 09:58:00, 2018-10-06 09:58:59, false, -0.0077, 0.0047, -0.0305, true
2018-10-06 09:59:01, 2018-10-06 09:59:59, false, -0.0049, 0.0100, 0.0436, true
2018-10-06 10:00:00, 2018-10-06 10:00:59, true, 0.0029, 0.0030, -0.0232, true
2018-10-06 10:01:00, 2018-10-06 10:01:59, true, 0.0009, 0.0039, -0.0167, true
2018-10-06 10:02:00, 2018-10-06 10:02:59, true, 0.0070, 0.0169, 0.0021, true
2018-10-06 10:03:00, 2018-10-06 10:03:59, false, -0.0079, 0.0068, 0.0273, true
2018-10-06 10:04:00, 2018-10-06 10:04:59, true, 0.0129, 0.0172, -0.0050, true
2018-10-06 10:05:00, 2018-10-06 10:05:59, false, -0.0058, 0.0255, -0.0090, true
2018-10-06 10:06:00, 2018-10-06 10:06:59, false, -0.0109, 0.0002, 0.0360, true
2018-10-06 10:07:00, 2018-10-06 10:07:59, true, 0.0033, 0.0064, -0.0330, true
2018-10-06 10:08:00, 2018-10-06 10:08:56, true, 0.0002, 0.0046, 0.0246, true
2018-10-06 10:09:00, 2018-10-06 10:09:59, false, -0.0073, 0.0053, -0.0649, true
2018-10-06 10:10:00, 2018-10-06 10:10:58, true, 0.0015, 0.0173, 0.1318, true
2018-10-06 10:11:00, 2018-10-06 10:11:59, true, 0.0011, 0.0093, -0.1865, true
2018-10-06 10:12:00, 2018-10-06 10:12:59, false, -0.0082, 0.0046, 0.1221, true
2018-10-06 10:13:00, 2018-10-06 10:13:58, false, 0.0000, 0.0020, -0.0050, true
2018-10-06 10:14:00, 2018-10-06 10:14:59, false, -0.0008, -0.0002, -0.0366, true
2018-10-06 10:15:01, 2018-10-06 10:15:57, false, -0.0021, 0.0015, 0.0017, true
2018-10-06 10:16:00, 2018-10-06 10:16:59, true, 0.0017, 0.0033, 0.0918, true
2018-10-06 10:17:01, 2018-10-06 10:17:59, false, -0.0492, 0.0087, 0.6143, true
2018-10-06 10:18:00, 2018-10-06 10:18:57, false, -0.0751, 0.0008, -0.2006, true
2018-10-06 10:19:00, 2018-10-06 10:19:59, false, -0.0082, 0.0131, 0.2000, true
2018-10-06 10:20:00, 2018-10-06 10:20:59, true, 0.0026, 0.0297, -0.4595, true
2018-10-06 10:21:00, 2018-10-06 10:21:59, false, -0.0418, 0.0205, 1.5803, true
2018-10-06 10:22:00, 2018-10-06 10:22:59, false, -0.0248, 0.0399, -1.4948, true
2018-10-06 10:23:00, 2018-10-06 10:23:58, false, -0.0387, 0.0175, 0.0329, true
2018-10-06 10:24:00, 2018-10-06 10:24:58, false, -0.0501, 0.0058, 0.3606, true
2018-10-06 10:25:00, 2018-10-06 10:25:59, true, 0.0139, 0.0207, -0.4803, true
2018-10-06 10:26:00, 2018-10-06 10:26:59, true, 0.0854, 0.0996, 0.5876, true
2018-10-06 10:27:01, 2018-10-06 10:27:59, false, -0.0040, 0.0994, -0.7181, true
2018-10-06 10:28:01, 2018-10-06 10:28:59, true, 0.0018, 0.0091, -0.0877, true
2018-10-06 10:29:00, 2018-10-06 10:29:59, false, -0.0041, 0.0035, 0.3205, true
2018-10-06 10:30:00, 2018-10-06 10:30:59, true, 0.0170, 0.0336, -0.2138, true
2018-10-06 10:31:00, 2018-10-06 10:31:59, true, 0.0067, 0.0288, -0.0002, true
2018-10-06 10:32:00, 2018-10-06 10:32:59, false, -0.0107, 0.0075, -0.0344, true
2018-10-06 10:33:00, 2018-10-06 10:33:58, false, -0.0161, 0.0143, 0.0338, true
2018-10-06 10:34:00, 2018-10-06 10:34:59, false, -0.0218, 0.0000, 0.0466, true
2018-10-06 10:35:00, 2018-10-06 10:35:59, false, -0.0062, 0.0099, -0.1206, true
2018-10-06 10:36:00, 2018-10-06 10:36:59, true, 0.0050, 0.0052, -0.0154, true
2018-10-06 10:37:01, 2018-10-06 10:37:59, false, -0.0128, 0.0037, -0.0070, true
2018-10-06 10:38:00, 2018-10-06 10:38:59, true, 0.0006, 0.0172, 0.2136, true
2018-10-06 10:39:00, 2018-10-06 10:39:59, false, -0.0006, 0.0078, -0.0636, true
2018-10-06 10:40:00, 2018-10-06 10:40:59, true, 0.0032, 0.0207, -0.1652, true
2018-10-06 10:41:00, 2018-10-06 10:41:59, false, -0.0038, 0.0037, 0.0816, true
2018-10-06 10:42:00, 2018-10-06 10:42:59, true, 0.0110, 0.0454, -0.1162, true
2018-10-06 10:43:00, 2018-10-06 10:43:59, true, 0.0072, 0.0367, 0.3963, true
2018-10-06 10:44:00, 2018-10-06 10:44:58, true, 0.0432, 0.0594, -0.4317, true
2018-10-06 10:45:00, 2018-10-06 10:45:59, true, 0.0079, 0.0513, 0.0648, true
2018-10-06 10:46:00, 2018-10-06 10:46:59, true, 0.0122, 0.0219, 0.1100, true
2018-10-06 10:47:00, 2018-10-06 10:47:59, true, 0.0081, 0.0291, -0.0580, true
2018-10-06 10:48:01, 2018-10-06 10:48:59, false, -0.0085, 0.0081, 0.0172, true
2018-10-06 10:49:00, 2018-10-06 10:49:59, false, -0.0041, 0.0032, 0.0829, true
2018-10-06 10:50:00, 2018-10-06 10:50:58, false, -0.0259, 0.0169, -0.0959, true
2018-10-06 10:51:00, 2018-10-06 10:51:59, true, 0.0056, 0.0062, -0.1073, true
2018-10-06 10:52:00, 2018-10-06 10:52:59, true, 0.0342, 0.0405, 0.0812, true
2018-10-06 10:53:00, 2018-10-06 10:53:59, false, -0.0116, 0.0382, -0.0038, true
2018-10-06 10:54:00, 2018-10-06 10:54:59, true, 0.0152, 0.0154, 0.0551, true
2018-10-06 10:55:00, 2018-10-06 10:55:58, false, -0.0035, 0.0184, -0.0082, true
2018-10-06 10:56:00, 2018-10-06 10:56:59, true, 0.0103, 0.0262, 0.3903, true
2018-10-06 10:57:00, 2018-10-06 10:57:59, true, 0.0029, 0.0160, -0.4190, true
2018-10-06 10:58:00, 2018-10-06 10:58:59, false, -0.0067, 0.0140, 0.2265, true
2018-10-06 10:59:01, 2018-10-06 10:59:59, false, -0.0155, 0.0020, -0.0558, true
2018-10-06 11:00:00, 2018-10-06 11:00:59, false, -0.0027, 0.0076, -0.1450, true
2018-10-06 11:01:00, 2018-10-06 11:01:59, false, -0.0067, 0.0192, 0.0560, true
2018-10-06 11:02:00, 2018-10-06 11:02:59, false, -0.0023, 0.0006, -0.0498, true
2018-10-06 11:03:00, 2018-10-06 11:03:58, false, -0.0027, 0.0000, -0.0761, true
2018-10-06 11:04:00, 2018-10-06 11:04:59, true, 0.0015, 0.0015, 0.0286, true
2018-10-06 11:05:00, 2018-10-06 11:05:59, true, 0.0029, 0.0129, -0.0309, true
2018-10-06 11:06:00, 2018-10-06 11:06:59, false, -0.0099, 0.0143, 0.0402, true
2018-10-06 11:07:00, 2018-10-06 11:07:59, false, -0.0091, 0.0081, 0.0600, true
2018-10-06 11:08:01, 2018-10-06 11:08:59, false, -0.0160, 0.0037, -0.0741, true
2018-10-06 11:09:00, 2018-10-06 11:09:59, false, -0.0279, 0.0049, 0.0615, true
2018-10-06 11:10:00, 2018-10-06 11:10:58, true, 0.0008, 0.0148, 0.1236, true
2018-10-06 11:11:01, 2018-10-06 11:11:59, false, -0.0119, 0.0142, -0.0603, true
2018-10-06 11:12:00, 2018-10-06 11:12:59, true, 0.0072, 0.0157, 0.1209, true
2018-10-06 11:13:00, 2018-10-06 11:13:59, false, -0.0111, 0.0090, -0.0238, true
2018-10-06 11:14:00, 2018-10-06 11:14:59, false, -0.0399, 0.0002, -0.0032, true
2018-10-06 11:15:00, 2018-10-06 11:15:59, true, 0.0617, 0.0689, -0.0589, true
2018-10-06 11:16:00, 2018-10-06 11:16:59, false, -0.0102, 0.0694, -0.1058, true
2018-10-06 11:17:00, 2018-10-06 11:17:58, false, -0.0308, 0.0005, 0.6089, true
2018-10-06 11:18:00, 2018-10-06 11:18:59, true, 0.0114, 0.0139, -0.6856, true
2018-10-06 11:19:00, 2018-10-06 11:19:58, true, 0.0482, 0.0624, 0.6374, true
2018-10-06 11:20:00, 2018-10-06 11:20:58, false, -0.0087, 0.0492, -0.5349, true
2018-10-06 11:21:01, 2018-10-06 11:21:58, true, 0.0239, 0.0247, 0.0694, true
2018-10-06 11:22:00, 2018-10-06 11:22:58, false, -0.0011, 0.0240, -0.1698, true
2018-10-06 11:23:00, 2018-10-06 11:23:59, false, -0.0451, 0.0029, 0.1075, true
2018-10-06 11:24:00, 2018-10-06 11:24:59, false, -0.0056, 0.0097, -0.0745, true
2018-10-06 11:25:00, 2018-10-06 11:25:59, false, -0.0009, 0.0096, 0.0140, true
2018-10-06 11:26:00, 2018-10-06 11:26:59, true, 0.0011, 0.0181, -0.0437, true
2018-10-06 11:27:00, 2018-10-06 11:27:59, true, 0.0015, 0.0094, 0.0321, true
2018-10-06 11:28:01, 2018-10-06 11:28:59, false, -0.0449, 0.0032, 0.0268, true
2018-10-06 11:29:00, 2018-10-06 11:29:59, false, -0.0111, 0.0110, 0.0286, true
2018-10-06 11:30:00, 2018-10-06 11:30:58, true, 0.0087, 0.0087, -0.1022, true
2018-10-06 11:31:00, 2018-10-06 11:31:59, true, 0.0394, 0.0775, 0.6057, true
2018-10-06 11:32:00, 2018-10-06 11:32:59, true, 0.0058, 0.0495, -0.2566, true
2018-10-06 11:33:00, 2018-10-06 11:33:59, false, -0.0274, 0.0111, -0.1584, true
2018-10-06 11:34:00, 2018-10-06 11:34:58, true, 0.0008, 0.0075, -0.1849, true
2018-10-06 11:35:00, 2018-10-06 11:35:59, true, 0.0356, 0.0364, 0.2276, true
2018-10-06 11:36:01, 2018-10-06 11:36:59, true, 0.1444, 0.1865, 0.2375, true
2018-10-06 11:37:01, 2018-10-06 11:37:59, true, 0.0087, 0.1535, -0.3215, true
2018-10-06 11:38:00, 2018-10-06 11:38:59, true, 0.0106, 0.0205, 0.1038, true
2018-10-06 11:39:00, 2018-10-06 11:39:59, false, -0.0006, 0.0106, -0.2041, true
2018-10-06 11:40:00, 2018-10-06 11:40:58, true, 0.0023, 0.0023, -0.0264, true
2018-10-06 11:41:00, 2018-10-06 11:41:59, true, 0.0062, 0.0149, 0.0418, true
2018-10-06 11:42:00, 2018-10-06 11:42:59, true, 0.0059, 0.0138, -0.0020, true
2018-10-06 11:43:00, 2018-10-06 11:43:59, true, 0.0006, 0.0074, -0.0672, true
2018-10-06 11:44:00, 2018-10-06 11:44:59, false, -0.0008, 0.0005, -0.0591, true
2018-10-06 11:45:00, 2018-10-06 11:45:59, false, -0.0064, 0.0047, 0.1026, true
2018-10-06 11:46:00, 2018-10-06 11:46:59, false, -0.0088, 0.0002, 0.1768, true
2018-10-06 11:47:00, 2018-10-06 11:47:59, true, 0.0064, 0.0099, -0.1990, true
2018-10-06 11:48:00, 2018-10-06 11:48:59, true, 0.0073, 0.0161, 0.0365, true
2018-10-06 11:49:00, 2018-10-06 11:49:59, false, -0.0018, 0.0074, -0.0432, true
2018-10-06 11:50:00, 2018-10-06 11:50:59, false, -0.0033, 0.0017, 0.1716, true
2018-10-06 11:51:00, 2018-10-06 11:51:59, true, 0.0008, 0.0024, -0.1458, true
2018-10-06 11:52:00, 2018-10-06 11:52:59, true, 0.0018, 0.0055, 0.0576, true
2018-10-06 11:53:00, 2018-10-06 11:53:59, true, 0.0003, 0.0070, -0.1330, true
2018-10-06 11:54:00, 2018-10-06 11:54:59, true, 0.0026, 0.0149, 0.1947, true
2018-10-06 11:55:00, 2018-10-06 11:55:59, true, 0.0021, 0.0047, -0.1415, true
2018-10-06 11:56:00, 2018-10-06 11:56:59, false, -0.0100, 0.0033, 0.1526, true
2018-10-06 11:57:01, 2018-10-06 11:57:59, true, 0.0011, 0.0026, -0.1468, true
2018-10-06 11:58:00, 2018-10-06 11:58:58, false, -0.0158, 0.0014, 0.1555, true
2018-10-06 11:59:00, 2018-10-06 11:59:58, false, -0.0012, 0.0117, -0.0708, true
2018-10-06 12:00:00, 2018-10-06 12:00:59, true, 0.0044, 0.0044, -0.0458, true
2018-10-06 12:01:00, 2018-10-06 12:01:59, false, -0.0096, 0.0071, 0.0433, true
2018-10-06 12:02:00, 2018-10-06 12:02:59, false, -0.0091, 0.0014, -0.1595, true
2018-10-06 12:03:00, 2018-10-06 12:03:58, false, -0.0082, 0.0011, -0.0397, true
2018-10-06 12:04:00, 2018-10-06 12:04:59, false, -0.0020, 0.0014, 0.0141, true
2018-10-06 12:05:00, 2018-10-06 12:05:58, false, -0.0078, -0.0040, 0.0062, true
2018-10-06 12:06:00, 2018-10-06 12:06:59, false, -0.0134, 0.0003, -0.0280, true
2018-10-06 12:07:00, 2018-10-06 12:07:58, false, -0.0106, 0.0000, 0.0151, true
2018-10-06 12:08:00, 2018-10-06 12:08:59, false, -0.0041, 0.0024, 0.0269, true
2018-10-06 12:09:00, 2018-10-06 12:09:59, false, -0.0040, 0.0023, 0.0726, true
2018-10-06 12:10:01, 2018-10-06 12:10:58, false, -0.0062, 0.0100, 0.1021, true
2018-10-06 12:11:00, 2018-10-06 12:11:59, false, -0.0033, 0.0008, -0.1165, true
2018-10-06 12:12:00, 2018-10-06 12:12:59, true, 0.0050, 0.0113, 0.0607, true
2018-10-06 12:13:00, 2018-10-06 12:13:58, true, 0.0052, 0.0143, -0.0102, true
2018-10-06 12:14:01, 2018-10-06 12:14:59, false, -0.0033, 0.0059, 0.0178, true
2018-10-06 12:15:00, 2018-10-06 12:15:57, true, 0.0143, 0.0329, 0.0015, true
2018-10-06 12:16:01, 2018-10-06 12:16:57, true, 0.0014, 0.0240, 0.0951, true
2018-10-06 12:17:00, 2018-10-06 12:17:59, true, 0.0097, 0.0186, -0.0154, true
2018-10-06 12:18:00, 2018-10-06 12:18:58, true, 0.0258, 0.0357, -0.0642, true
2018-10-06 12:19:01, 2018-10-06 12:19:59, true, 0.0112, 0.0515, 0.0517, true
2018-10-06 12:20:00, 2018-10-06 12:20:59, true, 0.0652, 0.0862, 0.2382, true
2018-10-06 12:21:00, 2018-10-06 12:21:59, true, 0.0336, 0.1212, 1.1895, true
2018-10-06 12:22:00, 2018-10-06 12:22:59, true, 0.0059, 0.0401, -1.4458, true
2018-10-06 12:23:01, 2018-10-06 12:23:59, false, -0.0144, 0.0197, -0.0642, true
2018-10-06 12:24:00, 2018-10-06 12:24:59, false, -0.0036, 0.0073, -0.0717, true
2018-10-06 12:25:00, 2018-10-06 12:25:59, true, 0.0100, 0.0134, 0.0248, true
2018-10-06 12:26:00, 2018-10-06 12:26:57, true, 0.0052, 0.0169, -0.0762, true
2018-10-06 12:27:00, 2018-10-06 12:27:59, true, 0.0144, 0.0196, -0.0067, true
2018-10-06 12:28:00, 2018-10-06 12:28:59, false, -0.0128, 0.0234, -0.0077, true
2018-10-06 12:29:01, 2018-10-06 12:29:59, false, -0.0050, 0.0026, 0.0557, true
2018-10-06 12:30:00, 2018-10-06 12:30:59, true, 0.0196, 0.0219, -0.0808, true
2018-10-06 12:31:00, 2018-10-06 12:31:59, false, -0.0002, 0.0197, 0.0557, true
2018-10-06 12:32:00, 2018-10-06 12:32:59, true, 0.0012, 0.0012, 0.1666, true
2018-10-06 12:33:00, 2018-10-06 12:33:59, false, -0.0041, 0.0014, -0.1655, true
2018-10-06 12:34:00, 2018-10-06 12:34:59, true, 0.0071, 0.0076, -0.0264, true
2018-10-06 12:35:00, 2018-10-06 12:35:59, false, -0.0097, 0.0073, -0.0026, true
2018-10-06 12:36:00, 2018-10-06 12:36:59, true, 0.0120, 0.0121, -0.0232, true
2018-10-06 12:37:00, 2018-10-06 12:37:59, true, 0.0035, 0.0167, 0.0944, true
2018-10-06 12:38:00, 2018-10-06 12:38:58, false, -0.0080, 0.0035, 0.0755, true
2018-10-06 12:39:00, 2018-10-06 12:39:58, false, -0.0128, 0.0120, -0.0632, true
2018-10-06 12:40:00, 2018-10-06 12:40:56, true, 0.0032, 0.0229, -0.0039, true
2018-10-06 12:41:00, 2018-10-06 12:41:58, false, -0.0036, 0.0027, 0.0178, true
2018-10-06 12:42:00, 2018-10-06 12:42:58, false, -0.0132, 0.0000, 0.0445, true
2018-10-06 12:43:00, 2018-10-06 12:43:56, true, 0.0167, 0.0173, 0.1523, true
2018-10-06 12:44:00, 2018-10-06 12:44:59, false, -0.0077, 0.0296, -0.1150, true
2018-10-06 12:45:00, 2018-10-06 12:45:59, true, 0.0185, 0.0260, -0.0498, true
2018-10-06 12:46:00, 2018-10-06 12:46:58, true, 0.0015, 0.0243, 0.0093, true
2018-10-06 12:47:00, 2018-10-06 12:47:59, true, 0.0046, 0.0153, 0.0270, true
2018-10-06 12:48:00, 2018-10-06 12:48:59, true, 0.0146, 0.0191, -0.0414, true
2018-10-06 12:49:00, 2018-10-06 12:49:59, false, -0.0041, 0.0282, 0.0422, true
2018-10-06 12:50:00, 2018-10-06 12:50:59, true, 0.0023, 0.0067, -0.0184, true
2018-10-06 12:51:00, 2018-10-06 12:51:59, true, 0.0096, 0.0097, -0.0524, true
2018-10-06 12:52:00, 2018-10-06 12:52:59, true, 0.0129, 0.0229, 0.0337, true
2018-10-06 12:53:00, 2018-10-06 12:53:59, false, -0.0111, 0.0187, -0.0208, true
2018-10-06 12:54:00, 2018-10-06 12:54:59, true, 0.0053, 0.0150, 0.0091, true
2018-10-06 12:55:00, 2018-10-06 12:55:58, false, -0.0015, 0.0118, -0.0433, true
2018-10-06 12:56:00, 2018-10-06 12:56:58, true, 0.0044, 0.0077, 0.0552, true
2018-10-06 12:57:00, 2018-10-06 12:57:59, true, 0.0011, 0.0132, -0.0080, true
2018-10-06 12:58:01, 2018-10-06 12:58:59, false, -0.0009, 0.0173, 0.1676, true
2018-10-06 12:59:00, 2018-10-06 12:59:59, false, -0.0043, 0.0135, -0.2559, true
2018-10-06 13:00:00, 2018-10-06 13:00:59, false, -0.0056, 0.0200, 0.2641, true
2018-10-06 13:01:00, 2018-10-06 13:01:59, false, -0.0073, 0.0105, 0.0477, true
2018-10-06 13:02:00, 2018-10-06 13:02:59, true, 0.0326, 0.0372, 0.0458, true
2018-10-06 13:03:00, 2018-10-06 13:03:59, false, -0.0097, 0.0395, -0.1322, true
2018-10-06 13:04:00, 2018-10-06 13:04:59, false, -0.0038, 0.0020, 0.0194, true
2018-10-06 13:05:00, 2018-10-06 13:05:59, true, 0.0053, 0.0117, -0.1058, true
2018-10-06 13:06:00, 2018-10-06 13:06:59, true, 0.0011, 0.0065, 0.1313, true
2018-10-06 13:07:00, 2018-10-06 13:07:59, true, 0.0053, 0.0071, -0.2155, true
2018-10-06 13:08:00, 2018-10-06 13:08:58, true, 0.0193, 0.0250, 0.2528, true
2018-10-06 13:09:00, 2018-10-06 13:09:59, false, -0.0120, 0.0132, -0.3366, true
2018-10-06 13:10:00, 2018-10-06 13:10:59, true, 0.0076, 0.0134, 0.2228, true
2018-10-06 13:11:00, 2018-10-06 13:11:57, true, 0.0100, 0.0182, -0.1816, true
2018-10-06 13:12:00, 2018-10-06 13:12:59, true, 0.0038, 0.0170, 0.0454, true
2018-10-06 13:13:00, 2018-10-06 13:13:59, false, -0.0005, 0.0049, 0.2678, true
2018-10-06 13:14:00, 2018-10-06 13:14:59, true, 0.0106, 0.0149, -0.2553, true
2018-10-06 13:15:00, 2018-10-06 13:15:59, true, 0.0112, 0.0253, 0.0464, true
2018-10-06 13:16:00, 2018-10-06 13:16:59, true, 0.0047, 0.0215, 0.0200, true
2018-10-06 13:17:00, 2018-10-06 13:17:59, false, -0.0074, 0.0074, 0.0693, true
2018-10-06 13:18:00, 2018-10-06 13:18:59, false, -0.0003, 0.0133, -0.1893, true
2018-10-06 13:19:00, 2018-10-06 13:19:59, true, 0.0364, 0.0385, 0.0839, true
2018-10-06 13:20:00, 2018-10-06 13:20:59, false, -0.0240, 0.0311, 0.0422, true
2018-10-06 13:21:00, 2018-10-06 13:21:59, false, -0.0187, -0.0064, 0.2336, true
2018-10-06 13:22:00, 2018-10-06 13:22:59, false, -0.0235, 0.0076, 0.1605, true
2018-10-06 13:23:00, 2018-10-06 13:23:59, false, -0.0038, 0.0173, -0.1317, true
2018-10-06 13:24:01, 2018-10-06 13:24:59, true, 0.0020, 0.0162, -0.2457, true
2018-10-06 13:25:00, 2018-10-06 13:25:59, false, -0.0067, 0.0029, -0.0241, true
2018-10-06 13:26:01, 2018-10-06 13:26:59, true, 0.0015, 0.0140, 0.0663, true
2018-10-06 13:27:00, 2018-10-06 13:27:59, true, 0.0147, 0.0150, -0.0869, true
2018-10-06 13:28:00, 2018-10-06 13:28:58, true, 0.0024, 0.0202, 0.0971, true
2018-10-06 13:29:00, 2018-10-06 13:29:57, false, -0.0027, 0.0225, 0.3147, true
2018-10-06 13:30:00, 2018-10-06 13:30:59, false, -0.0293, 0.0014, 0.0508, true
2018-10-06 13:31:00, 2018-10-06 13:31:59, false, -0.0061, 0.0009, -0.4769, true
2018-10-06 13:32:00, 2018-10-06 13:32:57, false, -0.0056, 0.0030, 0.2937, true
2018-10-06 13:33:00, 2018-10-06 13:33:59, false, -0.0003, 0.0012, -0.1638, true
2018-10-06 13:34:00, 2018-10-06 13:34:59, false, -0.0097, 0.0014, -0.0917, true
2018-10-06 13:35:01, 2018-10-06 13:35:59, false, -0.0126, 0.0106, 0.0509, true
2018-10-06 13:36:00, 2018-10-06 13:36:59, true, 0.0440, 0.0446, -0.0508, true
2018-10-06 13:37:00, 2018-10-06 13:37:59, false, -0.0058, 0.0505, 0.2747, true
2018-10-06 13:38:00, 2018-10-06 13:38:59, false, -0.0065, 0.0247, -0.1880, true
2018-10-06 13:39:00, 2018-10-06 13:39:59, true, 0.0096, 0.0127, -0.0782, true
2018-10-06 13:40:00, 2018-10-06 13:40:59, false, -0.0059, 0.0152, 0.0970, true
2018-10-06 13:41:00, 2018-10-06 13:41:59, false, -0.0085, 0.0033, -0.0055, true
2018-10-06 13:42:01, 2018-10-06 13:42:59, false, -0.0099, 0.0047, 0.2329, true
2018-10-06 13:43:00, 2018-10-06 13:43:59, false, -0.0223, 0.0105, -0.3076, true
2018-10-06 13:44:00, 2018-10-06 13:44:59, true, 0.0050, 0.0115, 0.0802, true
2018-10-06 13:45:00, 2018-10-06 13:45:59, false, -0.0026, 0.0149, -0.2089, true
2018-10-06 13:46:00, 2018-10-06 13:46:59, true, 0.0011, 0.0041, 0.0079, true
2018-10-06 13:47:00, 2018-10-06 13:47:59, true, 0.0121, 0.0132, 0.2370, true
2018-10-06 13:48:00, 2018-10-06 13:48:59, false, -0.0083, 0.0219, -0.1368, true
2018-10-06 13:49:00, 2018-10-06 13:49:58, true, 0.0108, 0.0137, 0.2394, true
2018-10-06 13:50:00, 2018-10-06 13:50:59, true, 0.0062, 0.0275, -0.2005, true
2018-10-06 13:51:00, 2018-10-06 13:51:59, true, 0.0185, 0.0257, -0.0351, true
2018-10-06 13:52:01, 2018-10-06 13:52:59, false, -0.0005, 0.0187, -0.0275, true
2018-10-06 13:53:00, 2018-10-06 13:53:59, false, -0.0064, 0.0080, 0.0607, true
2018-10-06 13:54:00, 2018-10-06 13:54:59, true, 0.0014, 0.0222, 0.1255, true
2018-10-06 13:55:00, 2018-10-06 13:55:59, true, 0.0008, 0.0156, -0.1997, true
2018-10-06 13:56:00, 2018-10-06 13:56:56, false, -0.0108, 0.0156, 0.0067, true
