2018-10-13 00:00:00, 0.076, 0.112
2018-10-13 00:01:01, 0.254, 0.0
2018-10-13 00:02:00, 0.38, 0.369
2018-10-13 00:03:13, 0.0, 0.209
2018-10-13 00:04:00, 0.2, 0.0
2018-10-13 00:05:07, 0.134, 0.171
2018-10-13 00:06:08, 0.205, 0.0
2018-10-13 00:07:14, 0.0, 0.17
2018-10-13 00:08:01, 0.281, 0.082
2018-10-13 00:09:11, 0.0, 0.116
2018-10-13 00:10:00, 0.295, 0.0
2018-10-13 00:11:00, 0.239, 0.25
2018-10-13 00:12:01, 0.216, 0.0
2018-10-13 00:13:22, 0.209, 0.286
2018-10-13 00:14:02, 0.249, 0.0
2018-10-13 00:15:00, 0.0, 0.209
2018-10-13 00:16:16, 0.167, 0.0
2018-10-13 00:17:00, 0.184, 0.0
2018-10-13 00:18:00, 0.184, 0.295
2018-10-13 00:19:00, 0.144, 0.178
2018-10-13 00:20:01, 0.0, 0.384
2018-10-13 00:21:03, 0.0, 0.104
2018-10-13 00:22:16, 0.0, 0.149
2018-10-13 00:23:00, 0.0, 0.255
2018-10-13 00:24:00, 0.355, 0.189
2018-10-13 00:25:00, 0.0, 0.116
2018-10-13 00:26:01, 0.51, 0.287
2018-10-13 00:27:00, 0.413, 0.266
2018-10-13 00:28:02, 0.0, 0.122
2018-10-13 00:29:00, 0.124, 0.0
2018-10-13 00:30:01, 0.0, 0.394
2018-10-13 00:31:00, 0.0, 0.413
2018-10-13 00:32:00, 0.108, 0.0
2018-10-13 00:33:01, 0.283, 0.21
2018-10-13 00:34:40, 0.0, 0.295
2018-10-13 00:35:00, 0.266, 0.0
2018-10-13 00:36:28, 0.0, 0.13
2018-10-13 00:37:00, 0.0, 0.128
2018-10-13 00:38:19, 0.31, 0.0
2018-10-13 00:39:16, 0.186, 0.327
2018-10-13 00:40:00, 0.267, 0.0
2018-10-13 00:41:17, 0.0, 0.23
2018-10-13 00:42:00, 0.142, 0.072
2018-10-13 00:43:41, 0.286, 0.162
2018-10-13 00:44:01, 0.1, 0.39
2018-10-13 00:45:00, 0.467, 0.0
2018-10-13 00:46:03, 0.161, 0.0
2018-10-13 00:47:00, 0.195, 0.308
2018-10-13 00:48:00, 0.0, 0.278
2018-10-13 00:49:27, 0.224, 0.0
2018-10-13 00:50:00, 0.194, 0.0
2018-10-13 00:51:00, 0.0, 0.177
2018-10-13 00:52:01, 0.0, 0.24
2018-10-13 00:53:24, 0.0, 0.098
2018-10-13 00:54:00, 0.395, 0.0
2018-10-13 00:55:08, 0.091, 0.362
2018-10-13 00:56:01, 0.43, 0.107
2018-10-13 00:57:02, 0.124, 0.0
2018-10-13 00:58:16, 0.0, 0.193
2018-10-13 00:59:03, 0.0, 0.193
2018-10-13 01:00:00, 0.11, 0.0
2018-10-13 01:01:19, 0.088, 0.193
2018-10-13 01:02:01, 0.197, 0.098
2018-10-13 01:03:00, 0.137, 0.0
2018-10-13 01:04:13, 0.0, 0.119
2018-10-13 01:05:00, 0.098, 0.102
2018-10-13 01:06:02, 0.193, 0.592
2018-10-13 01:07:28, 0.0, 0.091
2018-10-13 01:08:01, 0.153, 0.0
2018-10-13 01:09:00, 0.356, 0.0
2018-10-13 01:10:00, 0.197, 0.303
2018-10-13 01:11:21, 0.169, 0.286
2018-10-13 01:12:07, 0.111, 0.155
2018-10-13 01:13:01, 0.0, 0.316
2018-10-13 01:14:05, 0.131, 0.0
2018-10-13 01:15:06, 0.182, 0.0
2018-10-13 01:16:00, 0.122, 0.156
2018-10-13 01:17:03, 0.171, 0.067
2018-10-13 01:18:01, 0.0, 0.083
2018-10-13 01:19:13, 0.0, 0.353
2018-10-13 01:20:00, 0.355, 0.0
2018-10-13 01:21:32, 0.0, 0.524
2018-10-13 01:22:00, 0.0, 0.127
2018-10-13 01:23:02, 0.124, 0.0
2018-10-13 01:24:00, 0.098, 0.11
2018-10-13 01:25:01, 0.212, 0.0
2018-10-13 01:26:00, 0.0, 0.373
2018-10-13 01:27:00, 0.255, 0.0
2018-10-13 01:28:00, 0.122, 0.0
2018-10-13 01:29:04, 0.0, 0.13
2018-10-13 01:30:00, 0.096, 0.116
2018-10-13 01:31:00, 0.296, 0.139
2018-10-13 01:32:00, 0.0, 0.221
2018-10-13 01:33:02, 0.107, 0.0
2018-10-13 01:34:00, 0.0, 0.266
2018-10-13 01:35:01, 0.13, 0.093
2018-10-13 01:36:22, 0.234, 0.156
2018-10-13 01:37:03, 0.139, 0.0
2018-10-13 01:38:01, 0.0, 0.167
2018-10-13 01:39:00, 0.0, 0.744
2018-10-13 01:40:21, 0.0, 0.093
2018-10-13 01:41:02, 0.327, 0.202
2018-10-13 01:42:28, 0.095, 0.0
2018-10-13 01:43:00, 0.21, 0.0
2018-10-13 01:44:16, 0.0, 0.24
2018-10-13 01:45:00, 0.318, 0.157
2018-10-13 01:46:04, 0.049, 0.0
2018-10-13 01:47:00, 0.0, 0.266
2018-10-13 01:48:02, 0.11, 0.275
2018-10-13 01:49:02, 0.094, 0.316
2018-10-13 01:50:00, 0.206, 0.0
2018-10-13 01:51:00, 0.0, 0.116
2018-10-13 01:52:00, 0.0, 0.131
2018-10-13 01:53:00, 0.524, 0.0
2018-10-13 01:54:00, 0.574, 0.524
2018-10-13 01:55:00, 0.524, 0.188
2018-10-13 01:56:00, 0.153, 0.305
2018-10-13 01:57:00, 0.194, 0.21
2018-10-13 01:58:00, 0.193, 0.0
2018-10-13 01:59:15, 0.327, 0.172
2018-10-13 02:00:00, 0.325, 0.181
2018-10-13 02:01:00, 0.319, 0.0
2018-10-13 02:02:00, 0.0, 0.718
2018-10-13 02:03:00, 0.225, 0.092
2018-10-13 02:04:04, 0.203, 0.259
2018-10-13 02:05:01, 0.0, 0.295
2018-10-13 02:06:00, 0.213, 0.177
2018-10-13 02:07:00, 0.238, 0.0
2018-10-13 02:08:00, 0.0, 0.174
2018-10-13 02:09:00, 0.387, 0.0
2018-10-13 02:10:00, 0.0, 0.153
2018-10-13 02:11:01, 0.255, 0.0
2018-10-13 02:12:12, 0.0, 0.326
2018-10-13 02:13:00, 0.14, 0.0
2018-10-13 02:14:00, 0.099, 0.179
2018-10-13 02:15:00, 0.0, 0.341
2018-10-13 02:16:00, 0.0, 0.145
2018-10-13 02:17:16, 0.0, 0.104
2018-10-13 02:18:00, 0.066, 0.145
2018-10-13 02:19:00, 0.181, 0.104
2018-10-13 02:20:00, 0.179, 0.239
2018-10-13 02:21:02, 0.116, 0.0
2018-10-13 02:22:00, 0.241, 0.0
2018-10-13 02:23:01, 0.114, 0.181
2018-10-13 02:24:00, 0.158, 0.0
2018-10-13 02:25:00, 0.0, 0.181
2018-10-13 02:26:00, 0.0, 0.254
2018-10-13 02:27:01, 0.0, 0.115
2018-10-13 02:28:01, 0.128, 0.14
2018-10-13 02:29:02, 0.219, 0.231
2018-10-13 02:30:00, 0.156, 0.0
2018-10-13 02:31:00, 0.0, 0.13
2018-10-13 02:32:01, 0.0, 0.256
2018-10-13 02:33:00, 0.0, 0.145
2018-10-13 02:34:01, 0.231, 0.163
2018-10-13 02:35:00, 0.11, 0.0
2018-10-13 02:36:36, 0.181, 0.371
2018-10-13 02:37:00, 0.114, 0.089
2018-10-13 02:38:00, 0.0, 0.17
2018-10-13 02:39:40, 0.128, 0.0
2018-10-13 02:40:01, 0.089, 0.198
2018-10-13 02:41:00, 0.0, 0.169
2018-10-13 02:42:15, 0.0, 0.293
2018-10-13 02:43:12, 0.0, 0.14
2018-10-13 02:44:12, 0.119, 0.347
2018-10-13 02:45:01, 0.153, 0.0
2018-10-13 02:46:00, 0.0, 1.0
2018-10-13 02:47:00, 0.319, 0.0
2018-10-13 02:48:03, 0.104, 0.0
2018-10-13 02:49:00, 0.064, 0.319
2018-10-13 02:50:10, 0.117, 0.107
2018-10-13 02:51:00, 0.114, 0.156
2018-10-13 02:52:28, 0.181, 0.0
2018-10-13 02:53:01, 0.574, 0.142
2018-10-13 02:54:00, 0.145, 0.0
2018-10-13 02:55:02, 0.247, 0.23
2018-10-13 02:56:00, 0.181, 0.0
2018-10-13 02:57:01, 0.14, 0.0
2018-10-13 02:58:01, 0.188, 0.0
2018-10-13 02:59:00, 0.0, 0.413
2018-10-13 03:00:00, 0.091, 0.364
2018-10-13 03:01:00, 0.205, 0.061
2018-10-13 03:02:00, 0.189, 0.0
2018-10-13 03:03:00, 0.0, 0.198
2018-10-13 03:04:00, 0.073, 0.171
2018-10-13 03:05:00, 0.0, 0.14
2018-10-13 03:06:00, 0.0, 0.413
2018-10-13 03:07:00, 0.248, 0.154
2018-10-13 03:08:01, 0.197, 0.0
2018-10-13 03:09:00, 0.172, 0.255
2018-10-13 03:10:01, 0.206, 0.132
2018-10-13 03:11:00, 0.13, 0.13
2018-10-13 03:12:00, 0.0, 0.283
2018-10-13 03:13:23, 0.0, 0.163
2018-10-13 03:14:00, 0.101, 0.071
2018-10-13 03:15:05, 0.163, 0.184
2018-10-13 03:16:00, 0.163, 0.0
2018-10-13 03:17:01, 0.0, 0.465
2018-10-13 03:18:00, 0.174, 0.0
2018-10-13 03:19:01, 0.0, 0.177
2018-10-13 03:20:00, 0.0, 0.283
2018-10-13 03:21:04, 0.301, 0.181
2018-10-13 03:22:08, 0.29, 0.177
2018-10-13 03:23:00, 0.0, 0.187
2018-10-13 03:24:05, 0.186, 0.0
2018-10-13 03:25:00, 0.16, 0.0
2018-10-13 03:26:29, 0.186, 0.0
2018-10-13 03:27:00, 0.0, 0.384
2018-10-13 03:28:07, 0.22, 0.0
2018-10-13 03:29:24, 0.124, 0.198
2018-10-13 03:30:00, 0.301, 0.0
2018-10-13 03:31:00, 0.268, 0.0
2018-10-13 03:32:00, 0.389, 0.211
2018-10-13 03:33:09, 0.186, 0.217
2018-10-13 03:34:00, 0.255, 0.0
2018-10-13 03:35:00, 0.267, 0.0
2018-10-13 03:36:27, 0.155, 0.0
2018-10-13 03:37:00, 0.186, 0.289
2018-10-13 03:38:01, 0.19, 0.0
2018-10-13 03:39:15, 0.186, 0.225
2018-10-13 03:40:00, 0.185, 0.0
2018-10-13 03:41:18, 0.184, 0.197
2018-10-13 03:42:05, 0.0, 0.277
2018-10-13 03:43:00, 0.138, 0.216
2018-10-13 03:44:18, 0.0, 0.142
2018-10-13 03:45:00, 0.347, 0.744
2018-10-13 03:46:00, 0.0, 0.142
2018-10-13 03:47:00, 0.319, 0.0
2018-10-13 03:48:01, 0.114, 0.198
2018-10-13 03:49:00, 0.116, 0.0
2018-10-13 03:50:00, 0.219, 0.231
2018-10-13 03:51:02, 0.227, 0.0
2018-10-13 03:52:00, 0.13, 0.0
2018-10-13 03:53:00, 0.104, 0.384
2018-10-13 03:54:02, 0.254, 0.0
2018-10-13 03:55:01, 0.084, 0.201
2018-10-13 03:56:00, 0.0, 0.384
2018-10-13 03:57:00, 0.289, 0.145
2018-10-13 03:58:16, 0.211, 0.216
2018-10-13 03:59:00, 0.389, 0.0
2018-10-13 04:00:00, 0.181, 0.0
2018-10-13 04:01:09, 0.084, 0.112
2018-10-13 04:02:00, 0.172, 0.226
2018-10-13 04:03:00, 0.319, 0.0
2018-10-13 04:04:00, 0.0, 0.211
2018-10-13 04:05:00, 0.113, 0.0
2018-10-13 04:06:14, 0.293, 0.0
2018-10-13 04:07:00, 0.371, 0.0
2018-10-13 04:08:12, 0.211, 0.198
2018-10-13 04:09:00, 0.266, 0.138
2018-10-13 04:10:00, 0.0, 0.251
2018-10-13 04:11:00, 0.0, 0.371
2018-10-13 04:12:15, 0.0, 0.211
2018-10-13 04:13:00, 0.312, 0.193
2018-10-13 04:14:00, 0.133, 0.215
2018-10-13 04:15:00, 0.211, 0.0
2018-10-13 04:16:00, 0.071, 0.0
2018-10-13 04:17:00, 0.319, 0.0
2018-10-13 04:18:01, 0.158, 0.369
2018-10-13 04:19:00, 0.372, 0.096
2018-10-13 04:20:00, 0.0, 0.13
2018-10-13 04:21:00, 0.0, 0.127
2018-10-13 04:22:01, 0.315, 0.0
2018-10-13 04:23:00, 0.0, 0.266
2018-10-13 04:24:01, 0.214, 0.192
2018-10-13 04:25:00, 0.293, 0.0
2018-10-13 04:26:00, 0.198, 0.146
2018-10-13 04:27:00, 0.14, 0.114
2018-10-13 04:28:03, 0.0, 0.225
2018-10-13 04:29:00, 0.0, 0.064
2018-10-13 04:30:00, 0.0, 0.266
2018-10-13 04:31:02, 0.266, 0.0
2018-10-13 04:32:00, 0.0, 0.235
2018-10-13 04:33:14, 0.0, 0.141
2018-10-13 04:34:01, 0.142, 0.0
2018-10-13 04:35:00, 0.135, 0.0
2018-10-13 04:36:01, 0.23, 0.0
2018-10-13 04:37:01, 0.244, 0.11
2018-10-13 04:38:05, 0.179, 0.0
2018-10-13 04:39:00, 0.111, 0.316
2018-10-13 04:40:01, 0.267, 0.329
2018-10-13 04:41:00, 0.0, 0.266
2018-10-13 04:42:00, 0.177, 0.0
2018-10-13 04:43:00, 0.179, 0.224
2018-10-13 04:44:04, 0.31, 0.316
2018-10-13 04:45:01, 0.0, 0.138
2018-10-13 04:46:00, 0.0, 0.216
2018-10-13 04:47:04, 0.0, 0.081
2018-10-13 04:48:00, 0.076, 0.0
2018-10-13 04:49:01, 0.0, 0.167
2018-10-13 04:50:22, 0.088, 0.064
2018-10-13 04:51:00, 0.0, 0.132
2018-10-13 04:52:02, 0.216, 0.0
2018-10-13 04:53:00, 0.268, 0.13
2018-10-13 04:54:01, 0.211, 0.0
2018-10-13 04:55:02, 0.31, 0.126
2018-10-13 04:56:20, 0.138, 0.0
2018-10-13 04:57:01, 0.2, 0.0
2018-10-13 04:58:00, 0.0, 0.151
2018-10-13 04:59:01, 0.159, 0.142
2018-10-13 05:00:00, 0.0, 0.266
2018-10-13 05:01:03, 0.0, 0.286
2018-10-13 05:02:00, 0.177, 0.0
2018-10-13 05:03:09, 0.103, 0.257
2018-10-13 05:04:06, 0.121, 0.0
2018-10-13 05:05:05, 0.142, 0.0
2018-10-13 05:06:00, 0.0, 0.13
2018-10-13 05:07:10, 0.0, 0.371
2018-10-13 05:08:00, 0.103, 0.133
2018-10-13 05:09:00, 0.273, 0.0
2018-10-13 05:10:01, 0.0, 0.216
2018-10-13 05:11:05, 0.134, 0.0
2018-10-13 05:12:00, 0.158, 0.23
2018-10-13 05:13:01, 0.179, 0.0
2018-10-13 05:14:00, 0.153, 0.132
2018-10-13 05:15:01, 0.315, 0.0
2018-10-13 05:16:00, 0.282, 0.0
2018-10-13 05:17:00, 0.0, 0.591
2018-10-13 05:18:20, 0.0, 0.241
2018-10-13 05:19:00, 0.0, 0.198
2018-10-13 05:20:08, 0.193, 0.0
2018-10-13 05:21:00, 0.0, 0.098
2018-10-13 05:22:19, 0.0, 0.293
2018-10-13 05:23:00, 0.0, 0.193
2018-10-13 05:24:00, 0.213, 0.21
2018-10-13 05:25:02, 0.412, 0.035
2018-10-13 05:26:01, 0.0, 0.145
2018-10-13 05:27:00, 0.0, 0.135
2018-10-13 05:28:03, 0.131, 0.591
2018-10-13 05:29:00, 0.0, 0.431
2018-10-13 05:30:13, 0.107, 0.0
2018-10-13 05:31:00, 0.305, 0.23
2018-10-13 05:32:00, 0.45, 0.127
2018-10-13 05:33:00, 0.206, 0.0
2018-10-13 05:34:15, 0.496, 0.0
2018-10-13 05:35:07, 0.153, 0.161
2018-10-13 05:36:02, 0.323, 0.0
2018-10-13 05:37:23, 0.0, 0.208
2018-10-13 05:38:28, 0.362, 0.349
2018-10-13 05:39:13, 0.0, 0.142
2018-10-13 05:40:00, 0.107, 0.231
2018-10-13 05:41:00, 0.199, 0.168
2018-10-13 05:42:00, 0.0, 0.127
2018-10-13 05:43:00, 0.0, 0.591
2018-10-13 05:44:00, 0.239, 0.0
2018-10-13 05:45:00, 0.097, 0.0
2018-10-13 05:46:24, 0.124, 0.107
2018-10-13 05:47:00, 0.0, 0.587
2018-10-13 05:48:17, 0.0, 0.064
2018-10-13 05:49:12, 0.0, 0.351
2018-10-13 05:50:08, 0.102, 0.0
2018-10-13 05:51:21, 0.104, 0.142
2018-10-13 05:52:01, 0.145, 0.0
2018-10-13 05:53:17, 0.0, 0.13
2018-10-13 05:54:28, 0.0, 0.141
2018-10-13 05:55:00, 0.161, 0.0
2018-10-13 05:56:00, 0.317, 0.104
2018-10-13 05:57:00, 0.0, 0.252
2018-10-13 05:58:01, 0.133, 0.346
2018-10-13 05:59:00, 0.167, 0.0
2018-10-13 06:00:00, 0.322, 0.0
2018-10-13 06:01:00, 0.167, 0.0
2018-10-13 06:02:00, 0.185, 0.14
2018-10-13 06:03:02, 0.0, 0.219
2018-10-13 06:04:00, 0.142, 0.0
2018-10-13 06:05:00, 0.174, 0.192
2018-10-13 06:06:00, 0.404, 0.0
2018-10-13 06:07:01, 0.381, 0.177
2018-10-13 06:08:00, 0.0, 0.219
2018-10-13 06:09:00, 0.0, 0.167
2018-10-13 06:10:00, 0.174, 0.377
2018-10-13 06:11:00, 0.274, 0.0
2018-10-13 06:12:00, 0.23, 0.0
2018-10-13 06:13:01, 0.0, 0.172
2018-10-13 06:14:00, 0.0, 0.155
2018-10-13 06:15:00, 0.303, 0.172
2018-10-13 06:16:01, 0.14, 0.0
2018-10-13 06:17:01, 0.429, 0.0
2018-10-13 06:18:00, 0.098, 0.141
2018-10-13 06:19:00, 0.0, 0.265
2018-10-13 06:20:01, 0.0, 0.054
2018-10-13 06:21:02, 0.101, 0.205
2018-10-13 06:22:00, 0.253, 0.0
2018-10-13 06:23:00, 0.266, 0.206
2018-10-13 06:24:00, 0.178, 0.194
2018-10-13 06:25:00, 0.128, 0.0
2018-10-13 06:26:05, 0.18, 0.18
2018-10-13 06:27:00, 0.0, 0.384
2018-10-13 06:28:00, 0.08, 0.0
2018-10-13 06:29:00, 0.18, 0.0
2018-10-13 06:30:00, 0.0, 0.204
2018-10-13 06:31:00, 0.0, 0.45
2018-10-13 06:32:00, 0.0, 0.142
2018-10-13 06:33:00, 0.286, 0.0
2018-10-13 06:34:11, 0.257, 0.0
2018-10-13 06:35:04, 0.104, 0.393
2018-10-13 06:36:02, 0.43, 0.0
2018-10-13 06:37:00, 0.209, 0.0
2018-10-13 06:38:03, 0.138, 0.231
2018-10-13 06:39:03, 0.18, 0.219
2018-10-13 06:40:00, 0.107, 0.355
2018-10-13 06:41:00, 0.0, 0.151
2018-10-13 06:42:03, 0.0, 0.225
2018-10-13 06:43:00, 0.111, 0.186
2018-10-13 06:44:00, 0.0, 0.227
2018-10-13 06:45:00, 0.092, 0.0
2018-10-13 06:46:01, 0.0, 0.101
2018-10-13 06:47:00, 0.0, 0.109
2018-10-13 06:48:02, 0.0, 0.232
2018-10-13 06:49:00, 0.138, 0.217
2018-10-13 06:50:01, 0.267, 0.201
2018-10-13 06:51:00, 0.369, 0.2
2018-10-13 06:52:28, 0.0, 0.073
2018-10-13 06:53:02, 0.228, 0.0
2018-10-13 06:54:03, 0.0, 0.744
2018-10-13 06:55:00, 0.0, 0.197
2018-10-13 06:56:00, 0.512, 0.737
2018-10-13 06:57:00, 0.369, 0.0
2018-10-13 06:58:18, 0.0, 0.293
2018-10-13 06:59:00, 0.0, 0.231
2018-10-13 07:00:00, 0.087, 0.1
2018-10-13 07:01:00, 0.146, 0.0
2018-10-13 07:02:00, 0.0, 0.185
2018-10-13 07:03:00, 0.191, 0.21
2018-10-13 07:04:00, 0.204, 0.407
2018-10-13 07:05:00, 0.177, 0.0
2018-10-13 07:06:00, 0.369, 0.142
2018-10-13 07:07:00, 0.145, 0.239
2018-10-13 07:08:00, 0.077, 0.231
2018-10-13 07:09:00, 0.0, 0.149
2018-10-13 07:10:01, 0.267, 0.11
2018-10-13 07:11:01, 0.143, 0.156
2018-10-13 07:12:00, 0.104, 0.0
2018-10-13 07:13:00, 0.17, 0.216
2018-10-13 07:14:06, 0.252, 0.084
2018-10-13 07:15:00, 0.109, 0.137
2018-10-13 07:16:06, 0.216, 0.0
2018-10-13 07:17:00, 0.179, 0.0
2018-10-13 07:18:15, 0.0, 0.174
2018-10-13 07:19:00, 0.241, 0.0
2018-10-13 07:20:00, 0.179, 0.0
2018-10-13 07:21:09, 0.091, 0.215
2018-10-13 07:22:02, 0.167, 0.177
2018-10-13 07:23:14, 0.22, 0.109
2018-10-13 07:24:02, 0.102, 0.0
2018-10-13 07:25:01, 0.204, 0.217
2018-10-13 07:26:00, 0.231, 0.0
2018-10-13 07:27:01, 0.167, 0.252
2018-10-13 07:28:00, 0.0, 0.197
2018-10-13 07:29:00, 0.2, 0.154
2018-10-13 07:30:01, 0.0, 0.591
2018-10-13 07:31:00, 0.0, 0.146
2018-10-13 07:32:00, 0.34, 0.0
2018-10-13 07:33:05, 0.0, 0.317
2018-10-13 07:34:25, 0.0, 0.086
2018-10-13 07:35:00, 0.073, 0.0
2018-10-13 07:36:00, 0.278, 0.0
2018-10-13 07:37:00, 0.0, 0.067
2018-10-13 07:38:00, 0.073, 0.13
2018-10-13 07:39:01, 0.0, 0.138
2018-10-13 07:40:00, 0.0, 0.297
2018-10-13 07:41:00, 0.237, 0.042
2018-10-13 07:42:00, 0.221, 0.0
2018-10-13 07:43:00, 0.146, 0.369
2018-10-13 07:44:00, 0.0, 0.266
2018-10-13 07:45:00, 1.0, 0.0
2018-10-13 07:46:01, 0.17, 0.0
2018-10-13 07:47:00, 0.0, 0.087
2018-10-13 07:48:00, 0.216, 0.0
2018-10-13 07:49:16, 0.085, 0.0
2018-10-13 07:50:01, 0.185, 0.0
2018-10-13 07:51:00, 0.274, 0.256
2018-10-13 07:52:01, 0.301, 0.0
2018-10-13 07:53:00, 0.0, 0.177
2018-10-13 07:54:00, 0.0, 0.192
2018-10-13 07:55:01, 0.197, 0.279
2018-10-13 07:56:00, 0.0, 0.144
2018-10-13 07:57:00, 0.469, 0.146
2018-10-13 07:58:05, 0.277, 0.122
2018-10-13 07:59:12, 0.0, 0.369
2018-10-13 08:00:00, 0.0, 0.267
2018-10-13 08:01:00, 0.197, 0.0
2018-10-13 08:02:00, 0.0, 0.193
2018-10-13 08:03:02, 0.112, 0.314
2018-10-13 08:04:00, 0.301, 0.0
2018-10-13 08:05:00, 0.369, 0.194
2018-10-13 08:06:00, 0.0, 0.124
2018-10-13 08:07:00, 0.266, 0.0
2018-10-13 08:08:00, 0.18, 0.098
2018-10-13 08:09:00, 0.0, 0.213
2018-10-13 08:10:00, 0.0, 0.221
2018-10-13 08:11:00, 0.133, 0.0
2018-10-13 08:12:01, 0.0, 0.116
2018-10-13 08:13:00, 0.0, 0.138
2018-10-13 08:14:00, 0.141, 0.0
2018-10-13 08:15:00, 0.257, 0.239
2018-10-13 08:16:19, 0.0, 0.265
2018-10-13 08:17:00, 0.398, 0.222
2018-10-13 08:18:00, 0.0, 0.266
2018-10-13 08:19:05, 0.163, 0.216
2018-10-13 08:20:00, 0.0, 0.216
2018-10-13 08:21:00, 0.249, 0.097
2018-10-13 08:22:02, 0.309, 0.323
2018-10-13 08:23:00, 0.203, 0.219
2018-10-13 08:24:01, 0.0, 0.266
2018-10-13 08:25:05, 0.166, 0.296
2018-10-13 08:26:01, 0.0, 0.591
2018-10-13 08:27:14, 0.0, 0.115
2018-10-13 08:28:01, 0.0, 0.102
2018-10-13 08:29:00, 0.193, 0.0
2018-10-13 08:30:00, 0.164, 0.227
2018-10-13 08:31:00, 0.0, 0.209
2018-10-13 08:32:01, 0.183, 0.0
2018-10-13 08:33:33, 0.182, 0.787
2018-10-13 08:34:00, 0.167, 0.0
2018-10-13 08:35:17, 0.0, 0.149
2018-10-13 08:36:01, 0.0, 0.13
2018-10-13 08:37:02, 0.375, 0.0
2018-10-13 08:38:02, 0.116, 0.367
2018-10-13 08:39:03, 0.182, 0.0
2018-10-13 08:40:00, 0.322, 0.116
2018-10-13 08:41:08, 0.0, 0.164
2018-10-13 08:42:00, 0.0, 0.327
2018-10-13 08:43:01, 0.075, 0.0
2018-10-13 08:44:00, 0.177, 0.064
2018-10-13 08:45:00, 0.066, 0.0
2018-10-13 08:46:00, 0.208, 0.0
2018-10-13 08:47:00, 0.083, 0.285
2018-10-13 08:48:00, 0.215, 0.0
2018-10-13 08:49:02, 0.0, 0.247
2018-10-13 08:50:00, 0.13, 0.219
2018-10-13 08:51:00, 0.0, 0.219
2018-10-13 08:52:04, 0.0, 0.228
2018-10-13 08:53:00, 0.266, 0.195
2018-10-13 08:54:00, 0.371, 0.0
2018-10-13 08:55:00, 0.148, 0.549
2018-10-13 08:56:02, 0.098, 0.0
2018-10-13 08:57:00, 0.073, 0.087
2018-10-13 08:58:00, 0.068, 0.0
2018-10-13 08:59:15, 0.179, 0.0
2018-10-13 09:00:00, 0.0, 0.187
2018-10-13 09:01:15, 0.0, 0.23
2018-10-13 09:02:00, 0.0, 0.182
2018-10-13 09:03:09, 0.398, 0.0
2018-10-13 09:04:00, 0.266, 0.0
2018-10-13 09:05:13, 0.216, 0.0
2018-10-13 09:06:00, 0.19, 0.0
2018-10-13 09:07:00, 0.197, 0.0
2018-10-13 09:08:00, 0.0, 0.179
2018-10-13 09:09:00, 0.229, 0.0
2018-10-13 09:10:00, 0.0, 0.235
2018-10-13 09:11:00, 0.112, 0.0
2018-10-13 09:12:00, 0.224, 0.286
2018-10-13 09:13:00, 0.0, 0.277
2018-10-13 09:14:00, 0.0, 0.287
2018-10-13 09:15:01, 0.122, 0.0
2018-10-13 09:16:00, 0.0, 0.171
2018-10-13 09:17:15, 0.288, 0.371
2018-10-13 09:18:00, 0.179, 0.0
2018-10-13 09:19:00, 0.0, 0.146
2018-10-13 09:20:00, 0.0, 0.155
2018-10-13 09:21:04, 0.137, 0.0
2018-10-13 09:22:00, 0.501, 0.172
2018-10-13 09:23:02, 0.106, 0.0
2018-10-13 09:24:00, 0.0, 0.171
2018-10-13 09:25:00, 0.125, 0.124
2018-10-13 09:26:00, 0.0, 0.173
2018-10-13 09:27:00, 0.0, 0.279
2018-10-13 09:28:00, 0.293, 0.0
2018-10-13 09:29:01, 0.0, 0.191
2018-10-13 09:30:00, 0.243, 0.0
2018-10-13 09:31:00, 0.0, 0.209
2018-10-13 09:32:00, 0.0, 0.258
2018-10-13 09:33:00, 0.136, 0.0
2018-10-13 09:34:00, 0.0, 0.371
2018-10-13 09:35:00, 0.125, 0.0
2018-10-13 09:36:02, 0.268, 0.176
2018-10-13 09:37:00, 0.233, 0.219
2018-10-13 09:38:01, 0.192, 0.308
2018-10-13 09:39:01, 0.095, 0.193
2018-10-13 09:40:01, 0.197, 0.508
2018-10-13 09:41:00, 0.0, 0.13
2018-10-13 09:42:00, 0.0, 0.177
2018-10-13 09:43:00, 0.0, 0.467
2018-10-13 09:44:13, 0.0, 0.13
2018-10-13 09:45:20, 0.0, 0.327
2018-10-13 09:46:04, 0.226, 0.371
2018-10-13 09:47:00, 0.195, 0.239
2018-10-13 09:48:01, 0.107, 0.38
2018-10-13 09:49:02, 0.0, 0.348
2018-10-13 09:50:00, 0.154, 0.239
2018-10-13 09:51:00, 0.249, 0.308
2018-10-13 09:52:00, 0.0, 0.137
2018-10-13 09:53:01, 0.0, 0.13
2018-10-13 09:54:00, 0.18, 0.187
2018-10-13 09:55:00, 0.209, 0.0
2018-10-13 09:56:08, 0.166, 0.228
2018-10-13 09:57:15, 0.255, 0.0
2018-10-13 09:58:00, 0.0, 0.104
2018-10-13 09:59:01, 0.271, 0.128
2018-10-13 10:00:00, 0.087, 0.0
2018-10-13 10:01:00, 0.0, 0.266
2018-10-13 10:02:00, 0.19, 0.318
2018-10-13 10:03:00, 0.082, 0.0
2018-10-13 10:04:01, 0.09, 0.0
2018-10-13 10:05:13, 0.0, 0.146
2018-10-13 10:06:00, 0.164, 0.284
2018-10-13 10:07:07, 0.287, 0.0
2018-10-13 10:08:03, 0.0, 0.194
2018-10-13 10:09:01, 0.118, 0.0
2018-10-13 10:10:00, 0.591, 0.3
2018-10-13 10:11:00, 0.162, 0.0
2018-10-13 10:12:18, 0.0, 0.262
2018-10-13 10:13:00, 0.18, 0.0
2018-10-13 10:14:16, 0.0, 0.804
2018-10-13 10:15:00, 0.394, 0.0
2018-10-13 10:16:00, 0.164, 0.0
2018-10-13 10:17:08, 0.212, 0.046
2018-10-13 10:18:00, 0.0, 0.284
2018-10-13 10:19:00, 0.0, 0.255
2018-10-13 10:20:01, 0.0, 0.22
2018-10-13 10:21:00, 0.595, 0.0
2018-10-13 10:22:00, 0.0, 0.284
2018-10-13 10:23:00, 0.161, 0.208
2018-10-13 10:24:06, 0.0, 0.284
2018-10-13 10:25:00, 0.0, 0.284
2018-10-13 10:26:01, 0.0, 0.098
2018-10-13 10:27:02, 0.0, 0.242
2018-10-13 10:28:00, 0.591, 0.371
2018-10-13 10:29:19, 0.0, 0.077
2018-10-13 10:30:02, 0.0, 0.079
2018-10-13 10:31:15, 0.0, 0.497
2018-10-13 10:32:00, 0.0, 0.451
2018-10-13 10:33:04, 0.0, 0.266
2018-10-13 10:34:00, 0.323, 0.351
2018-10-13 10:35:00, 0.0, 0.308
2018-10-13 10:36:00, 0.369, 0.0
2018-10-13 10:37:00, 0.123, 0.0
2018-10-13 10:38:00, 0.0, 0.367
2018-10-13 10:39:01, 0.438, 0.0
2018-10-13 10:40:14, 0.322, 0.326
2018-10-13 10:41:01, 0.0, 0.257
2018-10-13 10:42:00, 0.0, 0.193
2018-10-13 10:43:01, 0.0, 0.079
2018-10-13 10:44:00, 0.166, 0.193
2018-10-13 10:45:00, 0.356, 0.193
2018-10-13 10:46:00, 0.0, 0.098
2018-10-13 10:47:07, 0.0, 0.111
2018-10-13 10:48:06, 0.0, 0.179
2018-10-13 10:49:00, 0.13, 0.328
2018-10-13 10:50:00, 0.255, 0.0
2018-10-13 10:51:01, 0.13, 0.0
2018-10-13 10:52:00, 0.161, 0.061
2018-10-13 10:53:00, 0.0, 0.323
2018-10-13 10:54:07, 0.325, 0.171
2018-10-13 10:55:00, 0.0, 0.292
2018-10-13 10:56:00, 0.13, 0.0
2018-10-13 10:57:00, 0.098, 0.0
2018-10-13 10:58:00, 0.0, 0.091
2018-10-13 10:59:00, 0.167, 0.0
2018-10-13 11:00:00, 0.0, 0.203
2018-10-13 11:01:08, 0.182, 0.257
2018-10-13 11:02:00, 0.189, 0.138
2018-10-13 11:03:01, 0.0, 0.284
2018-10-13 11:04:00, 0.212, 0.052
2018-10-13 11:05:04, 0.247, 0.147
2018-10-13 11:06:00, 0.126, 0.0
2018-10-13 11:07:00, 0.146, 0.146
2018-10-13 11:08:02, 0.0, 0.141
2018-10-13 11:09:00, 0.0, 0.306
2018-10-13 11:10:00, 0.0, 0.108
2018-10-13 11:11:00, 0.355, 0.0
2018-10-13 11:12:00, 0.275, 0.0
2018-10-13 11:13:00, 0.0, 0.13
2018-10-13 11:14:03, 0.0, 0.255
2018-10-13 11:15:00, 0.352, 0.348
2018-10-13 11:16:00, 0.063, 0.0
2018-10-13 11:17:00, 0.0, 0.216
2018-10-13 11:18:00, 0.301, 0.591
2018-10-13 11:19:00, 0.268, 0.293
2018-10-13 11:20:00, 0.0, 0.198
2018-10-13 11:21:00, 0.257, 0.0
2018-10-13 11:22:00, 0.255, 0.098
2018-10-13 11:23:00, 0.591, 0.591
2018-10-13 11:24:00, 0.0, 0.216
2018-10-13 11:25:00, 0.0, 0.263
2018-10-13 11:26:00, 0.058, 0.292
2018-10-13 11:27:00, 0.0, 0.266
2018-10-13 11:28:00, 0.267, 0.369
2018-10-13 11:29:00, 0.133, 0.0
2018-10-13 11:30:05, 0.073, 0.284
2018-10-13 11:31:00, 0.0, 0.259
2018-10-13 11:32:00, 0.318, 0.284
2018-10-13 11:33:00, 0.0, 0.109
2018-10-13 11:34:00, 0.167, 0.375
2018-10-13 11:35:00, 0.0, 0.071
2018-10-13 11:36:00, 0.268, 0.0
2018-10-13 11:37:00, 0.0, 0.284
2018-10-13 11:38:00, 0.0, 0.305
2018-10-13 11:39:00, 0.333, 0.204
2018-10-13 11:40:00, 0.159, 0.204
2018-10-13 11:41:00, 0.0, 0.609
2018-10-13 11:42:00, 0.197, 0.0
2018-10-13 11:43:22, 0.0, 0.077
2018-10-13 11:44:00, 0.0, 0.161
2018-10-13 11:45:00, 0.217, 0.132
2018-10-13 11:46:00, 0.149, 0.0
2018-10-13 11:47:00, 0.0, 0.098
2018-10-13 11:48:01, 0.298, 0.0
2018-10-13 11:49:02, 0.328, 0.247
2018-10-13 11:50:00, 0.119, 0.102
2018-10-13 11:51:17, 0.0, 0.108
2018-10-13 11:52:01, 0.266, 0.0
2018-10-13 11:53:00, 0.262, 0.0
2018-10-13 11:54:14, 0.375, 0.0
2018-10-13 11:55:14, 0.0, 0.13
2018-10-13 11:56:13, 0.13, 0.0
2018-10-13 11:57:00, 0.101, 0.282
2018-10-13 11:58:02, 0.295, 0.061
2018-10-13 11:59:02, 0.0, 0.102
2018-10-13 12:00:00, 0.076, 0.0
2018-10-13 12:01:00, 0.0, 0.297
2018-10-13 12:02:00, 0.089, 0.0
2018-10-13 12:03:00, 0.0, 0.116
2018-10-13 12:04:00, 0.211, 0.292
2018-10-13 12:05:00, 0.14, 0.087
2018-10-13 12:06:00, 0.081, 0.146
2018-10-13 12:07:00, 0.338, 0.0
2018-10-13 12:08:00, 0.16, 0.293
2018-10-13 12:09:10, 0.0, 0.137
2018-10-13 12:10:08, 0.0, 0.228
2018-10-13 12:11:07, 0.0, 0.2
2018-10-13 12:12:00, 0.0, 0.042
2018-10-13 12:13:00, 0.0, 0.249
2018-10-13 12:14:08, 0.0, 0.107
2018-10-13 12:15:01, 0.0, 0.143
2018-10-13 12:16:14, 0.0, 0.163
2018-10-13 12:17:00, 0.0, 0.25
2018-10-13 12:18:00, 0.322, 0.239
2018-10-13 12:19:00, 0.244, 0.0
2018-10-13 12:20:00, 0.0, 0.12
2018-10-13 12:21:00, 0.0, 0.239
2018-10-13 12:22:00, 0.23, 0.0
2018-10-13 12:23:02, 0.112, 0.0
2018-10-13 12:24:19, 0.0, 0.146
2018-10-13 12:25:00, 0.106, 0.0
2018-10-13 12:26:00, 0.284, 0.0
2018-10-13 12:27:00, 0.157, 0.046
2018-10-13 12:28:00, 0.266, 0.0
2018-10-13 12:29:02, 0.239, 0.0
2018-10-13 12:30:00, 0.48, 0.316
2018-10-13 12:31:00, 0.0, 0.282
2018-10-13 12:32:13, 0.0, 0.219
2018-10-13 12:33:07, 0.0, 0.179
2018-10-13 12:34:16, 0.117, 0.116
2018-10-13 12:35:03, 0.0, 0.126
2018-10-13 12:36:01, 0.075, 0.369
2018-10-13 12:37:00, 0.13, 0.114
2018-10-13 12:38:00, 0.216, 0.138
2018-10-13 12:39:26, 0.075, 0.0
2018-10-13 12:40:00, 0.0, 0.167
2018-10-13 12:41:11, 0.0, 0.126
2018-10-13 12:42:00, 0.0, 0.164
2018-10-13 12:43:00, 0.158, 0.0
2018-10-13 12:44:01, 0.147, 0.0
2018-10-13 12:45:00, 0.452, 0.0
2018-10-13 12:46:00, 0.0, 0.411
2018-10-13 12:47:00, 0.0, 0.175
2018-10-13 12:48:00, 0.0, 0.113
2018-10-13 12:49:01, 0.213, 0.0
2018-10-13 12:50:00, 0.235, 0.127
2018-10-13 12:51:00, 0.0, 0.106
2018-10-13 12:52:00, 0.0, 0.269
2018-10-13 12:53:00, 0.216, 0.13
2018-10-13 12:54:00, 0.336, 0.0
2018-10-13 12:55:00, 0.0, 0.38
2018-10-13 12:56:03, 0.242, 0.0
2018-10-13 12:57:02, 0.0, 0.198
2018-10-13 12:58:20, 0.0, 0.127
2018-10-13 12:59:16, 0.0, 0.113
2018-10-13 13:00:04, 0.0, 0.119
2018-10-13 13:01:00, 0.153, 0.0
2018-10-13 13:02:15, 0.175, 0.116
2018-10-13 13:03:00, 0.0, 0.191
2018-10-13 13:04:08, 0.0, 0.198
2018-10-13 13:05:00, 0.0, 0.065
2018-10-13 13:06:01, 0.216, 0.364
2018-10-13 13:07:00, 0.177, 0.102
2018-10-13 13:08:00, 0.111, 0.0
2018-10-13 13:09:00, 0.231, 0.077
2018-10-13 13:10:00, 0.178, 0.0
2018-10-13 13:11:12, 0.0, 0.177
2018-10-13 13:12:00, 0.179, 0.242
2018-10-13 13:13:26, 0.073, 0.0
2018-10-13 13:14:00, 0.115, 0.289
2018-10-13 13:15:11, 0.287, 0.095
2018-10-13 13:16:00, 0.14, 0.0
2018-10-13 13:17:19, 0.419, 0.0
2018-10-13 13:18:00, 0.146, 0.148
2018-10-13 13:19:00, 0.0, 0.375
2018-10-13 13:20:10, 0.134, 0.145
2018-10-13 13:21:00, 0.0, 0.135
2018-10-13 13:22:00, 0.483, 0.3
2018-10-13 13:23:01, 0.138, 0.121
2018-10-13 13:24:00, 0.088, 0.0
2018-10-13 13:25:03, 0.266, 0.116
2018-10-13 13:26:00, 0.0, 0.203
2018-10-13 13:27:00, 0.268, 0.309
2018-10-13 13:28:14, 0.0, 0.135
2018-10-13 13:29:00, 0.185, 0.293
2018-10-13 13:30:00, 0.0, 0.267
2018-10-13 13:31:00, 0.305, 0.0
2018-10-13 13:32:00, 0.082, 0.3
2018-10-13 13:33:00, 0.146, 0.208
2018-10-13 13:34:15, 0.134, 0.0
2018-10-13 13:35:00, 0.11, 0.0
2018-10-13 13:36:01, 0.512, 0.0
2018-10-13 13:37:00, 0.239, 0.097
2018-10-13 13:38:00, 0.0, 0.211
2018-10-13 13:39:06, 0.624, 0.0
2018-10-13 13:40:08, 0.0, 0.13
2018-10-13 13:41:00, 0.284, 0.231
2018-10-13 13:42:00, 0.0, 0.114
2018-10-13 13:43:00, 0.197, 0.266
2018-10-13 13:44:00, 0.487, 0.0
2018-10-13 13:45:01, 0.0, 0.204
2018-10-13 13:46:00, 0.182, 0.102
2018-10-13 13:47:00, 0.128, 0.0
2018-10-13 13:48:00, 0.269, 0.128
2018-10-13 13:49:00, 0.0, 0.274
2018-10-13 13:50:10, 0.15, 0.0
2018-10-13 13:51:07, 0.0, 0.524
2018-10-13 13:52:00, 0.0, 0.293
2018-10-13 13:53:00, 0.317, 0.256
2018-10-13 13:54:00, 0.6, 0.071
2018-10-13 13:55:00, 0.316, 0.196
2018-10-13 13:56:00, 0.092, 0.0
2018-10-13 13:57:00, 0.0, 0.309
2018-10-13 13:58:14, 0.25, 0.0
2018-10-13 13:59:00, 0.459, 0.266
2018-10-13 14:00:00, 0.079, 0.0
2018-10-13 14:01:00, 0.0, 0.205
2018-10-13 14:02:00, 0.0, 0.309
2018-10-13 14:03:00, 0.464, 0.0
2018-10-13 14:04:02, 0.422, 0.0
2018-10-13 14:05:00, 0.0, 0.064
2018-10-13 14:06:00, 0.0, 0.319
2018-10-13 14:07:21, 0.222, 0.0
2018-10-13 14:08:00, 0.167, 0.0
2018-10-13 14:09:00, 0.138, 0.0
2018-10-13 14:10:00, 0.0, 0.241
2018-10-13 14:11:01, 0.0, 0.351
2018-10-13 14:12:00, 0.144, 0.08
2018-10-13 14:13:09, 0.0, 0.193
2018-10-13 14:14:00, 0.306, 0.0
2018-10-13 14:15:00, 0.0, 0.537
2018-10-13 14:16:08, 0.0, 0.146
2018-10-13 14:17:00, 0.0, 0.098
2018-10-13 14:18:00, 0.061, 0.0
2018-10-13 14:19:01, 0.0, 0.315
2018-10-13 14:20:01, 0.0, 0.161
2018-10-13 14:21:00, 0.371, 0.163
2018-10-13 14:22:00, 0.042, 0.079
2018-10-13 14:23:00, 0.233, 0.154
2018-10-13 14:24:00, 0.244, 0.0
2018-10-13 14:25:00, 0.0, 0.156
2018-10-13 14:26:00, 0.0, 0.125
2018-10-13 14:27:00, 0.0, 0.371
2018-10-13 14:28:00, 0.0, 0.226
2018-10-13 14:29:00, 0.25, 0.0
2018-10-13 14:30:00, 0.0, 0.095
2018-10-13 14:31:00, 0.0, 0.125
2018-10-13 14:32:00, 0.0, 0.163
2018-10-13 14:33:12, 0.0, 0.184
2018-10-13 14:34:03, 0.0, 0.343
2018-10-13 14:35:10, 0.0, 0.142
2018-10-13 14:36:00, 0.251, 0.0
2018-10-13 14:37:00, 0.0, 0.296
2018-10-13 14:38:01, 0.215, 0.108
2018-10-13 14:39:01, 0.0, 0.194
2018-10-13 14:40:00, 0.09, 0.0
2018-10-13 14:41:00, 0.0, 0.308
2018-10-13 14:42:00, 0.179, 0.0
2018-10-13 14:43:00, 0.0, 0.327
2018-10-13 14:44:00, 0.081, 0.0
2018-10-13 14:45:00, 0.0, 0.13
2018-10-13 14:46:02, 0.231, 0.179
2018-10-13 14:47:00, 0.153, 0.0
2018-10-13 14:48:10, 0.0, 0.171
2018-10-13 14:49:01, 0.113, 0.0
2018-10-13 14:50:00, 0.0, 0.324
2018-10-13 14:51:00, 0.1, 0.0
2018-10-13 14:52:00, 0.0, 0.103
2018-10-13 14:53:00, 0.183, 0.0
2018-10-13 14:54:00, 0.296, 0.0
2018-10-13 14:55:00, 0.111, 0.0
2018-10-13 14:56:02, 0.128, 0.434
2018-10-13 14:57:09, 0.09, 0.073
2018-10-13 14:58:00, 0.243, 0.269
2018-10-13 14:59:14, 0.0, 0.293
2018-10-13 15:00:00, 0.096, 0.0
2018-10-13 15:01:00, 0.0, 0.284
2018-10-13 15:02:00, 0.093, 0.0
2018-10-13 15:03:00, 0.197, 0.467
2018-10-13 15:04:00, 0.0, 0.102
2018-10-13 15:05:00, 0.0, 0.243
2018-10-13 15:06:00, 0.219, 0.0
2018-10-13 15:07:14, 0.0, 0.358
2018-10-13 15:08:01, 0.0, 0.208
2018-10-13 15:09:01, 0.688, 0.355
2018-10-13 15:10:00, 0.104, 0.0
2018-10-13 15:11:00, 0.282, 0.0
2018-10-13 15:12:00, 0.064, 0.2
2018-10-13 15:13:00, 0.136, 0.0
2018-10-13 15:14:00, 0.0, 0.351
2018-10-13 15:15:00, 0.264, 0.226
2018-10-13 15:16:03, 0.0, 0.293
2018-10-13 15:17:00, 0.0, 0.266
2018-10-13 15:18:11, 0.306, 0.0
2018-10-13 15:19:01, 0.179, 0.104
2018-10-13 15:20:00, 0.284, 0.239
2018-10-13 15:21:00, 0.0, 0.744
2018-10-13 15:22:00, 0.205, 0.0
2018-10-13 15:23:01, 0.14, 0.21
2018-10-13 15:24:18, 0.111, 0.0
2018-10-13 15:25:04, 0.0, 0.176
2018-10-13 15:26:00, 0.231, 0.0
2018-10-13 15:27:00, 0.0, 0.409
2018-10-13 15:28:00, 0.0, 0.251
2018-10-13 15:29:00, 0.0, 0.219
2018-10-13 15:30:00, 0.21, 0.0
2018-10-13 15:31:04, 0.0, 0.065
2018-10-13 15:32:10, 0.25, 0.0
2018-10-13 15:33:00, 0.0, 0.309
2018-10-13 15:34:00, 0.371, 0.153
2018-10-13 15:35:00, 0.0, 0.172
2018-10-13 15:36:00, 0.302, 0.0
2018-10-13 15:37:00, 0.158, 0.0
2018-10-13 15:38:01, 0.213, 0.0
2018-10-13 15:39:00, 0.0, 0.135
2018-10-13 15:40:00, 0.244, 0.143
2018-10-13 15:41:00, 0.219, 0.0
2018-10-13 15:42:00, 0.0, 0.294
2018-10-13 15:43:00, 0.244, 0.0
2018-10-13 15:44:10, 0.095, 0.0
2018-10-13 15:45:00, 0.269, 0.0
2018-10-13 15:46:00, 0.184, 0.284
2018-10-13 15:47:00, 0.231, 0.0
2018-10-13 15:48:00, 0.0, 0.109
2018-10-13 15:49:00, 0.284, 0.0
2018-10-13 15:50:00, 0.149, 0.101
2018-10-13 15:51:00, 0.0, 0.163
2018-10-13 15:52:00, 0.244, 0.306
2018-10-13 15:53:00, 0.278, 0.0
2018-10-13 15:54:00, 0.0, 0.252
2018-10-13 15:55:01, 0.231, 0.149
2018-10-13 15:56:00, 0.22, 0.0
2018-10-13 15:57:09, 0.257, 0.0
2018-10-13 15:58:01, 0.233, 0.177
2018-10-13 15:59:00, 0.335, 0.0
2018-10-13 16:00:00, 0.0, 0.121
2018-10-13 16:01:00, 0.0, 0.204
2018-10-13 16:02:00, 0.143, 0.0
2018-10-13 16:03:00, 0.154, 0.0
2018-10-13 16:04:02, 0.308, 0.0
2018-10-13 16:05:00, 0.122, 0.0
2018-10-13 16:06:00, 0.0, 0.252
2018-10-13 16:07:02, 0.116, 0.0
2018-10-13 16:08:00, 0.284, 0.204
2018-10-13 16:09:00, 0.125, 0.103
2018-10-13 16:10:21, 0.193, 0.108
2018-10-13 16:11:01, 0.0, 0.359
2018-10-13 16:12:08, 0.0, 0.244
2018-10-13 16:13:00, 0.228, 0.0
2018-10-13 16:14:00, 0.259, 0.0
2018-10-13 16:15:00, 0.279, 0.0
2018-10-13 16:16:00, 0.0, 0.234
2018-10-13 16:17:00, 0.0, 0.371
2018-10-13 16:18:00, 0.0, 0.124
2018-10-13 16:19:00, 0.0, 0.139
2018-10-13 16:20:00, 0.0, 0.193
2018-10-13 16:21:18, 0.211, 0.0
2018-10-13 16:22:06, 0.0, 0.249
2018-10-13 16:23:00, 0.14, 0.0
2018-10-13 16:24:22, 0.103, 0.0
2018-10-13 16:25:22, 0.0, 0.388
2018-10-13 16:26:05, 0.144, 0.0
2018-10-13 16:27:00, 0.148, 0.427
2018-10-13 16:28:01, 0.0, 0.351
2018-10-13 16:29:00, 0.116, 0.114
2018-10-13 16:30:00, 0.0, 0.121
2018-10-13 16:31:11, 0.0, 0.311
2018-10-13 16:32:01, 0.167, 0.0
2018-10-13 16:33:00, 0.327, 0.0
2018-10-13 16:34:00, 0.0, 0.45
2018-10-13 16:35:06, 0.0, 0.22
2018-10-13 16:36:00, 0.0, 0.16
2018-10-13 16:37:00, 0.0, 0.392
2018-10-13 16:38:11, 0.107, 0.0
2018-10-13 16:39:01, 0.124, 0.0
2018-10-13 16:40:00, 0.0, 0.103
2018-10-13 16:41:05, 0.0, 0.18
2018-10-13 16:42:12, 0.098, 0.212
2018-10-13 16:43:00, 0.13, 0.34
2018-10-13 16:44:00, 0.179, 0.172
2018-10-13 16:45:00, 0.145, 0.101
2018-10-13 16:46:00, 0.13, 0.202
2018-10-13 16:47:00, 0.0, 0.149
2018-10-13 16:48:00, 0.079, 0.207
2018-10-13 16:49:18, 0.225, 0.0
2018-10-13 16:50:00, 0.0, 0.207
2018-10-13 16:51:00, 0.239, 0.244
2018-10-13 16:52:00, 0.0, 0.061
2018-10-13 16:53:20, 0.114, 0.101
2018-10-13 16:54:00, 0.209, 0.0
2018-10-13 16:55:21, 0.0, 0.327
2018-10-13 16:56:00, 0.0, 0.226
2018-10-13 16:57:11, 0.075, 0.0
2018-10-13 16:58:00, 0.0, 0.158
2018-10-13 16:59:00, 0.0, 0.107
2018-10-13 17:00:00, 0.0, 0.289
2018-10-13 17:01:00, 0.124, 0.0
2018-10-13 17:02:01, 0.0, 0.197
2018-10-13 17:03:00, 0.242, 0.249
2018-10-13 17:04:00, 0.208, 0.117
2018-10-13 17:05:00, 0.122, 0.2
2018-10-13 17:06:01, 0.2, 0.2
2018-10-13 17:07:00, 0.2, 0.266
2018-10-13 17:08:16, 0.272, 0.0
2018-10-13 17:09:00, 0.078, 0.174
2018-10-13 17:10:00, 0.383, 0.0
2018-10-13 17:11:00, 0.0, 0.159
2018-10-13 17:12:00, 0.0, 0.159
2018-10-13 17:13:01, 0.148, 0.101
2018-10-13 17:14:00, 0.0, 0.293
2018-10-13 17:15:00, 0.0, 0.338
2018-10-13 17:16:00, 0.0, 0.205
2018-10-13 17:17:01, 0.0, 0.107
2018-10-13 17:18:17, 0.0, 0.181
2018-10-13 17:19:13, 0.0, 0.104
2018-10-13 17:20:00, 0.0, 0.2
2018-10-13 17:21:00, 0.256, 0.132
2018-10-13 17:22:00, 0.0, 0.105
2018-10-13 17:23:12, 0.0, 0.254
2018-10-13 17:24:21, 0.0, 0.13
2018-10-13 17:25:00, 0.115, 0.0
2018-10-13 17:26:10, 0.0, 0.796
2018-10-13 17:27:00, 0.0, 0.096
2018-10-13 17:28:03, 0.36, 0.264
2018-10-13 17:29:21, 0.242, 0.25
2018-10-13 17:30:00, 0.0, 0.096
2018-10-13 17:31:00, 0.273, 0.0
2018-10-13 17:32:00, 0.146, 0.238
2018-10-13 17:33:01, 0.0, 0.293
2018-10-13 17:34:01, 0.0, 0.213
2018-10-13 17:35:00, 0.269, 0.233
2018-10-13 17:36:00, 0.0, 0.369
2018-10-13 17:37:00, 0.0, 0.128
2018-10-13 17:38:03, 0.231, 0.0
2018-10-13 17:39:14, 0.096, 0.094
2018-10-13 17:40:00, 0.192, 0.0
2018-10-13 17:41:00, 0.467, 0.0
2018-10-13 17:42:00, 0.118, 0.0
2018-10-13 17:43:00, 0.0, 0.333
2018-10-13 17:44:00, 0.146, 0.0
2018-10-13 17:45:01, 0.0, 0.128
2018-10-13 17:46:01, 0.229, 0.0
2018-10-13 17:47:00, 0.0, 0.138
2018-10-13 17:48:18, 0.0, 0.098
2018-10-13 17:49:12, 0.173, 0.141
2018-10-13 17:50:00, 0.0, 0.149
2018-10-13 17:51:00, 0.207, 0.0
2018-10-13 17:52:06, 0.0, 0.364
2018-10-13 17:53:07, 0.0, 0.152
2018-10-13 17:54:01, 0.123, 0.0
2018-10-13 17:55:04, 0.494, 0.0
2018-10-13 17:56:00, 0.0, 0.393
2018-10-13 17:57:00, 0.284, 0.0
2018-10-13 17:58:00, 0.13, 0.0
2018-10-13 17:59:00, 0.364, 0.0
2018-10-13 18:00:00, 0.076, 0.0
2018-10-13 18:01:00, 0.0, 0.364
2018-10-13 18:02:00, 0.148, 0.157
2018-10-13 18:03:00, 0.149, 0.203
2018-10-13 18:04:00, 0.0, 0.138
2018-10-13 18:05:00, 0.205, 0.0
2018-10-13 18:06:00, 0.346, 0.0
2018-10-13 18:07:00, 0.0, 0.16
2018-10-13 18:08:23, 0.0, 0.199
2018-10-13 18:09:00, 0.364, 0.0
2018-10-13 18:10:00, 0.256, 0.284
2018-10-13 18:11:00, 0.0, 0.325
2018-10-13 18:12:00, 0.143, 0.157
2018-10-13 18:13:00, 0.0, 0.266
2018-10-13 18:14:00, 0.145, 0.049
2018-10-13 18:15:10, 0.214, 0.0
2018-10-13 18:16:00, 0.364, 0.0
2018-10-13 18:17:08, 0.103, 0.197
2018-10-13 18:18:00, 0.0, 0.203
2018-10-13 18:19:07, 0.107, 0.219
2018-10-13 18:20:00, 0.0, 0.21
2018-10-13 18:21:01, 0.113, 0.0
2018-10-13 18:22:02, 0.16, 0.231
2018-10-13 18:23:03, 0.0, 0.132
2018-10-13 18:24:00, 0.266, 0.354
2018-10-13 18:25:00, 0.1, 0.24
2018-10-13 18:26:00, 0.179, 0.0
2018-10-13 18:27:00, 0.197, 0.0
2018-10-13 18:28:00, 0.302, 0.0
2018-10-13 18:29:00, 0.141, 0.149
2018-10-13 18:30:00, 0.699, 0.0
2018-10-13 18:31:00, 0.095, 0.0
2018-10-13 18:32:00, 0.0, 0.084
2018-10-13 18:33:00, 0.308, 0.0
2018-10-13 18:34:00, 0.0, 0.591
2018-10-13 18:35:00, 0.194, 0.0
2018-10-13 18:36:00, 0.0, 0.194
2018-10-13 18:37:01, 0.136, 0.269
2018-10-13 18:38:00, 0.178, 0.072
2018-10-13 18:39:00, 0.166, 0.318
2018-10-13 18:40:00, 0.098, 0.0
2018-10-13 18:41:02, 0.0, 0.309
2018-10-13 18:42:25, 0.055, 0.167
2018-10-13 18:43:14, 0.0, 0.179
2018-10-13 18:44:00, 0.227, 0.0
2018-10-13 18:45:00, 0.0, 0.231
2018-10-13 18:46:00, 0.315, 0.0
2018-10-13 18:47:00, 0.2, 0.102
2018-10-13 18:48:01, 0.0, 0.396
2018-10-13 18:49:15, 0.0, 0.3
2018-10-13 18:50:01, 0.073, 0.0
2018-10-13 18:51:02, 0.213, 0.0
2018-10-13 18:52:18, 0.19, 0.0
2018-10-13 18:53:00, 0.308, 0.136
2018-10-13 18:54:15, 0.0, 0.196
2018-10-13 18:55:01, 0.163, 0.216
2018-10-13 18:56:00, 0.277, 0.473
2018-10-13 18:57:00, 0.0, 0.205
2018-10-13 18:58:00, 0.084, 0.464
2018-10-13 18:59:01, 0.0, 0.266
2018-10-13 19:00:00, 0.0, 0.163
2018-10-13 19:01:00, 0.167, 0.0
2018-10-13 19:02:00, 0.0, 0.095
2018-10-13 19:03:01, 0.398, 0.308
2018-10-13 19:04:00, 0.179, 0.0
2018-10-13 19:05:00, 0.17, 0.424
2018-10-13 19:06:00, 0.0, 0.147
2018-10-13 19:07:00, 0.107, 0.0
2018-10-13 19:08:00, 0.108, 0.239
2018-10-13 19:09:00, 0.483, 0.078
2018-10-13 19:10:00, 0.128, 0.0
2018-10-13 19:11:00, 0.545, 0.0
2018-10-13 19:12:04, 0.0, 0.247
2018-10-13 19:13:00, 0.0, 0.238
2018-10-13 19:14:01, 0.155, 0.0
2018-10-13 19:15:00, 0.107, 0.0
2018-10-13 19:16:09, 0.107, 0.0
2018-10-13 19:17:00, 0.0, 0.11
2018-10-13 19:18:00, 0.0, 0.286
2018-10-13 19:19:01, 0.205, 0.0
2018-10-13 19:20:00, 0.295, 0.17
2018-10-13 19:21:15, 0.123, 0.0
2018-10-13 19:22:00, 0.0, 0.147
2018-10-13 19:23:00, 0.104, 0.115
2018-10-13 19:24:00, 0.0, 0.127
2018-10-13 19:25:00, 0.0, 0.076
2018-10-13 19:26:00, 0.199, 0.197
2018-10-13 19:27:00, 0.0, 0.115
2018-10-13 19:28:02, 0.0, 0.21
2018-10-13 19:29:01, 0.268, 0.258
2018-10-13 19:30:00, 0.255, 0.155
2018-10-13 19:31:00, 0.155, 0.131
2018-10-13 19:32:00, 0.107, 0.0
2018-10-13 19:33:00, 0.0, 0.3
2018-10-13 19:34:00, 0.188, 0.099
2018-10-13 19:35:00, 0.0, 0.076
2018-10-13 19:36:02, 0.104, 0.116
2018-10-13 19:37:00, 0.179, 0.124
2018-10-13 19:38:00, 0.0, 0.364
2018-10-13 19:39:01, 0.17, 0.197
2018-10-13 19:40:03, 0.106, 0.167
2018-10-13 19:41:00, 0.163, 0.088
2018-10-13 19:42:00, 0.289, 0.251
2018-10-13 19:43:08, 0.123, 0.0
2018-10-13 19:44:00, 0.0, 0.127
2018-10-13 19:45:00, 0.0, 0.104
2018-10-13 19:46:00, 0.0, 0.3
2018-10-13 19:47:00, 0.175, 0.093
2018-10-13 19:48:15, 0.213, 0.215
2018-10-13 19:49:00, 0.323, 0.0
2018-10-13 19:50:07, 0.167, 0.095
2018-10-13 19:51:01, 0.25, 0.447
2018-10-13 19:52:01, 0.198, 0.0
2018-10-13 19:53:01, 0.098, 0.145
2018-10-13 19:54:00, 0.076, 0.096
2018-10-13 19:55:00, 0.255, 0.102
2018-10-13 19:56:00, 0.0, 0.193
2018-10-13 19:57:00, 0.0, 0.197
2018-10-13 19:58:00, 0.315, 0.247
2018-10-13 19:59:00, 0.0, 0.464
2018-10-13 20:00:00, 0.11, 0.0
2018-10-13 20:01:00, 0.0, 0.171
2018-10-13 20:02:00, 0.177, 0.231
2018-10-13 20:03:00, 0.398, 0.107
2018-10-13 20:04:00, 0.0, 0.206
2018-10-13 20:05:00, 0.167, 0.251
2018-10-13 20:06:00, 0.0, 0.257
2018-10-13 20:07:12, 0.0, 0.228
2018-10-13 20:08:00, 0.0, 0.16
2018-10-13 20:09:04, 0.0, 0.079
2018-10-13 20:10:01, 0.268, 0.0
2018-10-13 20:11:00, 0.071, 0.0
2018-10-13 20:12:07, 0.118, 0.2
2018-10-13 20:13:10, 0.0, 0.239
2018-10-13 20:14:00, 0.0, 0.249
2018-10-13 20:15:08, 0.179, 0.179
2018-10-13 20:16:00, 0.0, 0.212
2018-10-13 20:17:01, 0.0, 0.13
2018-10-13 20:18:00, 0.512, 0.0
2018-10-13 20:19:00, 0.0, 0.178
2018-10-13 20:20:00, 0.0, 0.393
2018-10-13 20:21:01, 0.09, 0.0
2018-10-13 20:22:00, 0.2, 0.064
2018-10-13 20:23:00, 0.189, 0.206
2018-10-13 20:24:00, 0.172, 0.483
2018-10-13 20:25:00, 0.0, 0.256
2018-10-13 20:26:00, 0.153, 0.0
2018-10-13 20:27:00, 0.0, 0.205
2018-10-13 20:28:01, 0.179, 0.0
2018-10-13 20:29:05, 0.444, 0.116
2018-10-13 20:30:01, 0.0, 0.171
2018-10-13 20:31:02, 0.231, 0.0
2018-10-13 20:32:06, 0.204, 0.591
2018-10-13 20:33:00, 0.136, 0.364
2018-10-13 20:34:01, 0.219, 0.0
2018-10-13 20:35:16, 0.162, 0.0
2018-10-13 20:36:00, 0.251, 0.0
2018-10-13 20:37:01, 0.196, 0.0
2018-10-13 20:38:00, 0.135, 0.153
2018-10-13 20:39:00, 0.266, 0.0
2018-10-13 20:40:00, 0.317, 0.181
2018-10-13 20:41:19, 0.0, 0.251
2018-10-13 20:42:24, 0.128, 0.0
2018-10-13 20:43:01, 0.202, 0.0
2018-10-13 20:44:00, 0.149, 0.284
2018-10-13 20:45:00, 0.054, 0.197
2018-10-13 20:46:00, 0.0, 0.205
2018-10-13 20:47:02, 0.179, 0.192
2018-10-13 20:48:00, 0.293, 0.0
2018-10-13 20:49:00, 0.135, 0.106
2018-10-13 20:50:01, 0.267, 0.113
2018-10-13 20:51:01, 0.153, 0.156
2018-10-13 20:52:00, 0.348, 0.0
2018-10-13 20:53:17, 0.0, 0.128
2018-10-13 20:54:00, 0.184, 0.0
2018-10-13 20:55:15, 0.242, 0.0
2018-10-13 20:56:01, 0.0, 0.23
2018-10-13 20:57:19, 0.264, 0.182
2018-10-13 20:58:02, 0.309, 0.0
2018-10-13 20:59:28, 0.249, 0.064
2018-10-13 21:00:00, 0.0, 0.362
2018-10-13 21:01:00, 0.151, 0.255
2018-10-13 21:02:01, 0.146, 0.0
2018-10-13 21:03:00, 0.0, 0.317
2018-10-13 21:04:13, 0.193, 0.0
2018-10-13 21:05:00, 0.205, 0.237
2018-10-13 21:06:00, 0.35, 0.0
2018-10-13 21:07:01, 0.0, 0.157
2018-10-13 21:08:11, 0.212, 0.0
2018-10-13 21:09:00, 0.284, 0.0
2018-10-13 21:10:17, 0.0, 0.301
2018-10-13 21:11:00, 0.0, 0.194
2018-10-13 21:12:00, 0.143, 0.083
2018-10-13 21:13:06, 0.0, 1.0
2018-10-13 21:14:03, 0.0, 0.179
2018-10-13 21:15:00, 0.348, 0.0
2018-10-13 21:16:05, 0.0, 0.199
2018-10-13 21:17:00, 0.457, 0.316
2018-10-13 21:18:10, 0.286, 0.179
2018-10-13 21:19:00, 0.0, 0.316
2018-10-13 21:20:00, 0.0, 0.348
2018-10-13 21:21:13, 0.279, 0.0
2018-10-13 21:22:00, 0.341, 0.327
2018-10-13 21:23:00, 0.08, 0.0
2018-10-13 21:24:00, 0.314, 0.0
2018-10-13 21:25:01, 0.0, 0.108
2018-10-13 21:26:00, 0.0, 0.316
2018-10-13 21:27:00, 0.266, 0.31
2018-10-13 21:28:00, 0.301, 0.0
2018-10-13 21:29:15, 0.155, 0.0
2018-10-13 21:30:00, 0.0, 0.264
2018-10-13 21:31:07, 0.113, 0.0
2018-10-13 21:32:00, 0.343, 0.0
2018-10-13 21:33:02, 0.487, 0.0
2018-10-13 21:34:00, 0.0, 0.249
2018-10-13 21:35:00, 0.0, 0.185
2018-10-13 21:36:01, 0.303, 0.271
2018-10-13 21:37:00, 0.219, 0.0
2018-10-13 21:38:00, 0.232, 0.0
2018-10-13 21:39:00, 0.081, 0.0
2018-10-13 21:40:00, 0.0, 0.115
2018-10-13 21:41:00, 0.113, 0.0
2018-10-13 21:42:01, 0.0, 0.153
2018-10-13 21:43:04, 0.194, 0.0
2018-10-13 21:44:00, 0.224, 0.347
2018-10-13 21:45:00, 0.2, 0.0
2018-10-13 21:46:00, 0.167, 0.0
2018-10-13 21:47:00, 0.0, 0.284
2018-10-13 21:48:00, 0.0, 0.198
2018-10-13 21:49:00, 0.0, 0.142
2018-10-13 21:50:00, 0.244, 0.0
2018-10-13 21:51:01, 0.157, 0.269
2018-10-13 21:52:00, 0.0, 0.194
2018-10-13 21:53:00, 0.1, 0.115
2018-10-13 21:54:00, 0.205, 0.204
2018-10-13 21:55:05, 0.184, 0.0
2018-10-13 21:56:02, 0.375, 0.0
2018-10-13 21:57:00, 0.0, 0.148
2018-10-13 21:58:03, 0.0, 0.316
2018-10-13 21:59:00, 0.0, 0.3
2018-10-13 22:00:00, 0.087, 0.116
2018-10-13 22:01:00, 0.184, 0.116
2018-10-13 22:02:00, 0.171, 0.0
2018-10-13 22:03:00, 0.082, 0.0
2018-10-13 22:04:29, 0.0, 0.333
2018-10-13 22:05:01, 0.0, 0.205
2018-10-13 22:06:10, 0.208, 0.0
2018-10-13 22:07:00, 0.0, 0.091
2018-10-13 22:08:05, 0.0, 0.211
2018-10-13 22:09:00, 0.438, 0.0
2018-10-13 22:10:00, 0.0, 0.266
2018-10-13 22:11:16, 0.263, 0.0
2018-10-13 22:12:09, 0.0, 0.316
2018-10-13 22:13:00, 0.0, 0.23
2018-10-13 22:14:02, 0.478, 0.168
2018-10-13 22:15:06, 0.0, 0.225
2018-10-13 22:16:17, 0.0, 0.245
2018-10-13 22:17:01, 0.0, 0.13
2018-10-13 22:18:00, 0.141, 0.0
2018-10-13 22:19:00, 0.18, 0.0
2018-10-13 22:20:00, 0.167, 0.163
2018-10-13 22:21:00, 0.132, 0.0
2018-10-13 22:22:01, 0.524, 0.145
2018-10-13 22:23:01, 0.0, 0.193
2018-10-13 22:24:01, 0.0, 0.22
2018-10-13 22:25:00, 0.0, 0.268
2018-10-13 22:26:00, 0.213, 0.0
2018-10-13 22:27:01, 0.101, 0.0
2018-10-13 22:28:02, 0.201, 0.205
2018-10-13 22:29:00, 0.0, 0.13
2018-10-13 22:30:00, 0.163, 0.0
2018-10-13 22:31:00, 0.0, 0.228
2018-10-13 22:32:00, 0.141, 0.0
2018-10-13 22:33:00, 0.241, 0.0
2018-10-13 22:34:00, 0.17, 0.457
2018-10-13 22:35:00, 0.288, 0.0
2018-10-13 22:36:22, 0.0, 0.219
2018-10-13 22:37:01, 0.0, 0.381
2018-10-13 22:38:00, 0.126, 0.144
2018-10-13 22:39:08, 0.162, 0.0
2018-10-13 22:40:00, 0.221, 0.0
2018-10-13 22:41:12, 0.18, 0.269
2018-10-13 22:42:16, 0.0, 0.205
2018-10-13 22:43:00, 0.464, 0.0
2018-10-13 22:44:01, 0.0, 0.316
2018-10-13 22:45:00, 0.227, 0.264
2018-10-13 22:46:00, 0.192, 0.0
2018-10-13 22:47:14, 0.13, 0.0
2018-10-13 22:48:12, 0.0, 0.451
2018-10-13 22:49:01, 0.108, 0.307
2018-10-13 22:50:00, 0.13, 0.0
2018-10-13 22:51:00, 0.167, 0.205
2018-10-13 22:52:00, 0.0, 0.2
2018-10-13 22:53:00, 0.0, 0.403
2018-10-13 22:54:01, 0.0, 0.116
2018-10-13 22:55:06, 0.125, 0.163
2018-10-13 22:56:00, 0.135, 0.0
2018-10-13 22:57:01, 0.161, 0.0
2018-10-13 22:58:00, 0.079, 0.237
2018-10-13 22:59:18, 0.0, 0.315
2018-10-13 23:00:00, 0.16, 0.0
2018-10-13 23:01:01, 0.437, 0.0
2018-10-13 23:02:07, 0.094, 0.284
2018-10-13 23:03:00, 0.284, 0.147
2018-10-13 23:04:01, 0.223, 0.0
2018-10-13 23:05:00, 0.0, 0.336
2018-10-13 23:06:00, 0.0, 0.31
2018-10-13 23:07:00, 0.0, 0.185
2018-10-13 23:08:00, 0.0, 0.197
2018-10-13 23:09:06, 0.0, 0.483
2018-10-13 23:10:00, 0.0, 0.255
2018-10-13 23:11:00, 0.155, 0.0
2018-10-13 23:12:00, 0.0, 0.077
2018-10-13 23:13:03, 0.0, 0.405
2018-10-13 23:14:01, 0.219, 0.209
2018-10-13 23:15:09, 0.0, 0.163
2018-10-13 23:16:04, 0.0, 0.216
2018-10-13 23:17:00, 0.282, 0.222
2018-10-13 23:18:01, 0.0, 0.167
2018-10-13 23:19:00, 0.15, 0.0
2018-10-13 23:20:00, 0.227, 0.155
2018-10-13 23:21:01, 0.444, 0.0
2018-10-13 23:22:00, 0.0, 0.194
2018-10-13 23:23:04, 0.398, 0.136
2018-10-13 23:24:00, 0.204, 0.0
2018-10-13 23:25:24, 0.104, 0.0
2018-10-13 23:26:01, 0.113, 0.0
2018-10-13 23:27:00, 0.136, 0.231
2018-10-13 23:28:10, 0.0, 0.205
2018-10-13 23:29:00, 0.2, 0.0
2018-10-13 23:30:00, 0.144, 0.0
2018-10-13 23:31:18, 0.0, 0.435
2018-10-13 23:32:00, 0.744, 0.0
2018-10-13 23:33:00, 0.0, 0.277
2018-10-13 23:34:12, 0.0, 0.112
2018-10-13 23:35:01, 0.11, 0.132
2018-10-13 23:36:00, 0.11, 0.348
2018-10-13 23:37:00, 0.082, 0.0
2018-10-13 23:38:00, 0.211, 0.0
2018-10-13 23:39:01, 0.0, 0.148
2018-10-13 23:40:00, 0.203, 0.128
2018-10-13 23:41:00, 0.209, 0.226
2018-10-13 23:42:01, 0.0, 0.303
2018-10-13 23:43:00, 0.162, 0.0
2018-10-13 23:44:01, 0.091, 0.13
2018-10-13 23:45:00, 0.189, 0.0
2018-10-13 23:46:00, 0.0, 0.054
2018-10-13 23:47:05, 0.0, 0.348
2018-10-13 23:48:00, 0.188, 0.0
2018-10-13 23:49:00, 0.0, 0.149
2018-10-13 23:50:01, 0.0, 0.3
2018-10-13 23:51:00, 0.27, 0.0
2018-10-13 23:52:17, 0.19, 0.33
2018-10-13 23:53:05, 0.0, 0.293
2018-10-13 23:54:23, 0.315, 0.126
2018-10-13 23:55:00, 0.0, 0.108
2018-10-13 23:56:04, 0.274, 0.0
2018-10-13 23:57:29, 0.304, 0.0
2018-10-13 23:58:00, 0.0, 0.48
2018-10-13 23:59:01, 0.298, 0.0
2018-10-13 00:00:00, 0.076, 0.112
2018-10-13 00:01:01, 0.107, 0.104
2018-10-13 00:02:00, 0.38, 0.369
2018-10-13 00:03:13, 0.209, 0.176
2018-10-13 00:04:00, 0.088, 0.352
2018-10-13 00:05:07, 0.134, 0.171
2018-10-13 00:06:08, 0.167, 0.122
2018-10-13 00:07:14, 0.255, 0.104
2018-10-13 00:08:01, 0.281, 0.082
2018-10-13 00:09:11, 0.13, 0.212
2018-10-13 00:10:00, 0.286, 0.398
2018-10-13 00:11:00, 0.239, 0.25
2018-10-13 00:12:01, 0.156, 0.135
2018-10-13 00:13:22, 0.209, 0.286
2018-10-13 00:14:02, 0.11, 0.157
2018-10-13 00:15:00, 0.167, 0.159
2018-10-13 00:16:16, 0.316, 0.088
2018-10-13 00:17:00, 0.21, 0.135
2018-10-13 00:18:00, 0.184, 0.295
2018-10-13 00:19:00, 0.144, 0.178
2018-10-13 00:20:01, 0.545, 0.355
2018-10-13 00:21:03, 0.095, 0.309
2018-10-13 00:22:16, 2018-10-13 00:00:00, 0.076, 0.112
2018-10-13 00:01:01, 0.107, 0.104
2018-10-13 00:02:00, 0.38, 0.369
2018-10-13 00:03:13, 0.209, 0.176
2018-10-13 00:04:00, 0.088, 0.352
2018-10-13 00:05:07, 0.134, 0.171
2018-10-13 00:06:08, 0.167, 0.122
2018-10-13 00:07:14, 0.255, 0.104
2018-10-13 00:08:01, 0.281, 0.082
2018-10-13 00:09:11, 0.13, 0.212
2018-10-13 00:10:00, 0.286, 0.398
2018-10-13 00:11:00, 0.239, 0.25
2018-10-13 00:12:01, 0.156, 0.135
2018-10-13 00:13:22, 0.209, 0.286
2018-10-13 00:14:02, 0.11, 0.157
2018-10-13 00:15:00, 0.167, 0.159
2018-10-13 00:16:16, 0.316, 0.088
2018-10-13 00:17:00, 0.21, 0.135
2018-10-13 00:18:00, 0.184, 0.295
2018-10-13 00:19:00, 0.144, 0.178
2018-10-13 00:20:01, 0.545, 0.355
2018-10-13 00:21:03, 0.095, 0.309
2018-10-13 00:22:16, 2018-10-13 00:00:00, 0.076, 0.112
2018-10-13 00:01:01, 0.107, 0.104
2018-10-13 00:02:00, 0.38, 0.369
2018-10-13 00:03:13, 0.209, 0.176
2018-10-13 00:04:00, 0.088, 0.352
2018-10-13 00:05:07, 0.134, 0.171
2018-10-13 00:06:08, 0.167, 0.122
2018-10-13 00:07:14, 0.255, 0.104
2018-10-13 00:08:01, 0.281, 0.082
2018-10-13 00:09:11, 0.13, 0.212
2018-10-13 00:10:00, 0.286, 0.398
2018-10-13 00:11:00, 0.239, 0.25
2018-10-13 00:12:01, 0.156, 0.135
2018-10-13 00:13:22, 0.209, 0.286
2018-10-13 00:14:02, 0.11, 0.157
2018-10-13 00:15:00, 0.167, 0.159
2018-10-13 00:16:16, 0.316, 0.088
2018-10-13 00:17:00, 0.21, 0.135
2018-10-13 00:18:00, 0.184, 0.295
2018-10-13 00:19:00, 0.144, 0.178
2018-10-13 00:20:01, 0.545, 0.355
2018-10-13 00:21:03, 0.095, 0.309
2018-10-13 00:22:16, 