2018-10-04 18:26:53, 2018-10-04 18:26:59, true, 0.0008, 0.0066, -0.0484, true
2018-10-04 18:27:00, 2018-10-04 18:27:59, false, -0.0151, 0.0012, -0.1730, true
2018-10-04 18:28:00, 2018-10-04 18:28:59, true, 0.0055, 0.0189, 0.4069, true
2018-10-04 18:29:00, 2018-10-04 18:29:59, true, 0.0531, 0.0661, 1.8132, true
2018-10-04 18:30:00, 2018-10-04 18:30:59, true, 0.0156, 0.0788, -1.2938, true
2018-10-04 18:31:01, 2018-10-04 18:31:59, true, 0.0564, 0.0781, -0.6054, true
2018-10-04 18:32:00, 2018-10-04 18:32:59, true, 0.0154, 0.0786, 0.6198, true
2018-10-04 18:33:00, 2018-10-04 18:33:59, false, -0.0099, 0.0206, -0.9084, true
2018-10-04 18:34:01, 2018-10-04 18:34:59, true, 0.0076, 0.0123, 0.0018, true
2018-10-04 18:35:00, 2018-10-04 18:35:59, false, -0.0053, 0.0076, -0.0353, true
2018-10-04 18:36:00, 2018-10-04 18:36:59, true, 0.0355, 0.0390, 0.3276, true
2018-10-04 18:37:00, 2018-10-04 18:37:59, true, 0.0084, 0.0605, -0.0440, true
2018-10-04 18:38:01, 2018-10-04 18:38:59, true, 0.0018, 0.0172, -0.1547, true
2018-10-04 18:39:00, 2018-10-04 18:39:59, false, -0.0006, 0.0117, -0.1256, true
2018-10-04 18:40:00, 2018-10-04 18:40:59, true, 0.0358, 0.0422, 0.0801, true
2018-10-04 18:41:00, 2018-10-04 18:41:59, false, -0.0158, 0.0376, -0.0271, true
2018-10-04 18:42:00, 2018-10-04 18:42:59, true, 0.0721, 0.0796, 0.1957, true
2018-10-04 18:43:00, 2018-10-04 18:43:59, true, 0.0024, 0.1006, 0.1447, true
2018-10-04 18:44:00, 2018-10-04 18:44:59, true, 0.0321, 0.0335, -0.4355, true
2018-10-04 18:45:01, 2018-10-04 18:45:59, true, 0.0403, 0.0802, 0.1624, true
2018-10-04 18:46:00, 2018-10-04 18:46:59, true, 0.0167, 0.0716, -0.1801, true
2018-10-04 18:47:00, 2018-10-04 18:47:59, true, 0.0460, 0.0847, 0.1134, true
2018-10-04 18:48:00, 2018-10-04 18:48:59, true, 0.0062, 0.0702, 0.1466, true
2018-10-04 18:49:00, 2018-10-04 18:49:59, true, 0.0134, 0.0254, -0.2575, true
2018-10-04 18:50:00, 2018-10-04 18:50:59, false, -0.0260, 0.0187, 0.1971, true
2018-10-04 18:51:00, 2018-10-04 18:51:59, true, 0.0106, 0.0106, -0.0793, true
2018-10-04 18:52:01, 2018-10-04 18:52:59, true, 0.0287, 0.0547, -0.0958, true
2018-10-04 18:53:00, 2018-10-04 18:53:59, false, -0.0202, 0.0327, -0.0714, true
2018-10-04 18:54:00, 2018-10-04 18:54:59, true, 0.0061, 0.0073, 0.2578, true
2018-10-04 18:55:00, 2018-10-04 18:55:59, false, -0.0062, 0.0119, -0.0948, true
2018-10-04 18:56:00, 2018-10-04 18:56:59, true, 0.0027, 0.0099, -0.0696, true
2018-10-04 18:57:02, 2018-10-04 18:57:59, false, -0.0173, 0.0027, 0.0349, true
2018-10-04 18:58:00, 2018-10-04 18:58:58, false, -0.0340, 0.0135, -0.0835, true
2018-10-04 18:59:00, 2018-10-04 18:59:59, true, 0.0003, 0.0201, 0.1178, true
2018-10-04 19:00:00, 2018-10-04 19:00:59, true, 0.0097, 0.0138, -0.0833, true
2018-10-04 19:01:00, 2018-10-04 19:01:59, true, 0.0404, 0.0550, 0.0902, true
2018-10-04 19:02:00, 2018-10-04 19:02:59, true, 0.0008, 0.0430, -0.2010, true
2018-10-04 19:03:00, 2018-10-04 19:03:59, true, 0.0660, 0.0684, 0.1618, true
2018-10-04 19:04:00, 2018-10-04 19:04:59, false, -0.0403, 0.0661, -0.0823, true
2018-10-04 19:05:00, 2018-10-04 19:05:59, false, -0.0017, 0.0023, -0.0252, true
2018-10-04 19:06:00, 2018-10-04 19:06:59, false, -0.0035, 0.0059, 0.0043, true
2018-10-04 19:07:00, 2018-10-04 19:07:59, true, 0.0008, 0.0056, 0.0488, true
2018-10-04 19:08:00, 2018-10-04 19:08:59, true, 0.0017, 0.0176, 0.0822, true
2018-10-04 19:09:00, 2018-10-04 19:09:59, true, 0.0175, 0.0210, 0.0286, true
2018-10-04 19:10:00, 2018-10-04 19:10:59, false, -0.0047, 0.0191, -0.0533, true
2018-10-04 19:11:00, 2018-10-04 19:11:58, false, -0.0096, 0.0033, 0.1909, true
2018-10-04 19:12:00, 2018-10-04 19:12:59, true, 0.0128, 0.0129, -0.0560, true
2018-10-04 19:13:00, 2018-10-04 19:13:58, true, 0.0050, 0.0220, -0.1731, true
2018-10-04 19:14:00, 2018-10-04 19:14:59, true, 0.0106, 0.0178, 0.0818, true
2018-10-04 19:15:01, 2018-10-04 19:15:59, false, -0.0032, 0.0217, 0.0492, true
2018-10-04 19:16:00, 2018-10-04 19:16:59, true, 0.0712, 0.0720, 0.5786, true
2018-10-04 19:17:01, 2018-10-04 19:17:59, true, 0.0544, 0.1317, 0.6944, true
2018-10-04 19:18:00, 2018-10-04 19:18:59, false, -0.0056, 0.0567, -1.2594, true
2018-10-04 19:19:01, 2018-10-04 19:19:59, false, -0.0112, 0.0140, -0.1432, true
2018-10-04 19:20:00, 2018-10-04 19:20:58, false, -0.0161, 0.0006, 0.0546, true
2018-10-04 19:21:00, 2018-10-04 19:21:57, false, -0.0253, 0.0182, 0.4602, true
2018-10-04 19:22:01, 2018-10-04 19:22:59, false, -0.0032, 0.0179, -0.5522, true
2018-10-04 19:23:00, 2018-10-04 19:23:59, false, -0.0024, 0.0033, 0.0168, true
2018-10-04 19:24:00, 2018-10-04 19:24:59, true, 0.0002, 0.0121, 0.0109, true
2018-10-04 19:25:00, 2018-10-04 19:25:59, false, -0.0082, 0.0003, 0.1554, true
2018-10-04 19:26:00, 2018-10-04 19:26:59, true, 0.0121, 0.0425, -0.1214, true
2018-10-04 19:27:00, 2018-10-04 19:27:59, false, -0.0068, 0.0250, -0.0771, true
2018-10-04 19:28:00, 2018-10-04 19:28:59, false, -0.0314, 0.0012, -0.0029, true
2018-10-04 19:29:00, 2018-10-04 19:29:58, false, -0.0203, 0.0000, 0.1442, true
2018-10-04 19:30:00, 2018-10-04 19:30:59, true, 0.0094, 0.0213, -0.1365, true
2018-10-04 19:31:01, 2018-10-04 19:31:59, false, -0.0264, 0.0235, 0.0898, true
2018-10-04 19:32:00, 2018-10-04 19:32:57, true, 0.0062, 0.0112, 0.7802, true
2018-10-04 19:33:00, 2018-10-04 19:33:59, false, -0.0018, 0.0090, -0.5511, true
2018-10-04 19:34:00, 2018-10-04 19:34:59, false, -0.0103, 0.0087, -0.2787, true
2018-10-04 19:35:00, 2018-10-04 19:35:59, false, -0.0014, 0.0067, -0.0440, true
2018-10-04 19:36:00, 2018-10-04 19:36:59, false, -0.0150, 0.0003, -0.0159, true
2018-10-04 19:37:00, 2018-10-04 19:37:59, true, 0.0190, 0.0190, 0.0550, true
2018-10-04 19:38:00, 2018-10-04 19:38:58, true, 0.0187, 0.0439, 0.1588, true
2018-10-04 19:39:02, 2018-10-04 19:39:59, true, 0.0146, 0.0387, -0.1831, true
2018-10-04 19:40:00, 2018-10-04 19:40:58, true, 0.0043, 0.0250, 0.0762, true
2018-10-04 19:41:00, 2018-10-04 19:41:59, true, 0.0138, 0.0181, 0.0540, true
2018-10-04 19:42:00, 2018-10-04 19:42:59, true, 0.0064, 0.0304, -0.0296, true
2018-10-04 19:43:00, 2018-10-04 19:43:59, false, -0.0064, 0.0079, -0.0675, true
2018-10-04 19:44:00, 2018-10-04 19:44:59, true, 0.0232, 0.0270, 0.0079, true
2018-10-04 19:45:00, 2018-10-04 19:45:59, false, -0.0127, 0.0307, -0.0440, true
2018-10-04 19:46:00, 2018-10-04 19:46:58, true, 0.0062, 0.0085, 0.0235, true
2018-10-04 19:47:01, 2018-10-04 19:47:59, false, -0.0114, 0.0102, -0.0672, true
2018-10-04 19:48:01, 2018-10-04 19:48:59, false, -0.0006, 0.0000, 0.1996, true
2018-10-04 19:49:00, 2018-10-04 19:49:58, true, 0.0003, 0.0030, -0.1589, true
2018-10-04 19:50:00, 2018-10-04 19:50:59, false, -0.0003, 0.0121, 0.0027, true
2018-10-04 19:51:00, 2018-10-04 19:51:58, false, -0.0087, 0.0009, 0.0550, true
2018-10-04 19:52:00, 2018-10-04 19:52:59, false, -0.0079, 0.0002, -0.0970, true
2018-10-04 19:53:00, 2018-10-04 19:53:58, false, -0.0056, 0.0008, 0.0881, true
2018-10-04 19:54:01, 2018-10-04 19:54:59, false, -0.0427, -0.0026, 0.3478, true
2018-10-04 19:55:00, 2018-10-04 19:55:59, true, 0.0128, 0.0258, -0.3250, true
2018-10-04 19:56:00, 2018-10-04 19:56:58, false, -0.0088, 0.0194, 0.0275, true
2018-10-04 19:57:00, 2018-10-04 19:57:59, false, -0.0144, 0.0081, 0.0433, true
2018-10-04 19:58:00, 2018-10-04 19:58:59, true, 0.0122, 0.0131, 0.1071, true
2018-10-04 19:59:00, 2018-10-04 19:59:59, true, 0.0254, 0.0456, -0.1919, true
2018-10-04 20:00:00, 2018-10-04 20:00:59, true, 0.0056, 0.0378, -0.0832, true
2018-10-04 20:01:00, 2018-10-04 20:01:59, false, -0.0014, 0.0100, 0.0333, true
2018-10-04 20:02:00, 2018-10-04 20:02:59, false, -0.0070, 0.0046, -0.0088, true
2018-10-04 20:03:00, 2018-10-04 20:03:59, true, 0.0027, 0.0029, 0.0056, true
2018-10-04 20:04:00, 2018-10-04 20:04:58, false, -0.0162, 0.0035, 0.0556, true
2018-10-04 20:05:00, 2018-10-04 20:05:59, false, -0.0175, -0.0005, 0.1116, true
2018-10-04 20:06:00, 2018-10-04 20:06:58, false, -0.0115, -0.0002, -0.2008, true
2018-10-04 20:07:00, 2018-10-04 20:07:59, true, 0.0049, 0.0126, 0.0141, true
2018-10-04 20:08:00, 2018-10-04 20:08:59, true, 0.0117, 0.0166, -0.0071, true
2018-10-04 20:09:00, 2018-10-04 20:09:57, true, 0.0308, 0.0427, 0.0820, true
2018-10-04 20:10:00, 2018-10-04 20:10:58, true, 0.0006, 0.0448, 0.0395, true
2018-10-04 20:11:00, 2018-10-04 20:11:57, false, -0.0226, 0.0038, -0.0884, true
2018-10-04 20:12:00, 2018-10-04 20:12:58, true, 0.0103, 0.0159, -0.0544, true
2018-10-04 20:13:00, 2018-10-04 20:13:59, true, 0.0006, 0.0261, 0.0235, true
2018-10-04 20:14:00, 2018-10-04 20:14:59, false, -0.0015, 0.0038, 0.0456, true
2018-10-04 20:15:00, 2018-10-04 20:15:58, false, -0.0084, 0.0041, 0.0595, true
2018-10-04 20:16:00, 2018-10-04 20:16:59, true, 0.0008, 0.0071, -0.0779, true
2018-10-04 20:17:00, 2018-10-04 20:17:59, false, -0.0204, 0.0032, 0.0235, true
2018-10-04 20:18:00, 2018-10-04 20:18:59, false, -0.0479, 0.0079, -0.0043, true
2018-10-04 20:19:00, 2018-10-04 20:19:59, false, -0.0088, 0.0078, 0.0497, true
2018-10-04 20:20:00, 2018-10-04 20:20:57, true, 0.0123, 0.0123, -0.0702, true
2018-10-04 20:21:00, 2018-10-04 20:21:59, false, -0.0237, 0.0126, 0.0619, true
2018-10-04 20:22:01, 2018-10-04 20:22:59, true, 0.0132, 0.0198, 0.1599, true
2018-10-04 20:23:00, 2018-10-04 20:23:59, false, -0.0100, 0.0146, -0.2617, true
2018-10-04 20:24:00, 2018-10-04 20:24:59, false, -0.0070, 0.0002, 0.0234, true
2018-10-04 20:25:00, 2018-10-04 20:25:59, false, -0.0094, 0.0094, 0.0617, true
2018-10-04 20:26:00, 2018-10-04 20:26:59, false, 0.0000, 0.0102, -0.0254, true
2018-10-04 20:27:00, 2018-10-04 20:27:59, true, 0.0102, 0.0112, -0.0111, true
2018-10-04 20:28:02, 2018-10-04 20:28:59, true, 0.0011, 0.0112, -0.0684, true
2018-10-04 20:29:00, 2018-10-04 20:29:59, true, 0.0043, 0.0056, 0.1193, true
2018-10-04 20:30:00, 2018-10-04 20:30:59, true, 0.0210, 0.0254, 0.0123, true
2018-10-04 20:31:00, 2018-10-04 20:31:59, false, -0.0061, 0.0082, -0.0369, true
2018-10-04 20:32:00, 2018-10-04 20:32:59, true, 0.0012, 0.0076, 0.1846, true
2018-10-04 20:33:00, 2018-10-04 20:33:59, false, -0.0207, 0.0082, -0.0312, true
2018-10-04 20:34:00, 2018-10-04 20:34:59, false, -0.0078, 0.0076, -0.1385, true
2018-10-04 20:35:00, 2018-10-04 20:35:57, true, 0.0071, 0.0073, -0.0552, true
2018-10-04 20:36:01, 2018-10-04 20:36:59, false, -0.0055, 0.0160, 0.1107, true
2018-10-04 20:37:00, 2018-10-04 20:37:59, false, -0.0032, 0.0120, -0.0953, true
2018-10-04 20:38:00, 2018-10-04 20:38:59, false, -0.0135, 0.0149, 0.2737, true
2018-10-04 20:39:00, 2018-10-04 20:39:59, true, 0.0017, 0.0085, -0.3167, true
2018-10-04 20:40:00, 2018-10-04 20:40:59, false, -0.0316, 0.0440, 0.2470, true
2018-10-04 20:41:00, 2018-10-04 20:41:59, false, -0.0211, 0.0100, -0.2137, true
2018-10-04 20:42:00, 2018-10-04 20:42:59, false, -0.0059, -0.0035, 0.0052, true
2018-10-04 20:43:00, 2018-10-04 20:43:59, false, -0.0018, 0.0017, -0.0504, true
2018-10-04 20:44:00, 2018-10-04 20:44:59, false, -0.0250, 0.0003, 0.0638, true
2018-10-04 20:45:00, 2018-10-04 20:45:59, false, -0.0006, 0.0225, -0.0557, true
2018-10-04 20:46:00, 2018-10-04 20:46:59, false, -0.0175, 0.0085, -0.0006, true
2018-10-04 20:47:00, 2018-10-04 20:47:59, true, 0.0770, 0.0819, 0.2631, true
2018-10-04 20:48:00, 2018-10-04 20:48:58, false, -0.0201, 0.0829, -0.2107, true
2018-10-04 20:49:00, 2018-10-04 20:49:58, false, -0.0012, 0.0005, -0.0678, true
2018-10-04 20:50:01, 2018-10-04 20:50:59, true, 0.0021, 0.0138, 0.0050, true
2018-10-04 20:51:00, 2018-10-04 20:51:58, false, -0.0123, 0.0154, 0.0537, true
2018-10-04 20:52:00, 2018-10-04 20:52:58, false, -0.0055, 0.0011, -0.0771, true
2018-10-04 20:53:00, 2018-10-04 20:53:59, true, 0.0090, 0.0129, 0.0400, true
2018-10-04 20:54:00, 2018-10-04 20:54:59, true, 0.0119, 0.0211, -0.0195, true
2018-10-04 20:55:00, 2018-10-04 20:55:59, true, 0.0707, 0.0888, 0.2066, true
2018-10-04 20:56:00, 2018-10-04 20:56:58, true, 0.0122, 0.0926, 0.0713, true
2018-10-04 20:57:00, 2018-10-04 20:57:59, false, -0.0084, 0.0147, -0.1877, true
2018-10-04 20:58:00, 2018-10-04 20:58:58, true, 0.0058, 0.0117, 0.0280, true
2018-10-04 20:59:00, 2018-10-04 20:59:59, true, 0.0598, 0.1036, 0.2224, true
2018-10-04 21:00:00, 2018-10-04 21:00:59, true, 0.0159, 0.0927, -0.0729, true
2018-10-04 21:01:00, 2018-10-04 21:01:59, true, 0.0196, 0.0603, 0.0829, true
2018-10-04 21:02:00, 2018-10-04 21:02:58, true, 0.0055, 0.0295, 0.0504, true
2018-10-04 21:03:00, 2018-10-04 21:03:59, false, -0.0015, 0.0090, -0.3334, true
2018-10-04 21:04:00, 2018-10-04 21:04:59, true, 0.0266, 0.0301, -0.0886, true
2018-10-04 21:05:00, 2018-10-04 21:05:58, false, -0.0023, 0.0287, 0.1023, true
2018-10-04 21:06:01, 2018-10-04 21:06:59, true, 0.0135, 0.0158, 0.0097, true
2018-10-04 21:07:00, 2018-10-04 21:07:58, true, 0.0005, 0.0281, 0.0399, true
2018-10-04 21:08:00, 2018-10-04 21:08:58, false, -0.0039, 0.0008, -0.1228, true
2018-10-04 21:09:00, 2018-10-04 21:09:59, false, -0.0026, 0.0049, -0.0109, true
2018-10-04 21:10:00, 2018-10-04 21:10:59, false, -0.0006, 0.0079, 0.1301, true
2018-10-04 21:11:01, 2018-10-04 21:11:59, false, -0.0071, 0.0074, 0.3775, true
2018-10-04 21:12:00, 2018-10-04 21:12:57, false, -0.0032, 0.0052, -0.4112, true
2018-10-04 21:13:00, 2018-10-04 21:13:59, false, -0.0093, 0.0035, -0.0249, true
2018-10-04 21:14:00, 2018-10-04 21:14:59, true, 0.0071, 0.0088, -0.0244, true
2018-10-04 21:15:00, 2018-10-04 21:15:59, false, -0.0008, 0.0317, -0.0220, true
2018-10-04 21:16:00, 2018-10-04 21:16:59, false, -0.0213, 0.0000, 0.3371, true
2018-10-04 21:17:02, 2018-10-04 21:17:59, true, 0.0087, 0.0217, 0.1731, true
2018-10-04 21:18:00, 2018-10-04 21:18:59, false, -0.0073, 0.0103, -0.4405, true
2018-10-04 21:19:00, 2018-10-04 21:19:59, true, 0.0235, 0.0252, 0.0434, true
2018-10-04 21:20:00, 2018-10-04 21:20:59, true, 0.0539, 0.0774, 1.9708, true
2018-10-04 21:21:01, 2018-10-04 21:21:59, true, 0.0722, 0.1268, -1.4425, true
2018-10-04 21:22:00, 2018-10-04 21:22:59, true, 0.1449, 0.2151, 2.1803, true
2018-10-04 21:23:00, 2018-10-04 21:23:59, false, -0.0164, 0.1423, -2.4804, true
2018-10-04 21:24:00, 2018-10-04 21:24:58, false, -0.0014, 0.0061, -0.1865, true
2018-10-04 21:25:00, 2018-10-04 21:25:59, false, -0.0138, 0.0085, 0.1036, true
2018-10-04 21:26:02, 2018-10-04 21:26:59, false, -0.0094, 0.0104, -0.2308, true
2018-10-04 21:27:00, 2018-10-04 21:27:59, false, -0.0111, 0.0012, 0.1141, true
2018-10-04 21:28:00, 2018-10-04 21:28:59, false, -0.0105, 0.0014, -0.1319, true
2018-10-04 21:29:01, 2018-10-04 21:29:59, false, -0.0023, 0.0020, 0.0645, true
2018-10-04 21:30:00, 2018-10-04 21:30:59, true, 0.0209, 0.0212, 0.0298, true
2018-10-04 21:31:00, 2018-10-04 21:31:58, true, 0.0023, 0.0241, -0.0133, true
2018-10-04 21:32:00, 2018-10-04 21:32:58, false, -0.0047, 0.0089, 0.0180, true
2018-10-04 21:33:00, 2018-10-04 21:33:58, true, 0.0021, 0.0032, -0.0930, true
2018-10-04 21:34:01, 2018-10-04 21:34:59, true, 0.0095, 0.0117, 0.0457, true
2018-10-04 21:35:01, 2018-10-04 21:35:58, false, -0.0086, 0.0130, 0.0192, true
2018-10-04 21:36:00, 2018-10-04 21:36:58, false, -0.0094, 0.0000, 0.9680, true
2018-10-04 21:37:00, 2018-10-04 21:37:59, true, 0.0079, 0.0307, -0.7296, true
2018-10-04 21:38:00, 2018-10-04 21:38:59, true, 0.0372, 0.0401, 0.2004, true
2018-10-04 21:39:00, 2018-10-04 21:39:59, true, 0.0201, 0.0687, 0.3215, true
2018-10-04 21:40:01, 2018-10-04 21:40:59, true, 0.0089, 0.0466, -0.7329, true
2018-10-04 21:41:00, 2018-10-04 21:41:59, true, 0.0265, 0.0356, 0.0434, true
2018-10-04 21:42:00, 2018-10-04 21:42:59, true, 0.0732, 0.1102, 2.4241, true
2018-10-04 21:43:00, 2018-10-04 21:43:59, true, 0.0162, 0.1077, -1.7221, true
2018-10-04 21:44:00, 2018-10-04 21:44:59, true, 0.0003, 0.0194, -0.5417, true
2018-10-04 21:45:00, 2018-10-04 21:45:59, false, -0.0127, 0.0014, -0.2176, true
2018-10-04 21:46:00, 2018-10-04 21:46:59, false, -0.0095, 0.0045, 0.1287, true
2018-10-04 21:47:00, 2018-10-04 21:47:57, true, 0.0036, 0.0082, 0.0011, true
2018-10-04 21:48:00, 2018-10-04 21:48:59, true, 0.0012, 0.0092, 0.0132, true
2018-10-04 21:49:00, 2018-10-04 21:49:59, false, -0.0163, 0.0091, 0.4054, true
2018-10-04 21:50:00, 2018-10-04 21:50:58, false, -0.0026, 0.0068, -0.5042, true
2018-10-04 21:51:00, 2018-10-04 21:51:58, true, 0.0030, 0.0466, -0.0670, true
2018-10-04 21:52:00, 2018-10-04 21:52:59, false, -0.0068, 0.0070, 0.0393, true
2018-10-04 21:53:01, 2018-10-04 21:53:58, false, -0.0033, 0.0042, 0.0271, true
2018-10-04 21:54:00, 2018-10-04 21:54:57, true, 0.0124, 0.0124, 0.1081, true
2018-10-04 21:55:00, 2018-10-04 21:55:59, false, -0.0035, 0.0204, -0.0106, true
2018-10-04 21:56:00, 2018-10-04 21:56:59, true, 0.0130, 0.0213, -0.0954, true
2018-10-04 21:57:00, 2018-10-04 21:57:59, false, -0.0024, 0.0188, 0.2577, true
2018-10-04 21:58:00, 2018-10-04 21:58:59, true, 0.0036, 0.0104, -0.0945, true
2018-10-04 21:59:00, 2018-10-04 21:59:59, false, -0.0103, -0.0017, 0.6980, true
2018-10-04 22:00:00, 2018-10-04 22:00:59, true, 0.0026, 0.0643, -0.8489, true
2018-10-04 22:01:00, 2018-10-04 22:01:59, false, -0.0070, 0.0057, -0.0502, true
2018-10-04 22:02:00, 2018-10-04 22:02:59, true, 0.0070, 0.0088, 0.0358, true
2018-10-04 22:03:00, 2018-10-04 22:03:58, false, -0.0832, 0.0112, 0.7013, true
2018-10-04 22:04:00, 2018-10-04 22:04:58, false, -0.0117, 0.0085, -0.4921, true
2018-10-04 22:05:00, 2018-10-04 22:05:59, true, 0.0212, 0.0285, -0.1512, true
2018-10-04 22:06:00, 2018-10-04 22:06:58, false, -0.0042, 0.0288, 0.2122, true
2018-10-04 22:07:00, 2018-10-04 22:07:59, false, -0.0071, 0.0058, -0.3670, true
2018-10-04 22:08:00, 2018-10-04 22:08:59, false, -0.0194, 0.0000, 0.1197, true
2018-10-04 22:09:00, 2018-10-04 22:09:58, false, -0.0111, 0.0021, 0.0117, true
2018-10-04 22:10:00, 2018-10-04 22:10:48, true, 0.0098, 0.0286, 0.0606, true
2018-10-04 22:11:00, 2018-10-04 22:11:59, true, 0.0024, 0.0318, -0.0483, true
2018-10-04 22:12:00, 2018-10-04 22:12:59, false, -0.0033, 0.0130, -0.1175, true
2018-10-04 22:13:00, 2018-10-04 22:13:59, true, 0.0082, 0.0130, 0.1388, true
2018-10-04 22:14:00, 2018-10-04 22:14:58, false, -0.0585, 0.0211, 0.2846, true
2018-10-04 22:15:00, 2018-10-04 22:15:59, false, -0.0159, 0.0124, -0.3973, true
2018-10-04 22:16:01, 2018-10-04 22:16:58, false, -0.0371, 0.0008, 0.0362, true
2018-10-04 22:17:00, 2018-10-04 22:17:58, true, 0.0039, 0.0126, 0.0286, true
2018-10-04 22:18:00, 2018-10-04 22:18:59, false, -0.0126, 0.0123, -0.1211, true
2018-10-04 22:19:00, 2018-10-04 22:19:54, true, 0.0002, 0.0064, 0.3240, true
2018-10-04 22:20:00, 2018-10-04 22:20:59, false, -0.0030, 0.0059, -0.2678, true
2018-10-04 22:21:00, 2018-10-04 22:21:59, true, 0.0068, 0.0102, 0.1594, true
2018-10-04 22:22:00, 2018-10-04 22:22:59, false, -0.0153, 0.0246, -0.0735, true
2018-10-04 22:23:00, 2018-10-04 22:23:59, false, -0.0045, 0.0174, -0.1554, true
2018-10-04 22:24:00, 2018-10-04 22:24:59, false, -0.0174, 0.0033, 0.1430, true
2018-10-04 22:25:00, 2018-10-04 22:25:58, false, -0.0002, 0.0018, -0.1681, true
2018-10-04 22:26:00, 2018-10-04 22:26:58, false, -0.0029, 0.0018, 0.0949, true
2018-10-04 22:27:01, 2018-10-04 22:27:59, true, 0.0441, 0.0458, 0.0896, true
2018-10-04 22:28:01, 2018-10-04 22:28:59, false, -0.0218, 0.0444, 0.0800, true
2018-10-04 22:29:02, 2018-10-04 22:29:58, false, -0.0429, -0.0002, 0.2532, true
2018-10-04 22:30:00, 2018-10-04 22:30:58, true, 0.0221, 0.0241, -0.5238, true
2018-10-04 22:31:01, 2018-10-04 22:31:59, false, -0.0130, 0.0561, -0.0250, true
2018-10-04 22:32:00, 2018-10-04 22:32:59, true, 0.0055, 0.0092, 0.2714, true
2018-10-04 22:33:00, 2018-10-04 22:33:59, true, 0.0088, 0.0183, -0.1839, true
2018-10-04 22:34:00, 2018-10-04 22:34:59, true, 0.0106, 0.0296, 0.0079, true
2018-10-04 22:35:01, 2018-10-04 22:35:59, true, 0.0123, 0.0241, -0.0297, true
2018-10-04 22:36:00, 2018-10-04 22:36:59, true, 0.0271, 0.0402, 0.0950, true
2018-10-04 22:37:00, 2018-10-04 22:37:56, true, 0.0021, 0.0294, -0.0855, true
2018-10-04 22:38:00, 2018-10-04 22:38:58, true, 0.0042, 0.0103, 0.0039, true
2018-10-04 22:39:00, 2018-10-04 22:39:59, true, 0.0014, 0.0079, 0.0724, true
2018-10-04 22:40:00, 2018-10-04 22:40:57, false, -0.0008, 0.0095, -0.0179, true
2018-10-04 22:41:00, 2018-10-04 22:41:58, false, -0.0390, 0.0112, 0.1091, true
2018-10-04 22:42:00, 2018-10-04 22:42:56, true, 0.0002, 0.0064, -0.1261, true
2018-10-04 22:43:00, 2018-10-04 22:43:59, true, 0.0542, 0.0584, 0.0812, true
2018-10-04 22:44:00, 2018-10-04 22:44:58, false, -0.0033, 0.0547, -0.0836, true
2018-10-04 22:45:00, 2018-10-04 22:45:59, false, -0.0071, 0.0058, -0.0647, true
2018-10-04 22:46:00, 2018-10-04 22:46:59, true, 0.0017, 0.0127, 0.0032, true
2018-10-04 22:47:00, 2018-10-04 22:47:58, true, 0.0571, 0.0605, -0.0017, true
2018-10-04 22:48:00, 2018-10-04 22:48:59, false, -0.0059, 0.0700, 0.1016, true
2018-10-04 22:49:00, 2018-10-04 22:49:59, true, 0.0021, 0.0036, -0.1202, true
2018-10-04 22:50:01, 2018-10-04 22:50:59, false, -0.0124, 0.0027, 0.0106, true
2018-10-04 22:51:02, 2018-10-04 22:51:57, false, -0.0086, 0.0000, 0.0230, true
2018-10-04 22:52:00, 2018-10-04 22:52:59, false, -0.0067, 0.0027, 0.0094, true
2018-10-04 22:53:00, 2018-10-04 22:53:59, false, -0.0064, 0.0068, -0.0133, true
2018-10-04 22:54:01, 2018-10-04 22:54:58, false, -0.0120, 0.0050, 0.0486, true
2018-10-04 22:55:01, 2018-10-04 22:55:58, true, 0.0020, 0.0041, -0.0488, true
2018-10-04 22:56:00, 2018-10-04 22:56:57, true, 0.0111, 0.0208, 0.1606, true
2018-10-04 22:57:00, 2018-10-04 22:57:59, false, -0.0120, 0.0206, -0.1348, true
2018-10-04 22:58:00, 2018-10-04 22:58:59, true, 0.0065, 0.0129, 0.0101, true
2018-10-04 22:59:00, 2018-10-04 22:59:59, false, -0.0129, 0.0183, -0.0089, true
2018-10-04 23:00:00, 2018-10-04 23:00:59, true, 0.0056, 0.0121, -0.0035, true
2018-10-04 23:01:00, 2018-10-04 23:01:58, false, -0.0150, 0.0195, 0.1170, true
2018-10-04 23:02:00, 2018-10-04 23:02:58, false, -0.6641, 0.0153, 24.3101, true
2018-10-04 23:03:00, 2018-10-04 23:03:56, true, 0.3182, 0.4829, -20.9688, true
2018-10-04 23:04:00, 2018-10-04 23:04:59, false, -0.1642, 0.3551, -2.5257, true
2018-10-04 23:05:00, 2018-10-04 23:05:59, true, 0.0283, 0.0329, -0.2964, true
2018-10-04 23:06:00, 2018-10-04 23:06:59, true, 0.0242, 0.0964, -0.4116, true
2018-10-04 23:07:01, 2018-10-04 23:07:59, false, -0.0222, 0.0288, -0.0145, true
2018-10-04 23:08:02, 2018-10-04 23:08:58, true, 0.0002, 0.0003, 0.1095, true
2018-10-04 23:09:00, 2018-10-04 23:09:58, false, -0.0075, 0.0192, -0.1513, true
2018-10-04 23:10:00, 2018-10-04 23:10:59, false, -0.0282, 0.0192, 0.5403, true
2018-10-04 23:11:00, 2018-10-04 23:11:58, false, -0.0059, -0.0018, -0.3671, true
2018-10-04 23:12:00, 2018-10-04 23:12:59, true, 0.0040, 0.0353, 0.0171, true
2018-10-04 23:13:00, 2018-10-04 23:13:59, false, -0.0160, 0.0136, -0.2128, true
2018-10-04 23:14:01, 2018-10-04 23:14:59, false, -0.0561, 0.0012, 0.7139, true
2018-10-04 23:15:00, 2018-10-04 23:15:59, false, -0.0252, 0.0044, -0.1031, true
2018-10-04 23:16:00, 2018-10-04 23:16:58, true, 0.0082, 0.0433, -0.4953, true
2018-10-04 23:17:00, 2018-10-04 23:17:59, true, 0.1000, 0.1297, 1.0660, true
2018-10-04 23:18:00, 2018-10-04 23:18:59, true, 0.0097, 0.1103, -1.1044, true
2018-10-04 23:19:00, 2018-10-04 23:19:59, true, 0.0163, 0.0277, -0.0595, true
2018-10-04 23:20:00, 2018-10-04 23:20:59, false, -0.0023, 0.0175, -0.0700, true
2018-10-04 23:21:00, 2018-10-04 23:21:59, false, -0.0079, 0.0032, 0.4100, true
2018-10-04 23:22:00, 2018-10-04 23:22:59, true, 0.0161, 0.0439, -0.4477, true
2018-10-04 23:23:00, 2018-10-04 23:23:59, true, 0.0075, 0.0259, 0.0204, true
2018-10-04 23:24:00, 2018-10-04 23:24:59, false, -0.0100, 0.0041, -0.0085, true
2018-10-04 23:25:00, 2018-10-04 23:25:59, true, 0.0301, 0.0438, 0.2475, true
2018-10-04 23:26:00, 2018-10-04 23:26:59, true, 0.0116, 0.0426, -0.1106, true
2018-10-04 23:27:00, 2018-10-04 23:27:59, false, -0.0059, 0.0103, -0.1543, true
2018-10-04 23:28:00, 2018-10-04 23:28:59, true, 0.0059, 0.0128, -0.0422, true
2018-10-04 23:29:00, 2018-10-04 23:29:58, false, -0.0075, 0.0052, 0.4015, true
2018-10-04 23:30:00, 2018-10-04 23:30:59, false, -0.0122, 0.0002, -0.2854, true
2018-10-04 23:31:01, 2018-10-04 23:31:59, true, 0.0158, 0.0186, 0.0014, true
2018-10-04 23:32:00, 2018-10-04 23:32:58, true, 0.0002, 0.0183, -0.0286, true
2018-10-04 23:33:00, 2018-10-04 23:33:55, false, -0.0043, 0.0093, -0.0837, true
2018-10-04 23:34:00, 2018-10-04 23:34:59, true, 0.0015, 0.0015, -0.0317, true
2018-10-04 23:35:02, 2018-10-04 23:35:59, false, -0.0005, 0.0064, 0.0327, true
2018-10-04 23:36:00, 2018-10-04 23:36:55, true, 0.0035, 0.0055, 0.0318, true
2018-10-04 23:37:00, 2018-10-04 23:37:59, false, -0.0145, 0.0065, 0.0248, true
2018-10-04 23:38:00, 2018-10-04 23:38:58, true, 0.0047, 0.0120, -0.0528, true
2018-10-04 23:39:00, 2018-10-04 23:39:59, true, 0.0277, 0.0367, 0.0904, true
2018-10-04 23:40:00, 2018-10-04 23:40:58, false, -0.0359, 0.0303, 0.1842, true
2018-10-04 23:41:00, 2018-10-04 23:41:59, false, -0.0387, 0.0002, 0.0658, true
2018-10-04 23:42:00, 2018-10-04 23:42:59, false, -0.0623, 0.0000, 0.1045, true
2018-10-04 23:43:00, 2018-10-04 23:43:59, false, -0.0576, 0.0000, -0.1384, true
2018-10-04 23:44:02, 2018-10-04 23:44:59, false, -0.1411, 0.0026, 0.4600, true
2018-10-04 23:45:00, 2018-10-04 23:45:59, false, -0.0069, 0.0061, -0.2121, true
2018-10-04 23:46:01, 2018-10-04 23:46:59, false, -0.0267, 0.0104, 1.1855, true
2018-10-04 23:47:00, 2018-10-04 23:47:58, true, 0.0401, 0.0655, -0.7982, true
2018-10-04 23:48:01, 2018-10-04 23:48:57, true, 0.0021, 0.0493, -0.7864, true
2018-10-04 23:49:00, 2018-10-04 23:49:58, true, 0.0249, 0.0273, -0.0160, true
2018-10-04 23:50:00, 2018-10-04 23:50:59, true, 0.0125, 0.0406, 0.1231, true
2018-10-04 23:51:01, 2018-10-04 23:51:59, true, 0.0124, 0.0284, 0.1776, true
2018-10-04 23:52:03, 2018-10-04 23:52:59, false, -0.0088, 0.0162, -0.3480, true
2018-10-04 23:53:00, 2018-10-04 23:53:59, true, 0.0027, 0.0035, 0.0468, true
2018-10-04 23:54:01, 2018-10-04 23:54:58, false, -0.0014, 0.0041, 0.0618, true
2018-10-04 23:55:00, 2018-10-04 23:55:59, false, -0.0177, 0.0014, -0.1451, true
2018-10-04 23:56:00, 2018-10-04 23:56:57, true, 0.0281, 0.0498, 0.2003, true
2018-10-04 23:57:00, 2018-10-04 23:57:59, true, 0.0435, 0.0764, 0.2344, true
2018-10-04 23:58:02, 2018-10-04 23:58:59, true, 0.0428, 0.0863, -0.1608, true
2018-10-04 23:59:01, 2018-10-04 23:59:59, true, 0.0305, 0.0733, -0.0770, true
2018-10-05 00:00:00, 2018-10-05 00:00:59, true, 0.0134, 0.0445, -0.1649, true
2018-10-05 00:01:00, 2018-10-05 00:01:59, true, 0.0093, 0.0258, -0.0015, true
2018-10-05 00:02:01, 2018-10-05 00:02:59, true, 0.0015, 0.0125, -0.0233, true
2018-10-05 00:03:00, 2018-10-05 00:03:59, true, 0.0012, 0.0076, 0.0174, true
2018-10-05 00:04:00, 2018-10-05 00:04:59, true, 0.0037, 0.0087, -0.0524, true
2018-10-05 00:05:00, 2018-10-05 00:05:59, true, 0.0064, 0.0104, -0.0165, true
2018-10-05 00:06:00, 2018-10-05 00:06:59, false, -0.0049, 0.0073, 0.0171, true
2018-10-05 00:07:00, 2018-10-05 00:07:59, false, -0.0005, 0.0027, 0.0972, true
2018-10-05 00:08:00, 2018-10-05 00:08:59, true, 0.0035, 0.0085, 0.0439, true
2018-10-05 00:09:00, 2018-10-05 00:09:59, true, 0.0093, 0.0180, -0.1321, true
2018-10-05 00:10:00, 2018-10-05 00:10:58, true, 0.0505, 0.0536, 0.4892, true
2018-10-05 00:11:00, 2018-10-05 00:11:59, true, 0.0122, 0.0661, -0.3389, true
2018-10-05 00:12:00, 2018-10-05 00:12:59, true, 0.0009, 0.0164, -0.0734, true
2018-10-05 00:13:00, 2018-10-05 00:13:58, true, 0.0262, 0.0285, -0.0746, true
2018-10-05 00:14:00, 2018-10-05 00:14:59, true, 0.0047, 0.0356, 0.0924, true
2018-10-05 00:15:00, 2018-10-05 00:15:58, false, -0.0152, 0.0047, -0.1356, true
2018-10-05 00:16:00, 2018-10-05 00:16:59, true, 0.0320, 0.0353, 0.9586, true
2018-10-05 00:17:00, 2018-10-05 00:17:59, false, -0.0015, 0.0332, -0.8635, true
2018-10-05 00:18:01, 2018-10-05 00:18:59, false, -0.0009, 0.0023, 0.0221, true
2018-10-05 00:19:00, 2018-10-05 00:19:59, false, -0.0065, 0.0023, -0.0365, true
2018-10-05 00:20:00, 2018-10-05 00:20:58, false, -0.0032, 0.0055, -0.0242, true
2018-10-05 00:21:01, 2018-10-05 00:21:58, false, -0.0020, 0.0046, 0.0546, true
2018-10-05 00:22:00, 2018-10-05 00:22:58, false, -0.0009, 0.0041, 0.0826, true
2018-10-05 00:23:00, 2018-10-05 00:23:59, false, -0.0029, -0.0008, -0.0922, true
2018-10-05 00:24:00, 2018-10-05 00:24:59, false, -0.0014, 0.0038, -0.0434, true
2018-10-05 00:25:00, 2018-10-05 00:25:59, false, -0.0126, 0.0024, -0.0289, true
2018-10-05 00:26:00, 2018-10-05 00:26:59, false, -0.0003, 0.0140, 0.4256, true
2018-10-05 00:27:01, 2018-10-05 00:27:59, true, 0.0040, 0.0224, -0.1898, true
2018-10-05 00:28:00, 2018-10-05 00:28:59, true, 0.0113, 0.0175, -0.2534, true
2018-10-05 00:29:00, 2018-10-05 00:29:59, true, 0.0043, 0.0180, 0.0393, true
2018-10-05 00:30:00, 2018-10-05 00:30:58, false, -0.0056, 0.0049, -0.0365, true
2018-10-05 00:31:00, 2018-10-05 00:31:59, true, 0.0281, 0.0300, 0.1998, true
2018-10-05 00:32:00, 2018-10-05 00:32:59, true, 0.0173, 0.0458, -0.0977, true
2018-10-05 00:33:00, 2018-10-05 00:33:55, false, -0.0061, 0.0225, -0.1133, true
2018-10-05 00:34:00, 2018-10-05 00:34:59, true, 0.0222, 0.0245, 0.0526, true
2018-10-05 00:35:00, 2018-10-05 00:35:59, true, 0.0024, 0.0449, 0.3372, true
2018-10-05 00:36:00, 2018-10-05 00:36:59, false, -0.0079, 0.0024, -0.3556, true
2018-10-05 00:37:00, 2018-10-05 00:37:59, true, 0.0061, 0.0076, 0.0052, true
2018-10-05 00:38:00, 2018-10-05 00:38:59, false, -0.0190, 0.0091, -0.0510, true
2018-10-05 00:39:00, 2018-10-05 00:39:58, true, 0.0014, 0.0020, 0.0537, true
2018-10-05 00:40:00, 2018-10-05 00:40:59, false, -0.0030, 0.0145, -0.0231, true
2018-10-05 00:41:00, 2018-10-05 00:41:58, false, -0.0027, 0.0071, 0.0245, true
2018-10-05 00:42:00, 2018-10-05 00:42:58, false, -0.0106, 0.0012, -0.0348, true
2018-10-05 00:43:00, 2018-10-05 00:43:59, true, 0.0005, 0.0103, 0.1549, true
2018-10-05 00:44:00, 2018-10-05 00:44:59, false, -0.0056, 0.0027, -0.1462, true
2018-10-05 00:45:00, 2018-10-05 00:45:59, false, -0.0374, 0.0056, 0.6246, true
2018-10-05 00:46:00, 2018-10-05 00:46:59, false, -0.0522, 0.0166, 0.1072, true
2018-10-05 00:47:00, 2018-10-05 00:47:59, false, -0.0003, 0.0195, -0.7133, true
2018-10-05 00:48:00, 2018-10-05 00:48:59, false, -0.0021, 0.0107, 0.0332, true
2018-10-05 00:49:00, 2018-10-05 00:49:59, false, -0.0009, 0.0145, -0.0027, true
2018-10-05 00:50:00, 2018-10-05 00:50:58, true, 0.0082, 0.0163, 0.0824, true
2018-10-05 00:51:00, 2018-10-05 00:51:59, false, -0.0015, 0.0149, -0.0023, true
2018-10-05 00:52:01, 2018-10-05 00:52:59, true, 0.0079, 0.0081, -0.1281, true
2018-10-05 00:53:00, 2018-10-05 00:53:58, true, 0.0113, 0.0203, 0.1603, true
2018-10-05 00:54:00, 2018-10-05 00:54:59, true, 0.0065, 0.0178, 0.1803, true
2018-10-05 00:55:00, 2018-10-05 00:55:59, true, 0.0058, 0.0242, -0.3191, true
2018-10-05 00:56:00, 2018-10-05 00:56:59, false, -0.0088, 0.0067, -0.0093, true
2018-10-05 00:57:02, 2018-10-05 00:57:59, true, 0.0059, 0.0085, 0.0935, true
2018-10-05 00:58:00, 2018-10-05 00:58:58, false, -0.0131, 0.0097, 0.0407, true
2018-10-05 00:59:00, 2018-10-05 00:59:59, true, 0.0026, 0.0047, -0.1220, true
2018-10-05 01:00:00, 2018-10-05 01:00:59, false, -0.0276, 0.0012, 0.0518, true
2018-10-05 01:01:00, 2018-10-05 01:01:58, false, -0.0097, 0.0030, -0.0219, true
2018-10-05 01:02:00, 2018-10-05 01:02:59, false, -0.0122, 0.0002, 0.0178, true
2018-10-05 01:03:00, 2018-10-05 01:03:59, false, -0.0183, 0.0056, -0.0018, true
2018-10-05 01:04:00, 2018-10-05 01:04:59, false, -0.0030, 0.0000, 0.1019, true
2018-10-05 01:05:00, 2018-10-05 01:05:59, true, 0.0101, 0.0212, 0.2249, true
2018-10-05 01:06:00, 2018-10-05 01:06:59, true, 0.0061, 0.0221, -0.2721, true
2018-10-05 01:07:00, 2018-10-05 01:07:57, true, 0.0203, 0.0279, 0.0309, true
2018-10-05 01:08:00, 2018-10-05 01:08:58, false, -0.0093, 0.0230, 0.0014, true
2018-10-05 01:09:02, 2018-10-05 01:09:59, true, 0.0023, 0.0046, 0.1059, true
2018-10-05 01:10:00, 2018-10-05 01:10:59, false, -0.0003, 0.0082, -0.1912, true
2018-10-05 01:11:00, 2018-10-05 01:11:58, true, 0.0076, 0.0085, 0.1812, true
2018-10-05 01:12:00, 2018-10-05 01:12:59, false, -0.0067, 0.0257, -0.1596, true
2018-10-05 01:13:00, 2018-10-05 01:13:59, true, 0.0327, 0.0366, 0.1418, true
2018-10-05 01:14:00, 2018-10-05 01:14:59, true, 0.0126, 0.0545, -0.1341, true
2018-10-05 01:15:00, 2018-10-05 01:15:59, true, 0.0104, 0.0259, 0.0388, true
2018-10-05 01:16:01, 2018-10-05 01:16:59, true, 0.0307, 0.0463, -0.0825, true
2018-10-05 01:17:00, 2018-10-05 01:17:59, true, 0.0187, 0.0492, 0.0835, true
2018-10-05 01:18:00, 2018-10-05 01:18:59, true, 0.0011, 0.0221, -0.1099, true
2018-10-05 01:19:00, 2018-10-05 01:19:59, false, -0.0005, 0.0216, 0.0100, true
2018-10-05 01:20:00, 2018-10-05 01:20:59, false, -0.0145, 0.0000, 0.0621, true
2018-10-05 01:21:00, 2018-10-05 01:21:59, false, -0.0023, 0.0056, 0.0327, true
2018-10-05 01:22:00, 2018-10-05 01:22:59, true, 0.0277, 0.0310, -0.1042, true
2018-10-05 01:23:00, 2018-10-05 01:23:59, true, 0.0050, 0.0382, -0.0309, true
2018-10-05 01:24:00, 2018-10-05 01:24:59, false, -0.0030, 0.0082, 0.3119, true
2018-10-05 01:25:00, 2018-10-05 01:25:59, false, -0.0021, 0.0170, -0.2624, true
2018-10-05 01:26:00, 2018-10-05 01:26:59, false, -0.0148, 0.0079, -0.0294, true
2018-10-05 01:27:00, 2018-10-05 01:27:59, false, -0.0061, 0.0026, 0.0251, true
2018-10-05 01:28:00, 2018-10-05 01:28:59, false, -0.0096, 0.0021, -0.0457, true
2018-10-05 01:29:00, 2018-10-05 01:29:59, true, 0.0023, 0.0035, -0.0523, true
2018-10-05 01:30:00, 2018-10-05 01:30:59, false, -0.0100, 0.0029, -0.0167, true
2018-10-05 01:31:00, 2018-10-05 01:31:59, false, -0.0128, 0.0011, 0.0309, true
2018-10-05 01:32:00, 2018-10-05 01:32:58, true, 0.0005, 0.0005, 0.1122, true
2018-10-05 01:33:00, 2018-10-05 01:33:59, false, -0.0152, 0.0030, -0.0204, true
2018-10-05 01:34:00, 2018-10-05 01:34:59, false, -0.0002, 0.0078, 0.1020, true
2018-10-05 01:35:00, 2018-10-05 01:35:57, false, -0.0067, 0.0091, -0.1353, true
2018-10-05 01:36:00, 2018-10-05 01:36:58, true, 0.0283, 0.0364, 0.0221, true
2018-10-05 01:37:00, 2018-10-05 01:37:58, true, 0.0065, 0.0356, -0.0134, true
2018-10-05 01:38:00, 2018-10-05 01:38:59, false, -0.0082, 0.0076, -0.0414, true
2018-10-05 01:39:00, 2018-10-05 01:39:57, false, -0.0116, 0.0046, 0.1761, true
2018-10-05 01:40:00, 2018-10-05 01:40:58, true, 0.0075, 0.0399, -0.1869, true
2018-10-05 01:41:01, 2018-10-05 01:41:59, true, 0.0076, 0.0184, 0.1560, true
2018-10-05 01:42:01, 2018-10-05 01:42:59, false, -0.0085, 0.0076, -0.1775, true
2018-10-05 01:43:00, 2018-10-05 01:43:59, false, -0.0090, 0.0021, 0.4727, true
2018-10-05 01:44:00, 2018-10-05 01:44:58, true, 0.0073, 0.0151, -0.3857, true
2018-10-05 01:45:00, 2018-10-05 01:45:59, false, -0.0122, 0.0088, -0.1162, true
2018-10-05 01:46:00, 2018-10-05 01:46:59, true, 0.0044, 0.0091, 0.0291, true
2018-10-05 01:47:00, 2018-10-05 01:47:59, true, 0.0174, 0.0324, 0.1012, true
2018-10-05 01:48:00, 2018-10-05 01:48:59, false, -0.0035, 0.0205, -0.1018, true
2018-10-05 01:49:00, 2018-10-05 01:49:59, true, 0.0027, 0.0061, 0.0107, true
2018-10-05 01:50:00, 2018-10-05 01:50:59, true, 0.0082, 0.0110, 0.0834, true
2018-10-05 01:51:01, 2018-10-05 01:51:59, false, -0.0104, 0.0082, -0.0623, true
2018-10-05 01:52:00, 2018-10-05 01:52:59, false, -0.0117, 0.0000, -0.0378, true
2018-10-05 01:53:01, 2018-10-05 01:53:59, true, 0.0052, 0.0055, 0.0032, true
2018-10-05 01:54:02, 2018-10-05 01:54:58, true, 0.0202, 0.0282, 0.2487, true
2018-10-05 01:55:01, 2018-10-05 01:55:59, true, 0.0146, 0.0367, -0.2103, true
2018-10-05 01:56:00, 2018-10-05 01:56:59, true, 0.0102, 0.0387, 0.3582, true
2018-10-05 01:57:00, 2018-10-05 01:57:58, true, 0.0218, 0.0461, -0.3862, true
2018-10-05 01:58:00, 2018-10-05 01:58:59, false, -0.0233, 0.0218, 0.1718, true
2018-10-05 01:59:01, 2018-10-05 01:59:59, false, -0.0059, 0.0038, 0.0680, true
2018-10-05 02:00:00, 2018-10-05 02:00:59, false, -0.0111, 0.0075, -0.0006, true
2018-10-05 02:01:00, 2018-10-05 02:01:59, false, -0.0579, 0.0024, 0.0933, true
2018-10-05 02:02:00, 2018-10-05 02:02:59, false, -0.0090, 0.0008, -0.1817, true
2018-10-05 02:03:00, 2018-10-05 02:03:59, false, -0.0046, 0.0163, -0.1392, true
2018-10-05 02:04:00, 2018-10-05 02:04:59, false, -0.0123, 0.0000, -0.0329, true
2018-10-05 02:05:00, 2018-10-05 02:05:56, false, -0.0017, 0.0002, 0.0273, true
2018-10-05 02:06:00, 2018-10-05 02:06:59, false, -0.0072, -0.0005, -0.0082, true
2018-10-05 02:07:00, 2018-10-05 02:07:58, false, -0.0181, 0.0120, 0.1391, true
2018-10-05 02:08:00, 2018-10-05 02:08:59, true, 0.0081, 0.0192, -0.0247, true
2018-10-05 02:09:00, 2018-10-05 02:09:59, true, 0.0041, 0.0219, -0.1263, true
2018-10-05 02:10:00, 2018-10-05 02:10:57, false, -0.0195, 0.0046, 0.3926, true
2018-10-05 02:11:00, 2018-10-05 02:11:59, false, -0.0093, 0.0005, -0.3002, true
2018-10-05 02:12:02, 2018-10-05 02:12:59, false, -0.0114, 0.0026, 0.1160, true
2018-10-05 02:13:00, 2018-10-05 02:13:58, true, 0.0034, 0.0062, -0.1417, true
2018-10-05 02:14:00, 2018-10-05 02:14:58, true, 0.0055, 0.0283, 0.0169, true
2018-10-05 02:15:00, 2018-10-05 02:15:59, false, -0.0084, 0.0204, -0.0433, true
2018-10-05 02:16:02, 2018-10-05 02:16:59, false, -0.0035, 0.0041, -0.0055, true
2018-10-05 02:17:00, 2018-10-05 02:17:59, false, -0.0119, 0.0274, 0.0783, true
2018-10-05 02:18:00, 2018-10-05 02:18:59, false, -0.0069, 0.0116, -0.0695, true
2018-10-05 02:19:00, 2018-10-05 02:19:59, false, -0.0012, 0.0038, 0.0006, true
2018-10-05 02:20:01, 2018-10-05 02:20:56, true, 0.0128, 0.0139, 0.0927, true
2018-10-05 02:21:00, 2018-10-05 02:21:59, true, 0.0011, 0.0180, 0.0404, true
2018-10-05 02:22:00, 2018-10-05 02:22:59, true, 0.0015, 0.0094, -0.0101, true
2018-10-05 02:23:00, 2018-10-05 02:23:58, false, -0.0090, 0.0015, -0.0863, true
2018-10-05 02:24:01, 2018-10-05 02:24:59, false, -0.0017, 0.0026, -0.0261, true
2018-10-05 02:25:00, 2018-10-05 02:25:59, true, 0.0050, 0.0072, 0.0194, true
2018-10-05 02:26:00, 2018-10-05 02:26:58, false, -0.0012, 0.0072, 0.0050, true
2018-10-05 02:27:00, 2018-10-05 02:27:59, true, 0.0041, 0.0066, 0.1737, true
2018-10-05 02:28:01, 2018-10-05 02:28:59, false, -0.0331, 0.0076, 0.0399, true
2018-10-05 02:29:02, 2018-10-05 02:29:59, true, 0.0030, 0.0261, -0.0874, true
2018-10-05 02:30:00, 2018-10-05 02:30:58, true, 0.0021, 0.0058, -0.2250, true
2018-10-05 02:31:02, 2018-10-05 02:31:58, true, 0.0719, 0.0741, 0.2605, true
2018-10-05 02:32:00, 2018-10-05 02:32:59, true, 0.0021, 0.0795, 0.0541, true
2018-10-05 02:33:00, 2018-10-05 02:33:59, true, 0.0017, 0.0120, -0.2504, true
2018-10-05 02:34:00, 2018-10-05 02:34:59, false, -0.0018, 0.0059, 0.0672, true
2018-10-05 02:35:00, 2018-10-05 02:35:59, true, 0.0008, 0.0098, -0.0579, true
2018-10-05 02:36:00, 2018-10-05 02:36:57, false, -0.0085, 0.0131, -0.0251, true
2018-10-05 02:37:00, 2018-10-05 02:37:59, true, 0.0053, 0.0053, -0.0081, true
2018-10-05 02:38:01, 2018-10-05 02:38:59, true, 0.0002, 0.0030, -0.0454, true
2018-10-05 02:39:00, 2018-10-05 02:39:59, true, 0.0044, 0.0076, 0.3324, true
2018-10-05 02:40:00, 2018-10-05 02:40:58, true, 0.0043, 0.0134, -0.0720, true
2018-10-05 02:41:00, 2018-10-05 02:41:59, true, 0.0180, 0.0276, -0.1930, true
2018-10-05 02:42:00, 2018-10-05 02:42:59, false, -0.0094, 0.0247, 0.1525, true
2018-10-05 02:43:00, 2018-10-05 02:43:59, false, -0.0069, 0.0037, -0.1379, true
2018-10-05 02:44:00, 2018-10-05 02:44:59, true, 0.0050, 0.0093, 0.0774, true
2018-10-05 02:45:00, 2018-10-05 02:45:59, true, 0.0076, 0.0136, -0.0035, true
2018-10-05 02:46:01, 2018-10-05 02:46:59, true, 0.0050, 0.0131, -0.1508, true
2018-10-05 02:47:01, 2018-10-05 02:47:58, true, 0.0026, 0.0081, 0.0848, true
2018-10-05 02:48:00, 2018-10-05 02:48:59, true, 0.0344, 0.0544, 0.0014, true
2018-10-05 02:49:00, 2018-10-05 02:49:59, false, -0.0020, 0.0362, -0.0754, true
2018-10-05 02:50:00, 2018-10-05 02:50:59, false, -0.0094, 0.0018, 0.0907, true
2018-10-05 02:51:01, 2018-10-05 02:51:59, true, 0.0011, 0.0012, -0.0402, true
2018-10-05 02:52:00, 2018-10-05 02:52:59, false, -0.0049, 0.0044, 0.0952, true
2018-10-05 02:53:00, 2018-10-05 02:53:59, false, -0.0027, 0.0002, -0.1282, true
2018-10-05 02:54:01, 2018-10-05 02:54:59, true, 0.0006, 0.0040, 0.0207, true
2018-10-05 02:55:00, 2018-10-05 02:55:59, true, 0.0055, 0.0199, 0.0011, true
2018-10-05 02:56:00, 2018-10-05 02:56:56, false, 0.0000, 0.0072, 0.0224, true
2018-10-05 02:57:00, 2018-10-05 02:57:59, true, 0.0207, 0.0209, 0.0469, true
2018-10-05 02:58:00, 2018-10-05 02:58:59, false, -0.0064, 0.0207, -0.0897, true
2018-10-05 02:59:00, 2018-10-05 02:59:59, true, 0.0135, 0.0280, 0.0750, true
2018-10-05 03:00:00, 2018-10-05 03:00:59, false, -0.0075, 0.0151, -0.0295, true
2018-10-05 03:01:00, 2018-10-05 03:01:57, false, -0.0018, 0.0026, -0.0560, true
2018-10-05 03:02:00, 2018-10-05 03:02:59, true, 0.0075, 0.0075, 0.0128, true
2018-10-05 03:03:00, 2018-10-05 03:03:59, false, -0.0062, 0.0058, -0.0487, true
2018-10-05 03:04:00, 2018-10-05 03:04:59, false, -0.0044, 0.0037, 0.1384, true
2018-10-05 03:05:00, 2018-10-05 03:05:59, false, -0.0129, 0.0075, 0.0067, true
2018-10-05 03:06:00, 2018-10-05 03:06:59, true, 0.0234, 0.0509, 0.0241, true
2018-10-05 03:07:00, 2018-10-05 03:07:59, true, 0.0012, 0.0286, 0.2571, true
2018-10-05 03:08:00, 2018-10-05 03:08:59, true, 0.0208, 0.0263, -0.2032, true
2018-10-05 03:09:00, 2018-10-05 03:09:59, false, -0.0002, 0.0259, -0.1709, true
2018-10-05 03:10:00, 2018-10-05 03:10:59, true, 0.0823, 0.0823, 2.1700, true
2018-10-05 03:11:00, 2018-10-05 03:11:58, true, 0.0546, 0.1390, -0.0356, true
2018-10-05 03:12:00, 2018-10-05 03:12:59, false, -0.0023, 0.0842, -1.4635, true
2018-10-05 03:13:00, 2018-10-05 03:13:59, true, 0.0027, 0.0374, -0.5310, true
2018-10-05 03:14:01, 2018-10-05 03:14:59, true, 0.0451, 0.0666, 0.7161, true
2018-10-05 03:15:01, 2018-10-05 03:15:59, false, -0.0457, 0.0540, -0.0646, true
2018-10-05 03:16:00, 2018-10-05 03:16:58, true, 0.0067, 0.0119, -0.5348, true
2018-10-05 03:17:00, 2018-10-05 03:17:59, false, -0.0170, 0.0112, -0.1702, true
2018-10-05 03:18:00, 2018-10-05 03:18:59, true, 0.0140, 0.0154, 0.0989, true
2018-10-05 03:19:00, 2018-10-05 03:19:58, false, -0.0027, 0.0538, -0.0891, true
2018-10-05 03:20:00, 2018-10-05 03:20:59, true, 0.0068, 0.0120, 0.0065, true
2018-10-05 03:21:01, 2018-10-05 03:21:59, false, -0.0018, 0.0147, 0.3331, true
2018-10-05 03:22:00, 2018-10-05 03:22:59, true, 0.0012, 0.0172, -0.3307, true
2018-10-05 03:23:01, 2018-10-05 03:23:59, true, 0.0345, 0.0360, -0.1471, true
2018-10-05 03:24:00, 2018-10-05 03:24:59, false, -0.0003, 0.0591, 0.1694, true
2018-10-05 03:25:00, 2018-10-05 03:25:59, true, 0.0111, 0.0313, 0.0015, true
2018-10-05 03:26:00, 2018-10-05 03:26:57, true, 0.0147, 0.0407, -0.0509, true
2018-10-05 03:27:00, 2018-10-05 03:27:59, true, 0.0484, 0.0793, 2.8474, true
2018-10-05 03:28:02, 2018-10-05 03:28:58, false, -0.0295, 0.0536, -1.7360, true
2018-10-05 03:29:00, 2018-10-05 03:29:59, true, 0.0351, 0.0407, -0.4610, true
2018-10-05 03:30:00, 2018-10-05 03:30:59, true, 0.0270, 0.0779, 0.6604, true
2018-10-05 03:31:00, 2018-10-05 03:31:59, true, 0.0261, 0.0536, -0.7684, true
2018-10-05 03:32:01, 2018-10-05 03:32:59, false, -0.0124, 0.0448, 0.2174, true
2018-10-05 03:33:00, 2018-10-05 03:33:59, false, -0.0266, 0.0027, -0.4882, true
2018-10-05 03:34:01, 2018-10-05 03:34:58, false, -0.0149, 0.0103, 0.1270, true
2018-10-05 03:35:00, 2018-10-05 03:35:59, false, -0.0047, 0.0046, 0.7604, true
2018-10-05 03:36:01, 2018-10-05 03:36:58, true, 0.0082, 0.0284, -0.9645, true
2018-10-05 03:37:00, 2018-10-05 03:37:59, false, -0.0062, 0.0150, 0.2008, true
2018-10-05 03:38:00, 2018-10-05 03:38:58, true, 0.0017, 0.0613, -0.0537, true
2018-10-05 03:39:00, 2018-10-05 03:39:59, false, -0.0023, 0.0046, 0.2529, true
2018-10-05 03:40:00, 2018-10-05 03:40:59, false, -0.0032, 0.0158, -0.3551, true
2018-10-05 03:41:00, 2018-10-05 03:41:58, true, 0.0065, 0.0093, 0.1437, true
2018-10-05 03:42:00, 2018-10-05 03:42:59, true, 0.0126, 0.0284, 0.1392, true
2018-10-05 03:43:00, 2018-10-05 03:43:59, true, 0.0005, 0.0129, 0.2893, true
2018-10-05 03:44:00, 2018-10-05 03:44:59, false, -0.0170, 0.0083, -0.4373, true
2018-10-05 03:45:00, 2018-10-05 03:45:59, false, -0.0017, 0.0033, 0.8554, true
2018-10-05 03:46:00, 2018-10-05 03:46:59, false, -0.0144, 0.0008, -0.8484, true
2018-10-05 03:47:00, 2018-10-05 03:47:58, true, 0.0021, 0.0103, 0.9013, true
2018-10-05 03:48:01, 2018-10-05 03:48:59, false, -0.0018, 0.0041, -1.1247, true
2018-10-05 03:49:00, 2018-10-05 03:49:57, true, 0.0087, 0.0193, 0.0780, true
2018-10-05 03:50:00, 2018-10-05 03:50:59, false, -0.0085, 0.0106, 0.0533, true
2018-10-05 03:51:01, 2018-10-05 03:51:59, false, -0.0046, 0.0027, 0.8891, true
2018-10-05 03:52:00, 2018-10-05 03:52:59, false, -0.0167, 0.0055, 1.1149, true
2018-10-05 03:53:01, 2018-10-05 03:53:59, false, -0.0064, 0.0024, -1.3976, true
2018-10-05 03:54:01, 2018-10-05 03:54:59, true, 0.0234, 0.0740, 0.5511, true
2018-10-05 03:55:00, 2018-10-05 03:55:58, false, -0.0052, 0.0480, -1.2329, true
2018-10-05 03:56:01, 2018-10-05 03:56:59, true, 0.0074, 0.0187, 0.7154, true
2018-10-05 03:57:00, 2018-10-05 03:57:59, true, 0.0334, 0.0492, -0.4142, true
2018-10-05 03:58:00, 2018-10-05 03:58:57, false, -0.0099, 0.0480, -0.0738, true
2018-10-05 03:59:00, 2018-10-05 03:59:58, false, -0.0251, 0.0006, 0.0847, true
2018-10-05 04:00:00, 2018-10-05 04:00:59, false, -0.0049, 0.0058, -0.5610, true
2018-10-05 04:01:00, 2018-10-05 04:01:59, false, -0.0203, 0.0039, 0.9423, true
2018-10-05 04:02:00, 2018-10-05 04:02:59, false, -0.0325, 0.0003, -0.5270, true
2018-10-05 04:03:00, 2018-10-05 04:03:58, true, 0.0053, 0.0316, -0.2689, true
2018-10-05 04:04:00, 2018-10-05 04:04:59, false, -0.0027, 0.0122, 0.4326, true
2018-10-05 04:05:00, 2018-10-05 04:05:58, false, -0.0032, 0.0261, 0.7541, true
2018-10-05 04:06:00, 2018-10-05 04:06:56, false, -0.0450, 0.0011, -0.8523, true
2018-10-05 04:07:00, 2018-10-05 04:07:59, false, -0.0026, 0.0041, -0.2564, true
2018-10-05 04:08:00, 2018-10-05 04:08:59, true, 0.0029, 0.0131, 0.4290, true
2018-10-05 04:09:00, 2018-10-05 04:09:59, false, -0.0573, 0.0113, 1.7394, true
2018-10-05 04:10:00, 2018-10-05 04:10:59, false, -0.0342, 0.0132, -0.8995, true
2018-10-05 04:11:00, 2018-10-05 04:11:59, false, -0.0457, 0.0184, -0.8366, true
2018-10-05 04:12:00, 2018-10-05 04:12:58, true, 0.0645, 0.0712, 0.3279, true
2018-10-05 04:13:00, 2018-10-05 04:13:59, false, -0.0018, 0.0782, -0.0972, true
2018-10-05 04:14:01, 2018-10-05 04:14:59, true, 0.0082, 0.0090, -0.4917, true
2018-10-05 04:15:00, 2018-10-05 04:15:59, true, 0.0374, 0.0470, -0.3449, true
2018-10-05 04:16:00, 2018-10-05 04:16:59, false, -0.0018, 0.0380, 0.5636, true
2018-10-05 04:17:00, 2018-10-05 04:17:57, true, 0.0082, 0.0116, -0.4076, true
2018-10-05 04:18:00, 2018-10-05 04:18:58, false, -0.0078, 0.0090, 0.6189, true
2018-10-05 04:19:01, 2018-10-05 04:19:58, false, -0.0020, 0.0000, 0.1415, true
2018-10-05 04:20:00, 2018-10-05 04:20:59, true, 0.0152, 0.0163, -0.6398, true
2018-10-05 04:21:00, 2018-10-05 04:21:59, false, -0.0071, 0.0316, 0.1198, true
2018-10-05 04:22:00, 2018-10-05 04:22:59, false, -0.0324, 0.0008, -0.2530, true
2018-10-05 04:23:00, 2018-10-05 04:23:59, false, -0.0002, 0.0070, -0.0076, true
2018-10-05 04:24:00, 2018-10-05 04:24:59, false, -0.0073, 0.0026, 0.7825, true
2018-10-05 04:25:00, 2018-10-05 04:25:57, false, -0.0002, 0.0005, -0.5142, true
2018-10-05 04:26:00, 2018-10-05 04:26:59, false, -0.0246, 0.0210, 0.1710, true
2018-10-05 04:27:00, 2018-10-05 04:27:59, true, 0.0199, 0.0216, 0.5836, true
2018-10-05 04:28:00, 2018-10-05 04:28:56, false, -0.0383, 0.0450, -0.0729, true
2018-10-05 04:29:00, 2018-10-05 04:29:59, false, -0.0090, 0.0169, -0.5062, true
2018-10-05 04:30:00, 2018-10-05 04:30:59, true, 0.0056, 0.0091, -0.4155, true
2018-10-05 04:31:00, 2018-10-05 04:31:59, false, -0.0154, 0.0085, -0.1085, true
2018-10-05 04:32:00, 2018-10-05 04:32:59, true, 0.0093, 0.0148, -0.1534, true
2018-10-05 04:33:00, 2018-10-05 04:33:58, false, -0.0088, 0.0202, 0.5915, true
2018-10-05 04:34:00, 2018-10-05 04:34:59, true, 0.0009, 0.0072, 0.3237, true
2018-10-05 04:35:00, 2018-10-05 04:35:59, false, -0.0011, 0.0055, -0.0388, true
2018-10-05 04:36:00, 2018-10-05 04:36:58, false, -0.0606, 0.0096, 0.0754, true
2018-10-05 04:37:00, 2018-10-05 04:37:59, false, -0.0070, 0.0011, -0.5322, true
2018-10-05 04:38:01, 2018-10-05 04:38:59, false, -0.0011, 0.0041, -0.3236, true
2018-10-05 04:39:00, 2018-10-05 04:39:59, true, 0.0215, 0.0289, 1.0013, false
2018-10-05 04:40:00, 2018-10-05 04:40:59, false, -0.0085, 0.0283, -0.7500, true
2018-10-05 04:41:00, 2018-10-05 04:41:59, false, -0.0480, 0.0058, 1.2829, true
2018-10-05 04:42:01, 2018-10-05 04:42:57, true, 0.0629, 0.0983, -0.7082, true
2018-10-05 04:43:00, 2018-10-05 04:43:59, true, 0.0082, 0.0953, -0.0263, true
2018-10-05 04:44:00, 2018-10-05 04:44:58, false, -0.0172, 0.0117, 0.1399, true
2018-10-05 04:45:00, 2018-10-05 04:45:59, false, -0.0029, 0.0088, -0.0556, true
2018-10-05 04:46:00, 2018-10-05 04:46:59, false, -0.0026, 0.0002, -0.3408, true
2018-10-05 04:47:00, 2018-10-05 04:47:59, true, 0.0047, 0.0172, 0.2093, true
2018-10-05 04:48:00, 2018-10-05 04:48:58, false, -0.0129, 0.0096, 0.1841, true
2018-10-05 04:49:00, 2018-10-05 04:49:59, false, -0.0315, 0.0006, -0.6024, true
2018-10-05 04:50:00, 2018-10-05 04:50:59, false, -0.0166, 0.0044, 0.3041, true
2018-10-05 04:51:00, 2018-10-05 04:51:59, false, -0.0131, 0.0032, 0.0375, true
2018-10-05 04:52:01, 2018-10-05 04:52:59, false, -0.0268, 0.0061, -0.2352, true
2018-10-05 04:53:00, 2018-10-05 04:53:59, true, 0.0058, 0.0177, 0.3016, true
2018-10-05 04:54:02, 2018-10-05 04:54:57, true, 0.0582, 0.0763, 0.0720, true
2018-10-05 04:55:00, 2018-10-05 04:55:59, false, -0.0014, 0.0573, -0.0512, true
2018-10-05 04:56:00, 2018-10-05 04:56:58, false, -0.0053, 0.0108, -0.0957, true
2018-10-05 04:57:00, 2018-10-05 04:57:59, false, -0.0329, 0.0009, -0.0099, true
2018-10-05 04:58:00, 2018-10-05 04:58:58, true, 0.0012, 0.0120, 0.0568, true
2018-10-05 04:59:02, 2018-10-05 04:59:59, false, -0.0066, 0.0094, -0.1457, true
2018-10-05 05:00:00, 2018-10-05 05:00:59, true, 0.0082, 0.0262, -0.4143, true
2018-10-05 05:01:00, 2018-10-05 05:01:59, true, 0.0078, 0.0209, 0.2162, true
2018-10-05 05:02:00, 2018-10-05 05:02:59, true, 0.0154, 0.0232, -0.4530, true
2018-10-05 05:03:00, 2018-10-05 05:03:59, true, 0.0372, 0.0576, 0.3023, true
2018-10-05 05:04:00, 2018-10-05 05:04:59, true, 0.0189, 0.0588, -0.2035, true
2018-10-05 05:05:00, 2018-10-05 05:05:59, true, 0.0049, 0.0257, 0.2489, true
2018-10-05 05:06:03, 2018-10-05 05:06:58, false, 0.0000, 0.0126, -0.0734, true
2018-10-05 05:07:00, 2018-10-05 05:07:59, true, 0.0055, 0.0231, -0.1341, true
2018-10-05 05:08:00, 2018-10-05 05:08:58, true, 0.0151, 0.0256, 0.3239, true
2018-10-05 05:09:00, 2018-10-05 05:09:57, true, 0.0129, 0.0320, -0.2805, true
2018-10-05 05:10:00, 2018-10-05 05:10:59, false, -0.0209, 0.0170, 0.0872, true
2018-10-05 05:11:00, 2018-10-05 05:11:59, false, -0.0123, 0.0131, -0.2277, true
2018-10-05 05:12:01, 2018-10-05 05:12:59, true, 0.0132, 0.0149, -0.0697, true
2018-10-05 05:13:00, 2018-10-05 05:13:59, false, -0.0021, 0.0145, 0.3627, true
2018-10-05 05:14:03, 2018-10-05 05:14:58, true, 0.0093, 0.0134, 0.2752, true
2018-10-05 05:15:01, 2018-10-05 05:15:59, true, 0.0021, 0.0221, 0.1344, true
2018-10-05 05:16:00, 2018-10-05 05:16:58, false, -0.0184, 0.0059, -0.1445, true
2018-10-05 05:17:00, 2018-10-05 05:17:59, false, -0.0136, 0.0169, -0.5656, true
2018-10-05 05:18:00, 2018-10-05 05:18:59, false, -0.0008, 0.0041, 0.5798, true
2018-10-05 05:19:00, 2018-10-05 05:19:59, true, 0.0032, 0.0041, 0.5090, true
2018-10-05 05:20:00, 2018-10-05 05:20:59, false, -0.0088, 0.0035, -0.4479, true
2018-10-05 05:21:01, 2018-10-05 05:21:59, true, 0.0113, 0.0128, -0.0889, true
2018-10-05 05:22:00, 2018-10-05 05:22:58, false, -0.0035, 0.0114, 0.0298, true
2018-10-05 05:23:02, 2018-10-05 05:23:58, true, 0.0047, 0.0097, 0.1127, true
2018-10-05 05:24:00, 2018-10-05 05:24:59, false, -0.0222, 0.0058, -0.2334, true
2018-10-05 05:25:00, 2018-10-05 05:25:59, true, 0.0003, 0.0142, 0.2755, true
2018-10-05 05:26:00, 2018-10-05 05:26:57, false, -0.0196, 0.0029, -0.5407, true
2018-10-05 05:27:00, 2018-10-05 05:27:59, true, 0.0017, 0.0030, 0.4797, true
2018-10-05 05:28:00, 2018-10-05 05:28:57, false, -0.0034, 0.0154, -0.2269, true
2018-10-05 05:29:00, 2018-10-05 05:29:59, true, 0.0139, 0.0139, 0.3588, true
2018-10-05 05:30:00, 2018-10-05 05:30:59, false, -0.0021, 0.0166, -0.4322, true
2018-10-05 05:31:00, 2018-10-05 05:31:58, true, 0.0183, 0.0203, 0.4720, true
2018-10-05 05:32:00, 2018-10-05 05:32:59, false, -0.0044, 0.0183, -0.2837, true
2018-10-05 05:33:00, 2018-10-05 05:33:57, true, 0.0189, 0.0198, -0.3506, true
2018-10-05 05:34:01, 2018-10-05 05:34:58, true, 0.0040, 0.0230, -0.0119, true
2018-10-05 05:35:00, 2018-10-05 05:35:59, false, -0.0087, 0.0041, -0.3226, true
2018-10-05 05:36:00, 2018-10-05 05:36:59, true, 0.0027, 0.0033, 0.1087, true
2018-10-05 05:37:00, 2018-10-05 05:37:59, false, -0.0043, 0.0140, -0.0241, true
2018-10-05 05:38:02, 2018-10-05 05:38:59, false, -0.0521, 0.0000, -0.0725, true
2018-10-05 05:39:00, 2018-10-05 05:39:59, false, -0.0081, 0.0047, 0.1988, true
2018-10-05 05:40:00, 2018-10-05 05:40:59, false, -0.0043, 0.0047, 0.0876, true
2018-10-05 05:41:00, 2018-10-05 05:41:59, true, 0.0454, 0.0469, -0.2106, true
2018-10-05 05:42:01, 2018-10-05 05:42:59, false, -0.0265, 0.0495, 0.1028, true
2018-10-05 05:43:00, 2018-10-05 05:43:59, false, -0.0105, 0.0017, -0.0210, true
2018-10-05 05:44:00, 2018-10-05 05:44:58, false, -0.0177, 0.0075, 0.5183, true
2018-10-05 05:45:00, 2018-10-05 05:45:59, true, 0.0072, 0.0087, -0.6604, true
2018-10-05 05:46:00, 2018-10-05 05:46:58, false, -0.0012, 0.0122, 0.0119, true
2018-10-05 05:47:00, 2018-10-05 05:47:59, false, -0.0099, 0.0052, 0.0306, true
2018-10-05 05:48:00, 2018-10-05 05:48:59, true, 0.0200, 0.0213, 0.2564, true
2018-10-05 05:49:01, 2018-10-05 05:49:59, true, 0.0006, 0.0600, 0.2002, true
2018-10-05 05:50:01, 2018-10-05 05:50:57, true, 0.0061, 0.0125, 0.3869, true
2018-10-05 05:51:00, 2018-10-05 05:51:59, true, 0.0070, 0.0140, -0.2145, true
2018-10-05 05:52:00, 2018-10-05 05:52:59, false, -0.0017, 0.0116, 0.0352, true
2018-10-05 05:53:00, 2018-10-05 05:53:59, false, -0.0472, 0.0024, 0.2684, true
2018-10-05 05:54:00, 2018-10-05 05:54:59, false, -0.0116, 0.0000, -0.3644, true
2018-10-05 05:55:00, 2018-10-05 05:55:57, false, -0.0084, 0.0038, 0.2545, true
2018-10-05 05:56:00, 2018-10-05 05:56:59, false, -0.0096, 0.0070, -0.2960, true
2018-10-05 05:57:00, 2018-10-05 05:57:58, true, 0.0361, 0.0410, 0.1806, true
2018-10-05 05:58:00, 2018-10-05 05:58:57, false, -0.0029, 0.0532, 0.2507, true
2018-10-05 05:59:00, 2018-10-05 05:59:59, false, -0.0154, 0.0000, -0.4697, true
2018-10-05 06:00:00, 2018-10-05 06:00:59, false, -0.0101, 0.0061, -0.3079, true
2018-10-05 06:01:00, 2018-10-05 06:01:59, true, 0.0088, 0.0088, 0.3088, true
2018-10-05 06:02:00, 2018-10-05 06:02:59, false, -0.0015, 0.0155, -0.0727, true
2018-10-05 06:03:00, 2018-10-05 06:03:59, false, -0.0375, 0.0040, 0.2621, true
2018-10-05 06:04:00, 2018-10-05 06:04:59, true, 0.0255, 0.0360, 0.5728, true
2018-10-05 06:05:00, 2018-10-05 06:05:59, false, -0.0047, 0.0262, -0.3623, true
2018-10-05 06:06:00, 2018-10-05 06:06:59, false, 0.0000, 0.0073, -0.2162, true
2018-10-05 06:07:00, 2018-10-05 06:07:59, false, -0.0110, -0.0027, -0.0085, true
2018-10-05 06:08:00, 2018-10-05 06:08:59, false, -0.0011, 0.0026, -0.2598, true
2018-10-05 06:09:00, 2018-10-05 06:09:58, false, -0.0058, 0.0011, 0.5326, true
2018-10-05 06:10:00, 2018-10-05 06:10:58, false, -0.0085, 0.0101, 0.0929, true
2018-10-05 06:11:02, 2018-10-05 06:11:59, true, 0.0082, 0.0235, -0.3652, true
2018-10-05 06:12:00, 2018-10-05 06:12:58, true, 0.0308, 0.0404, 0.5130, true
2018-10-05 06:13:00, 2018-10-05 06:13:58, false, -0.0005, 0.0306, -0.5162, true
2018-10-05 06:14:00, 2018-10-05 06:14:59, true, 0.0003, 0.0084, -0.0178, true
2018-10-05 06:15:00, 2018-10-05 06:15:59, true, 0.0335, 0.0344, -0.5715, true
2018-10-05 06:16:00, 2018-10-05 06:16:59, true, 0.0070, 0.0427, -0.0017, true
2018-10-05 06:17:00, 2018-10-05 06:17:59, true, 0.0081, 0.0152, -0.0186, true
2018-10-05 06:18:00, 2018-10-05 06:18:59, false, -0.0104, 0.0136, -0.0407, true
2018-10-05 06:19:00, 2018-10-05 06:19:59, false, -0.0058, 0.0050, 0.3110, true
2018-10-05 06:20:00, 2018-10-05 06:20:59, true, 0.0122, 0.0130, 0.2997, true
2018-10-05 06:21:00, 2018-10-05 06:21:59, false, -0.0079, 0.0198, -0.5040, true
2018-10-05 06:22:00, 2018-10-05 06:22:59, true, 0.0014, 0.0023, 0.0989, true
2018-10-05 06:23:00, 2018-10-05 06:23:57, false, -0.0096, 0.0113, 0.4608, true
2018-10-05 06:24:00, 2018-10-05 06:24:58, true, 0.0032, 0.0032, -0.4731, true
2018-10-05 06:25:00, 2018-10-05 06:25:59, true, 0.0026, 0.0070, 0.2285, true
2018-10-05 06:26:01, 2018-10-05 06:26:58, true, 0.0052, 0.0194, -0.0218, true
2018-10-05 06:27:00, 2018-10-05 06:27:58, false, -0.0020, 0.0064, -0.2013, true
2018-10-05 06:28:00, 2018-10-05 06:28:58, true, 0.0040, 0.0075, -0.2186, true
2018-10-05 06:29:00, 2018-10-05 06:29:58, true, 0.0011, 0.0024, 0.2502, true
2018-10-05 06:30:00, 2018-10-05 06:30:58, true, 0.0006, 0.0046, 0.0198, true
2018-10-05 06:31:00, 2018-10-05 06:31:59, false, -0.0064, 0.0094, -0.0338, true
2018-10-05 06:32:00, 2018-10-05 06:32:59, true, 0.0024, 0.0024, 0.1079, true
2018-10-05 06:33:01, 2018-10-05 06:33:59, true, 0.0076, 0.0175, 0.1226, true
2018-10-05 06:34:00, 2018-10-05 06:34:59, false, -0.0203, 0.0076, -0.4070, true
2018-10-05 06:35:00, 2018-10-05 06:35:59, false, -0.0096, 0.0017, -0.0916, true
2018-10-05 06:36:00, 2018-10-05 06:36:58, true, 0.0058, 0.0105, 0.1024, true
2018-10-05 06:37:00, 2018-10-05 06:37:59, false, -0.0035, 0.0035, 0.0696, true
2018-10-05 06:38:01, 2018-10-05 06:38:58, true, 0.0070, 0.0151, -0.0829, true
2018-10-05 06:39:00, 2018-10-05 06:39:59, false, -0.0171, -0.0043, -0.0738, true
2018-10-05 06:40:00, 2018-10-05 06:40:59, true, 0.0058, 0.0059, 0.0120, true
2018-10-05 06:41:00, 2018-10-05 06:41:59, true, 0.0035, 0.0165, 0.0066, true
2018-10-05 06:42:00, 2018-10-05 06:42:59, true, 0.0002, 0.0049, 0.0069, true
2018-10-05 06:43:00, 2018-10-05 06:43:59, false, -0.0024, 0.0035, 0.1404, true
2018-10-05 06:44:00, 2018-10-05 06:44:59, true, 0.0043, 0.0088, -0.1359, true
2018-10-05 06:45:00, 2018-10-05 06:45:59, false, -0.0008, 0.0050, 0.0837, true
2018-10-05 06:46:00, 2018-10-05 06:46:59, false, -0.0026, 0.0110, -0.1044, true
2018-10-05 06:47:00, 2018-10-05 06:47:59, false, -0.0108, 0.0000, 0.4030, true
2018-10-05 06:48:00, 2018-10-05 06:48:59, false, -0.0091, 0.0105, -0.4073, true
2018-10-05 06:49:01, 2018-10-05 06:49:59, true, 0.0012, 0.0034, 0.0790, true
2018-10-05 06:50:00, 2018-10-05 06:50:59, true, 0.0027, 0.0062, 0.0422, true
2018-10-05 06:51:00, 2018-10-05 06:51:59, true, 0.0017, 0.0050, -0.1004, true
2018-10-05 06:52:01, 2018-10-05 06:52:58, false, -0.0053, 0.0066, 0.2475, true
2018-10-05 06:53:00, 2018-10-05 06:53:58, true, 0.0075, 0.0075, -0.2810, true
2018-10-05 06:54:02, 2018-10-05 06:54:58, false, -0.0018, 0.0093, 0.2029, true
2018-10-05 06:55:01, 2018-10-05 06:55:59, true, 0.0032, 0.0114, 0.0407, true
2018-10-05 06:56:00, 2018-10-05 06:56:59, true, 0.0232, 0.0268, 0.6401, true
2018-10-05 06:57:00, 2018-10-05 06:57:59, true, 0.0197, 0.0480, 0.0585, true
2018-10-05 06:58:00, 2018-10-05 06:58:59, true, 0.0088, 0.0291, 0.0519, true
2018-10-05 06:59:02, 2018-10-05 06:59:59, true, 0.0936, 0.1025, 1.0696, true
2018-10-05 07:00:00, 2018-10-05 07:00:59, false, -0.0043, 0.0982, -1.5926, true
2018-10-05 07:01:00, 2018-10-05 07:01:59, false, -0.0099, 0.0087, 0.0157, true
2018-10-05 07:02:00, 2018-10-05 07:02:57, true, 0.0038, 0.0081, -0.0119, true
2018-10-05 07:03:00, 2018-10-05 07:03:59, false, -0.0067, 0.0072, -0.1930, true
2018-10-05 07:04:00, 2018-10-05 07:04:58, true, 0.0047, 0.0055, 0.4011, true
2018-10-05 07:05:00, 2018-10-05 07:05:59, true, 0.0003, 0.0070, -0.4691, true
2018-10-05 07:06:00, 2018-10-05 07:06:59, true, 0.0041, 0.0050, 0.4762, true
2018-10-05 07:07:00, 2018-10-05 07:07:59, true, 0.0014, 0.0210, 0.0199, true
2018-10-05 07:08:00, 2018-10-05 07:08:59, true, 0.0103, 0.0129, -0.0609, true
2018-10-05 07:09:00, 2018-10-05 07:09:59, true, 0.0024, 0.0198, 0.1552, true
2018-10-05 07:10:01, 2018-10-05 07:10:59, false, -0.0068, 0.0024, -0.0257, true
2018-10-05 07:11:01, 2018-10-05 07:11:59, true, 0.0047, 0.0053, -0.5632, true
2018-10-05 07:12:00, 2018-10-05 07:12:57, false, -0.0405, 0.0102, 0.2562, true
2018-10-05 07:13:00, 2018-10-05 07:13:56, true, 0.0364, 0.0384, 0.4252, true
2018-10-05 07:14:00, 2018-10-05 07:14:59, true, 0.0018, 0.0394, -0.3920, true
2018-10-05 07:15:00, 2018-10-05 07:15:59, false, -0.0009, 0.0065, -0.1178, true
2018-10-05 07:16:00, 2018-10-05 07:16:59, false, -0.0032, 0.0320, 0.1974, true
2018-10-05 07:17:00, 2018-10-05 07:17:59, true, 0.0008, 0.0029, -0.4765, true
2018-10-05 07:18:00, 2018-10-05 07:18:58, true, 0.0172, 0.0244, 0.0125, true
2018-10-05 07:19:00, 2018-10-05 07:19:59, false, -0.0186, 0.0178, -0.0906, true
2018-10-05 07:20:01, 2018-10-05 07:20:59, false, -0.0009, 0.0026, 0.1248, true
2018-10-05 07:21:00, 2018-10-05 07:21:58, false, -0.0073, 0.0035, 0.1563, true
2018-10-05 07:22:00, 2018-10-05 07:22:59, false, -0.0250, 0.0139, -0.1224, true
2018-10-05 07:23:00, 2018-10-05 07:23:58, false, -0.0006, 0.0047, -0.1876, true
2018-10-05 07:24:00, 2018-10-05 07:24:59, false, -0.0072, 0.0096, 0.0710, true
2018-10-05 07:25:00, 2018-10-05 07:25:59, true, 0.0049, 0.0052, 0.0067, true
2018-10-05 07:26:00, 2018-10-05 07:26:58, false, -0.0003, 0.0075, -0.0748, true
2018-10-05 07:27:00, 2018-10-05 07:27:58, true, 0.0056, 0.0104, 0.0216, true
2018-10-05 07:28:00, 2018-10-05 07:28:59, true, 0.0088, 0.0146, 0.2037, true
2018-10-05 07:29:00, 2018-10-05 07:29:59, false, -0.0073, 0.0094, 0.2112, true
2018-10-05 07:30:01, 2018-10-05 07:30:59, true, 0.0017, 0.0040, 0.2393, true
2018-10-05 07:31:01, 2018-10-05 07:31:59, false, -0.0420, 0.0017, 0.0752, true
2018-10-05 07:32:00, 2018-10-05 07:32:59, false, -0.0032, 0.0090, 0.2408, true
2018-10-05 07:33:00, 2018-10-05 07:33:59, true, 0.0550, 0.0564, -0.4565, true
2018-10-05 07:34:00, 2018-10-05 07:34:59, false, -0.0079, 0.0550, 0.1031, true
2018-10-05 07:35:01, 2018-10-05 07:35:59, true, 0.0139, 0.0177, -0.2002, true
2018-10-05 07:36:01, 2018-10-05 07:36:58, false, -0.0008, 0.0143, -0.1750, true
2018-10-05 07:37:00, 2018-10-05 07:37:59, false, -0.0002, 0.0105, -0.2586, true
2018-10-05 07:38:00, 2018-10-05 07:38:59, false, -0.0160, 0.0097, 0.2223, true
2018-10-05 07:39:00, 2018-10-05 07:39:58, false, -0.0132, 0.0119, -0.0882, true
2018-10-05 07:40:00, 2018-10-05 07:40:59, false, -0.0003, 0.0065, -0.1178, true
2018-10-05 07:41:00, 2018-10-05 07:41:57, true, 0.0088, 0.0116, 0.0055, true
2018-10-05 07:42:00, 2018-10-05 07:42:59, false, -0.0038, 0.0178, 0.0716, true
2018-10-05 07:43:01, 2018-10-05 07:43:59, false, -0.0003, 0.0006, 0.0576, true
2018-10-05 07:44:00, 2018-10-05 07:44:59, false, -0.0020, 0.0024, 0.1113, true
2018-10-05 07:45:00, 2018-10-05 07:45:59, false, -0.0024, 0.0030, -0.2766, true
2018-10-05 07:46:00, 2018-10-05 07:46:59, true, 0.0052, 0.0078, 0.3441, true
2018-10-05 07:47:01, 2018-10-05 07:47:59, false, -0.0107, 0.0483, -0.3070, true
2018-10-05 07:48:00, 2018-10-05 07:48:59, false, 0.0000, 0.0037, 0.0347, true
2018-10-05 07:49:00, 2018-10-05 07:49:59, false, -0.0053, 0.0035, -0.0844, true
2018-10-05 07:50:01, 2018-10-05 07:50:57, false, -0.0047, 0.0069, 0.0705, true
2018-10-05 07:51:00, 2018-10-05 07:51:58, true, 0.0009, 0.0015, -0.0148, true
2018-10-05 07:52:00, 2018-10-05 07:52:59, false, -0.0271, 0.0067, 0.3118, true
2018-10-05 07:53:00, 2018-10-05 07:53:58, true, 0.0120, 0.0184, -0.0219, true
2018-10-05 07:54:00, 2018-10-05 07:54:59, false, -0.0082, 0.0218, 0.8766, true
2018-10-05 07:55:00, 2018-10-05 07:55:58, false, -0.0006, 0.0075, -0.7771, true
2018-10-05 07:56:00, 2018-10-05 07:56:59, false, -0.0070, 0.0026, -0.3292, true
2018-10-05 07:57:00, 2018-10-05 07:57:57, true, 0.0091, 0.0146, 0.3881, true
2018-10-05 07:58:00, 2018-10-05 07:58:56, true, 0.0117, 0.0216, 0.2083, true
2018-10-05 07:59:00, 2018-10-05 07:59:59, false, -0.0056, 0.0241, -0.2234, true
2018-10-05 08:00:00, 2018-10-05 08:00:59, true, 0.0002, 0.0079, -0.1648, true
2018-10-05 08:01:00, 2018-10-05 08:01:59, true, 0.0206, 0.0212, 0.4673, true
2018-10-05 08:02:00, 2018-10-05 08:02:59, true, 0.0014, 0.0219, -0.5998, true
2018-10-05 08:03:00, 2018-10-05 08:03:59, true, 0.0008, 0.0056, 0.3761, true
2018-10-05 08:04:00, 2018-10-05 08:04:59, false, -0.0015, 0.0018, -0.4201, true
2018-10-05 08:05:00, 2018-10-05 08:05:59, true, 0.0218, 0.0238, 0.4893, true
2018-10-05 08:06:00, 2018-10-05 08:06:58, false, -0.0087, 0.0280, -0.4622, true
2018-10-05 08:07:01, 2018-10-05 08:07:59, true, 0.0496, 0.0560, 0.1560, true
2018-10-05 08:08:00, 2018-10-05 08:08:58, true, 0.0157, 0.0708, 0.0706, true
2018-10-05 08:09:00, 2018-10-05 08:09:59, false, -0.0026, 0.0262, 0.0668, true
2018-10-05 08:10:00, 2018-10-05 08:10:59, false, -0.0012, 0.0000, 0.2258, true
2018-10-05 08:11:00, 2018-10-05 08:11:59, false, -0.0018, 0.0000, -0.6175, true
2018-10-05 08:12:00, 2018-10-05 08:12:59, false, -0.0198, 0.0280, 0.5540, true
2018-10-05 08:13:00, 2018-10-05 08:13:59, true, 0.0371, 0.0455, -0.5271, true
2018-10-05 08:14:00, 2018-10-05 08:14:59, true, 0.0186, 0.0599, 0.0064, true
2018-10-05 08:15:00, 2018-10-05 08:15:59, true, 0.0166, 0.0511, 0.1887, true
2018-10-05 08:16:00, 2018-10-05 08:16:59, true, 0.0058, 0.0280, -0.1915, true
2018-10-05 08:17:00, 2018-10-05 08:17:59, true, 0.0170, 0.0248, 0.2112, true
2018-10-05 08:18:00, 2018-10-05 08:18:59, false, 0.0000, 0.0198, -0.1338, true
2018-10-05 08:19:00, 2018-10-05 08:19:59, true, 0.0097, 0.0135, 0.0806, true
2018-10-05 08:20:00, 2018-10-05 08:20:59, true, 0.0105, 0.0287, -0.1582, true
2018-10-05 08:21:00, 2018-10-05 08:21:59, true, 0.0009, 0.0116, 0.1734, true
2018-10-05 08:22:00, 2018-10-05 08:22:59, true, 0.0167, 0.0412, -0.1202, true
2018-10-05 08:23:00, 2018-10-05 08:23:58, true, 0.0014, 0.0280, 0.0453, true
2018-10-05 08:24:00, 2018-10-05 08:24:59, true, 0.0078, 0.0409, 0.2517, true
2018-10-05 08:25:00, 2018-10-05 08:25:59, true, 0.0081, 0.0158, -0.1836, true
2018-10-05 08:26:00, 2018-10-05 08:26:58, true, 0.0554, 0.0638, 0.2312, true
2018-10-05 08:27:00, 2018-10-05 08:27:59, true, 0.0009, 0.0565, -0.1338, true
2018-10-05 08:28:00, 2018-10-05 08:28:59, false, -0.0044, 0.0181, -0.1748, true
2018-10-05 08:29:00, 2018-10-05 08:29:59, true, 0.0035, 0.0064, -0.0951, true
2018-10-05 08:30:00, 2018-10-05 08:30:59, false, -0.0033, 0.0152, 0.3536, true
2018-10-05 08:31:00, 2018-10-05 08:31:58, false, -0.0593, -0.0024, 0.2359, true
2018-10-05 08:32:00, 2018-10-05 08:32:58, false, -0.0225, -0.0050, -0.3607, true
2018-10-05 08:33:00, 2018-10-05 08:33:59, false, -0.0195, 0.0082, -0.1800, true
2018-10-05 08:34:00, 2018-10-05 08:34:59, false, -0.0014, 0.0000, -0.0114, true
2018-10-05 08:35:00, 2018-10-05 08:35:59, false, -0.0079, 0.0041, -0.0304, true
2018-10-05 08:36:00, 2018-10-05 08:36:59, true, 0.0061, 0.0087, 0.0891, true
2018-10-05 08:37:00, 2018-10-05 08:37:59, true, 0.0065, 0.0126, -0.0160, true
2018-10-05 08:38:00, 2018-10-05 08:38:59, false, -0.0114, 0.0103, -0.1172, true
2018-10-05 08:39:00, 2018-10-05 08:39:59, false, -0.0053, 0.0000, -0.0558, true
2018-10-05 08:40:02, 2018-10-05 08:40:57, true, 0.0059, 0.0082, 0.0300, true
2018-10-05 08:41:00, 2018-10-05 08:41:59, true, 0.0024, 0.0076, 0.0360, true
2018-10-05 08:42:00, 2018-10-05 08:42:58, true, 0.0026, 0.0135, 0.0192, true
2018-10-05 08:43:00, 2018-10-05 08:43:59, true, 0.0157, 0.0205, 0.0295, true
2018-10-05 08:44:00, 2018-10-05 08:44:59, false, -0.0044, 0.0158, -0.0955, true
2018-10-05 08:45:00, 2018-10-05 08:45:59, true, 0.0116, 0.0237, 0.0243, true
2018-10-05 08:46:00, 2018-10-05 08:46:58, true, 0.0014, 0.0137, -0.0126, true
2018-10-05 08:47:00, 2018-10-05 08:47:59, true, 0.0071, 0.0144, 0.0234, true
2018-10-05 08:48:00, 2018-10-05 08:48:59, false, -0.0216, 0.0071, 0.0886, true
2018-10-05 08:49:01, 2018-10-05 08:49:59, false, -0.0117, 0.0006, -0.1218, true
2018-10-05 08:50:00, 2018-10-05 08:50:58, true, 0.0052, 0.0106, 0.0763, true
2018-10-05 08:51:00, 2018-10-05 08:51:58, false, -0.0024, 0.0103, 0.0400, true
2018-10-05 08:52:00, 2018-10-05 08:52:59, true, 0.0021, 0.0106, -0.1209, true
2018-10-05 08:53:00, 2018-10-05 08:53:59, false, -0.0046, 0.0027, -0.0152, true
2018-10-05 08:54:00, 2018-10-05 08:54:59, false, -0.0088, 0.0012, 0.1344, true
2018-10-05 08:55:00, 2018-10-05 08:55:58, false, -0.0129, 0.0033, -0.0129, true
2018-10-05 08:56:00, 2018-10-05 08:56:59, true, 0.0002, 0.0011, -0.0678, true
2018-10-05 08:57:00, 2018-10-05 08:57:59, false, -0.0047, 0.0106, 0.0928, true
2018-10-05 08:58:00, 2018-10-05 08:58:59, false, -0.0003, 0.0040, -0.0255, true
2018-10-05 08:59:00, 2018-10-05 08:59:58, true, 0.0113, 0.0204, 0.2276, true
2018-10-05 09:00:00, 2018-10-05 09:00:59, false, -0.0009, 0.0192, -0.1308, true
2018-10-05 09:01:00, 2018-10-05 09:01:59, false, -0.0050, 0.0006, -0.1262, true
2018-10-05 09:02:00, 2018-10-05 09:02:59, true, 0.0053, 0.0075, 0.2929, true
2018-10-05 09:03:00, 2018-10-05 09:03:58, true, 0.0041, 0.0097, -0.2556, true
2018-10-05 09:04:00, 2018-10-05 09:04:59, false, -0.0036, 0.0038, 0.1772, true
2018-10-05 09:05:00, 2018-10-05 09:05:59, true, 0.0043, 0.0043, -0.0576, true
2018-10-05 09:06:00, 2018-10-05 09:06:59, true, 0.0021, 0.0065, -0.1014, true
2018-10-05 09:07:00, 2018-10-05 09:07:58, true, 0.0014, 0.0166, 0.0102, true
2018-10-05 09:08:00, 2018-10-05 09:08:59, true, 0.0020, 0.0079, 0.1590, true
2018-10-05 09:09:00, 2018-10-05 09:09:59, false, -0.0006, 0.0070, -0.2387, true
2018-10-05 09:10:00, 2018-10-05 09:10:59, false, -0.0008, 0.0008, 0.3068, true
2018-10-05 09:11:00, 2018-10-05 09:11:59, false, -0.0006, 0.0038, -0.0243, true
2018-10-05 09:12:00, 2018-10-05 09:12:59, false, -0.0015, 0.0044, -0.0151, true
2018-10-05 09:13:00, 2018-10-05 09:13:57, true, 0.0070, 0.0085, -0.0374, true
2018-10-05 09:14:00, 2018-10-05 09:14:59, false, 0.0000, 0.0075, 0.0281, true
2018-10-05 09:15:00, 2018-10-05 09:15:59, false, -0.0079, 0.0024, -0.1172, true
2018-10-05 09:16:00, 2018-10-05 09:16:59, false, -0.0050, 0.0073, 0.1772, true
2018-10-05 09:17:01, 2018-10-05 09:17:59, true, 0.0213, 0.0245, -0.1175, true
2018-10-05 09:18:00, 2018-10-05 09:18:59, true, 0.0026, 0.0240, -0.1161, true
2018-10-05 09:19:00, 2018-10-05 09:19:58, true, 0.0008, 0.0040, -0.0734, true
2018-10-05 09:20:00, 2018-10-05 09:20:59, true, 0.0002, 0.0090, 0.0360, true
2018-10-05 09:21:00, 2018-10-05 09:21:58, true, 0.0041, 0.0049, 0.5920, true
2018-10-05 09:22:00, 2018-10-05 09:22:59, true, 0.0024, 0.0097, -0.5923, true
2018-10-05 09:23:00, 2018-10-05 09:23:58, false, -0.0032, 0.0064, -0.0433, true
2018-10-05 09:24:00, 2018-10-05 09:24:57, false, -0.0234, 0.0003, 0.1744, true
2018-10-05 09:25:00, 2018-10-05 09:25:59, false, -0.0100, 0.0026, -0.0563, true
2018-10-05 09:26:01, 2018-10-05 09:26:59, false, -0.0041, 0.0075, -0.1241, true
2018-10-05 09:27:00, 2018-10-05 09:27:59, false, -0.0030, 0.0011, -0.0134, true
2018-10-05 09:28:00, 2018-10-05 09:28:59, false, -0.0041, 0.0053, -0.0313, true
2018-10-05 09:29:00, 2018-10-05 09:29:59, false, -0.0246, 0.0000, 0.2895, true
2018-10-05 09:30:00, 2018-10-05 09:30:58, true, 0.0029, 0.0088, -0.2515, true
2018-10-05 09:31:00, 2018-10-05 09:31:58, true, 0.0023, 0.0126, 0.0832, true
2018-10-05 09:32:00, 2018-10-05 09:32:58, false, -0.0035, 0.0155, 0.1435, true
2018-10-05 09:33:00, 2018-10-05 09:33:59, true, 0.0084, 0.0085, -0.1977, true
2018-10-05 09:34:00, 2018-10-05 09:34:58, false, -0.0015, 0.0084, -0.0543, true
2018-10-05 09:35:00, 2018-10-05 09:35:59, false, -0.0116, 0.0032, 0.1862, true
2018-10-05 09:36:00, 2018-10-05 09:36:59, false, -0.0076, 0.0005, -0.2008, true
2018-10-05 09:37:01, 2018-10-05 09:37:59, false, -0.0184, 0.0002, 0.1128, true
2018-10-05 09:38:00, 2018-10-05 09:38:59, false, -0.0137, 0.0040, 0.0037, true
2018-10-05 09:39:00, 2018-10-05 09:39:58, false, -0.0079, 0.0149, -0.0589, true
2018-10-05 09:40:00, 2018-10-05 09:40:59, true, 0.0037, 0.0037, -0.0178, true
2018-10-05 09:41:00, 2018-10-05 09:41:58, true, 0.0035, 0.0583, 0.0046, true
2018-10-05 09:42:00, 2018-10-05 09:42:59, true, 0.0102, 0.0177, -0.0181, true
2018-10-05 09:43:00, 2018-10-05 09:43:59, false, -0.0017, 0.0178, -0.0032, true
2018-10-05 09:44:00, 2018-10-05 09:44:57, true, 0.0032, 0.0052, 0.0647, true
2018-10-05 09:45:00, 2018-10-05 09:45:59, false, -0.0078, 0.0032, -0.0825, true
2018-10-05 09:46:00, 2018-10-05 09:46:59, true, 0.0011, 0.0038, 0.0574, true
2018-10-05 09:47:00, 2018-10-05 09:47:58, false, -0.0068, -0.0038, 0.0065, true
2018-10-05 09:48:02, 2018-10-05 09:48:59, true, 0.0187, 0.0600, 0.0857, true
2018-10-05 09:49:00, 2018-10-05 09:49:58, false, -0.0026, 0.0192, -0.0991, true
2018-10-05 09:50:00, 2018-10-05 09:50:59, true, 0.0087, 0.0146, 0.0218, true
2018-10-05 09:51:00, 2018-10-05 09:51:58, true, 0.0097, 0.0254, 0.1941, true
2018-10-05 09:52:00, 2018-10-05 09:52:59, true, 0.0029, 0.0152, -0.2924, true
2018-10-05 09:53:00, 2018-10-05 09:53:58, true, 0.0183, 0.0300, 0.4527, true
2018-10-05 09:54:00, 2018-10-05 09:54:59, true, 0.0023, 0.0207, -0.2102, true
2018-10-05 09:55:00, 2018-10-05 09:55:59, true, 0.0009, 0.0138, -0.1024, true
2018-10-05 09:56:00, 2018-10-05 09:56:59, false, -0.0122, 0.0035, 0.1051, true
2018-10-05 09:57:00, 2018-10-05 09:57:59, false, -0.0151, 0.0140, -0.1611, true
2018-10-05 09:58:00, 2018-10-05 09:58:59, true, 0.0137, 0.0137, 0.1051, true
2018-10-05 09:59:01, 2018-10-05 09:59:59, true, 0.0055, 0.0266, -0.0161, true
2018-10-05 10:00:00, 2018-10-05 10:00:59, true, 0.0202, 0.0423, 0.0995, true
2018-10-05 10:01:00, 2018-10-05 10:01:09, true, 0.0129, 0.0348, -0.0738, true
