2018-10-05 10:01:09, 2018-10-05 10:01:59, true, 0.0129, 0.0348, -0.0738, true
2018-10-05 10:02:00, 2018-10-05 10:02:59, false, -0.0026, 0.0144, -0.0540, true
2018-10-05 10:03:00, 2018-10-05 10:03:59, true, 0.0005, 0.0009, -0.1109, true
2018-10-05 10:04:02, 2018-10-05 10:04:59, true, 0.0065, 0.0108, 0.0231, true
2018-10-05 10:05:00, 2018-10-05 10:05:59, false, -0.0033, 0.0071, 0.1115, true
2018-10-05 10:06:00, 2018-10-05 10:06:57, false, -0.0006, 0.0020, -0.1168, true
2018-10-05 10:07:00, 2018-10-05 10:07:59, true, 0.0059, 0.0085, -0.0117, true
2018-10-05 10:08:00, 2018-10-05 10:08:59, false, -0.0269, 0.0097, 0.1564, true
2018-10-05 10:09:00, 2018-10-05 10:09:59, false, -0.0043, 0.0221, -0.1240, true
2018-10-05 10:10:00, 2018-10-05 10:10:59, true, 0.0546, 0.0855, 0.3028, true
2018-10-05 10:11:00, 2018-10-05 10:11:59, true, 0.0286, 0.0862, -0.2568, true
2018-10-05 10:12:00, 2018-10-05 10:12:59, false, -0.0059, 0.0286, 0.0892, true
2018-10-05 10:13:00, 2018-10-05 10:13:58, false, -0.0020, 0.0188, -0.1154, true
2018-10-05 10:14:00, 2018-10-05 10:14:59, true, 0.0084, 0.0097, 0.0892, true
2018-10-05 10:15:00, 2018-10-05 10:15:59, false, -0.0149, 0.0091, 0.0733, true
2018-10-05 10:16:00, 2018-10-05 10:16:58, true, 0.0058, 0.0058, -0.0395, true
2018-10-05 10:17:00, 2018-10-05 10:17:59, true, 0.0021, 0.0185, 0.0584, true
2018-10-05 10:18:00, 2018-10-05 10:18:59, false, -0.0024, 0.0132, -0.1876, true
2018-10-05 10:19:01, 2018-10-05 10:19:59, false, -0.0024, 0.0000, 0.0637, true
2018-10-05 10:20:00, 2018-10-05 10:20:58, false, -0.0052, 0.0033, -0.0871, true
2018-10-05 10:21:00, 2018-10-05 10:21:59, false, -0.0429, 0.0043, 0.2302, true
2018-10-05 10:22:00, 2018-10-05 10:22:59, true, 0.0448, 0.0455, -0.1251, true
2018-10-05 10:23:00, 2018-10-05 10:23:58, false, -0.0027, 0.0461, -0.0862, true
2018-10-05 10:24:00, 2018-10-05 10:24:59, false, -0.0006, 0.0021, 0.1751, true
2018-10-05 10:25:00, 2018-10-05 10:25:59, true, 0.0099, 0.0154, -0.0038, true
2018-10-05 10:26:00, 2018-10-05 10:26:59, false, -0.0017, 0.0182, -0.2056, true
2018-10-05 10:27:00, 2018-10-05 10:27:59, false, -0.0111, 0.0081, 0.0067, true
2018-10-05 10:28:00, 2018-10-05 10:28:59, true, 0.0055, 0.0196, -0.0353, true
2018-10-05 10:29:00, 2018-10-05 10:29:59, true, 0.0243, 0.0298, 0.1597, true
2018-10-05 10:30:00, 2018-10-05 10:30:59, false, -0.0033, 0.0243, -0.1208, true
2018-10-05 10:31:00, 2018-10-05 10:31:59, true, 0.0032, 0.0064, 0.0523, true
2018-10-05 10:32:01, 2018-10-05 10:32:59, true, 0.0053, 0.0097, 0.0005, true
2018-10-05 10:33:00, 2018-10-05 10:33:59, true, 0.0096, 0.0149, 0.0071, true
2018-10-05 10:34:00, 2018-10-05 10:34:59, true, 0.0299, 0.0433, 0.1484, true
2018-10-05 10:35:00, 2018-10-05 10:35:59, true, 0.0330, 0.0717, 0.5473, true
2018-10-05 10:36:00, 2018-10-05 10:36:59, true, 0.0097, 0.0428, -0.6128, true
2018-10-05 10:37:01, 2018-10-05 10:37:59, true, 0.0120, 0.0475, 0.2713, true
2018-10-05 10:38:00, 2018-10-05 10:38:59, false, -0.0226, 0.0105, -0.2768, true
2018-10-05 10:39:00, 2018-10-05 10:39:59, false, -0.0059, 0.0044, -0.0008, true
2018-10-05 10:40:00, 2018-10-05 10:40:59, false, -0.0015, 0.0049, -0.1065, true
2018-10-05 10:41:01, 2018-10-05 10:41:59, true, 0.0138, 0.0194, 0.1152, true
2018-10-05 10:42:00, 2018-10-05 10:42:59, true, 0.0149, 0.0295, -0.1031, true
2018-10-05 10:43:00, 2018-10-05 10:43:59, false, -0.0185, 0.0158, 0.0105, true
2018-10-05 10:44:00, 2018-10-05 10:44:58, true, 0.0068, 0.0100, -0.0343, true
2018-10-05 10:45:00, 2018-10-05 10:45:59, true, 0.0021, 0.0109, 0.0193, true
2018-10-05 10:46:00, 2018-10-05 10:46:59, true, 0.0017, 0.0120, 0.1353, true
2018-10-05 10:47:00, 2018-10-05 10:47:59, true, 0.0002, 0.0055, 0.0018, true
2018-10-05 10:48:00, 2018-10-05 10:48:59, true, 0.0114, 0.0176, 0.0370, true
2018-10-05 10:49:00, 2018-10-05 10:49:59, false, -0.0077, 0.0150, -0.0220, true
2018-10-05 10:50:00, 2018-10-05 10:50:59, true, 0.0009, 0.0112, 0.0232, true
2018-10-05 10:51:00, 2018-10-05 10:51:59, false, -0.0129, 0.0064, 0.1139, true
2018-10-05 10:52:00, 2018-10-05 10:52:59, false, -0.0263, 0.0011, 0.1289, true
2018-10-05 10:53:00, 2018-10-05 10:53:59, false, -0.0117, 0.0026, -0.2654, true
2018-10-05 10:54:00, 2018-10-05 10:54:59, false, -0.0006, -0.0002, -0.0217, true
2018-10-05 10:55:00, 2018-10-05 10:55:59, false, -0.0056, 0.0465, -0.1074, true
2018-10-05 10:56:00, 2018-10-05 10:56:59, false, -0.0047, 0.0039, 0.0520, true
2018-10-05 10:57:00, 2018-10-05 10:57:59, false, -0.0196, 0.0006, 1.9002, true
2018-10-05 10:58:00, 2018-10-05 10:58:59, false, -0.0076, 0.0305, -1.7785, true
2018-10-05 10:59:00, 2018-10-05 10:59:59, false, -0.0435, 0.0108, -0.1780, true
2018-10-05 11:00:00, 2018-10-05 11:00:59, false, -0.0049, 0.0043, 0.1443, true
2018-10-05 11:01:00, 2018-10-05 11:01:59, false, -0.0146, 0.0065, 0.1426, true
2018-10-05 11:02:00, 2018-10-05 11:02:59, true, 0.0041, 0.0240, -0.2994, true
2018-10-05 11:03:00, 2018-10-05 11:03:59, true, 0.0409, 0.0515, -0.0752, true
2018-10-05 11:04:01, 2018-10-05 11:04:59, false, -0.0003, 0.0430, 0.1181, true
2018-10-05 11:05:00, 2018-10-05 11:05:59, false, -0.0176, 0.0009, 0.3194, true
2018-10-05 11:06:00, 2018-10-05 11:06:59, false, -0.0455, 0.0005, -0.2450, true
2018-10-05 11:07:00, 2018-10-05 11:07:59, true, 0.0450, 0.0452, -0.0689, true
2018-10-05 11:08:01, 2018-10-05 11:08:59, true, 0.0038, 0.0499, -0.0306, true
2018-10-05 11:09:00, 2018-10-05 11:09:59, true, 0.0032, 0.0076, -0.0002, true
2018-10-05 11:10:01, 2018-10-05 11:10:58, false, -0.0087, 0.0141, 0.4384, true
2018-10-05 11:11:00, 2018-10-05 11:11:59, false, -0.0002, 0.0170, -0.4114, true
2018-10-05 11:12:01, 2018-10-05 11:12:59, false, -0.0082, 0.0006, -0.0336, true
2018-10-05 11:13:00, 2018-10-05 11:13:59, false, -0.0108, 0.0008, -0.0182, true
2018-10-05 11:14:00, 2018-10-05 11:14:59, false, -0.0078, 0.0018, 0.1125, true
2018-10-05 11:15:00, 2018-10-05 11:15:59, true, 0.0109, 0.0109, -0.0100, true
2018-10-05 11:16:00, 2018-10-05 11:16:59, true, 0.0073, 0.0269, 0.1362, true
2018-10-05 11:17:00, 2018-10-05 11:17:59, true, 0.0009, 0.0202, -0.1890, true
2018-10-05 11:18:00, 2018-10-05 11:18:59, true, 0.0132, 0.0252, -0.0552, true
2018-10-05 11:19:00, 2018-10-05 11:19:59, true, 0.0009, 0.0277, -0.0084, true
2018-10-05 11:20:01, 2018-10-05 11:20:59, true, 0.0023, 0.0040, 0.1335, true
2018-10-05 11:21:00, 2018-10-05 11:21:59, false, -0.0068, 0.0050, 0.1210, true
2018-10-05 11:22:01, 2018-10-05 11:22:59, true, 0.0068, 0.0081, -0.2491, true
2018-10-05 11:23:00, 2018-10-05 11:23:59, true, 0.0008, 0.0096, -0.0328, true
2018-10-05 11:24:00, 2018-10-05 11:24:59, true, 0.0030, 0.0064, 0.0948, true
2018-10-05 11:25:00, 2018-10-05 11:25:59, true, 0.0141, 0.0173, 0.1056, true
2018-10-05 11:26:00, 2018-10-05 11:26:59, true, 0.0620, 0.0807, 0.9382, true
2018-10-05 11:27:00, 2018-10-05 11:27:59, true, 0.0285, 0.0996, -0.3764, true
2018-10-05 11:28:00, 2018-10-05 11:28:59, true, 0.0329, 0.0630, -0.3181, true
2018-10-05 11:29:00, 2018-10-05 11:29:59, false, -0.0146, 0.0480, 0.2493, true
2018-10-05 11:30:00, 2018-10-05 11:30:58, false, -0.0064, 0.0123, -0.4116, true
2018-10-05 11:31:00, 2018-10-05 11:31:59, false, -0.0279, 0.0044, -0.1072, true
2018-10-05 11:32:01, 2018-10-05 11:32:59, false, -0.0155, 0.0035, 0.1636, true
2018-10-05 11:33:00, 2018-10-05 11:33:59, true, 0.0080, 0.0120, -0.2246, true
2018-10-05 11:34:01, 2018-10-05 11:34:59, false, 0.0000, 0.0144, 0.1484, true
2018-10-05 11:35:00, 2018-10-05 11:35:53, true, 0.0210, 0.0229, 0.0449, true
2018-10-05 11:36:00, 2018-10-05 11:36:58, true, 0.0068, 0.0279, -0.2121, true
2018-10-05 11:37:01, 2018-10-05 11:37:59, false, -0.0143, 0.0146, -0.0560, true
2018-10-05 11:38:00, 2018-10-05 11:38:59, false, -0.0061, 0.0071, 0.0412, true
2018-10-05 11:39:00, 2018-10-05 11:39:59, true, 0.0017, 0.0017, -0.0188, true
2018-10-05 11:40:00, 2018-10-05 11:40:59, false, -0.0035, 0.0044, -0.0377, true
2018-10-05 11:41:00, 2018-10-05 11:41:59, false, -0.0105, 0.0021, 0.0990, true
2018-10-05 11:42:00, 2018-10-05 11:42:59, false, -0.0014, 0.0055, -0.0568, true
2018-10-05 11:43:00, 2018-10-05 11:43:59, false, -0.0169, 0.0009, 0.2478, true
2018-10-05 11:44:00, 2018-10-05 11:44:59, true, 0.0033, 0.0141, -0.2165, true
2018-10-05 11:45:00, 2018-10-05 11:45:59, false, -0.0003, 0.0137, -0.0270, true
2018-10-05 11:46:00, 2018-10-05 11:46:59, true, 0.0044, 0.0050, 0.0623, true
2018-10-05 11:47:00, 2018-10-05 11:47:59, false, -0.0190, 0.0074, 0.0539, true
2018-10-05 11:48:01, 2018-10-05 11:48:59, false, -0.0011, 0.0047, 0.1276, true
2018-10-05 11:49:00, 2018-10-05 11:49:59, true, 0.0053, 0.0147, -0.1553, true
2018-10-05 11:50:00, 2018-10-05 11:50:58, false, -0.0176, 0.0185, 0.0498, true
2018-10-05 11:51:00, 2018-10-05 11:51:59, false, -0.0005, 0.0223, 0.0342, true
2018-10-05 11:52:00, 2018-10-05 11:52:59, true, 0.0161, 0.0210, 0.0951, true
2018-10-05 11:53:01, 2018-10-05 11:53:59, false, -0.0160, 0.0220, -0.2156, true
2018-10-05 11:54:00, 2018-10-05 11:54:59, true, 0.0088, 0.0114, 0.0270, true
2018-10-05 11:55:00, 2018-10-05 11:55:59, false, -0.0143, 0.0193, -0.0226, true
2018-10-05 11:56:00, 2018-10-05 11:56:59, true, 0.0181, 0.0190, -0.0559, true
2018-10-05 11:57:00, 2018-10-05 11:57:57, true, 0.0204, 0.0257, -0.0392, true
2018-10-05 11:58:00, 2018-10-05 11:58:59, false, -0.0088, 0.0284, 0.0640, true
2018-10-05 11:59:00, 2018-10-05 11:59:58, true, 0.0061, 0.0164, 0.2687, true
2018-10-05 12:00:00, 2018-10-05 12:00:59, true, 0.0032, 0.0117, -0.3539, true
2018-10-05 12:01:00, 2018-10-05 12:01:59, true, 0.0071, 0.0115, 0.0219, true
2018-10-05 12:02:00, 2018-10-05 12:02:59, false, -0.0056, 0.0138, 0.0205, true
2018-10-05 12:03:01, 2018-10-05 12:03:59, true, 0.0026, 0.0106, -0.0281, true
2018-10-05 12:04:00, 2018-10-05 12:04:59, true, 0.0038, 0.0152, 0.0492, true
2018-10-05 12:05:00, 2018-10-05 12:05:59, true, 0.0108, 0.0146, 0.2910, true
2018-10-05 12:06:01, 2018-10-05 12:06:59, false, -0.0002, 0.0179, -0.2453, true
2018-10-05 12:07:00, 2018-10-05 12:07:59, false, -0.0071, 0.0002, -0.0348, true
2018-10-05 12:08:00, 2018-10-05 12:08:59, false, -0.0011, 0.0067, -0.1136, true
2018-10-05 12:09:00, 2018-10-05 12:09:59, false, -0.0055, 0.0085, 0.0363, true
2018-10-05 12:10:00, 2018-10-05 12:10:59, true, 0.0088, 0.0193, 0.4997, true
2018-10-05 12:11:01, 2018-10-05 12:11:59, true, 0.0018, 0.0231, -0.4599, true
2018-10-05 12:12:00, 2018-10-05 12:12:59, false, -0.0047, 0.0036, -0.0778, true
2018-10-05 12:13:00, 2018-10-05 12:13:59, true, 0.0143, 0.0178, 0.0263, true
2018-10-05 12:14:00, 2018-10-05 12:14:59, true, 0.0009, 0.0175, 0.1391, true
2018-10-05 12:15:00, 2018-10-05 12:15:59, false, -0.0008, 0.0009, 0.0009, true
2018-10-05 12:16:00, 2018-10-05 12:16:59, true, 0.0024, 0.0190, 0.1330, true
2018-10-05 12:17:00, 2018-10-05 12:17:59, true, 0.0003, 0.0039, -0.1579, true
2018-10-05 12:18:00, 2018-10-05 12:18:59, true, 0.0005, 0.0023, 0.1976, true
2018-10-05 12:19:00, 2018-10-05 12:19:59, true, 0.0088, 0.0159, -0.3295, true
2018-10-05 12:20:00, 2018-10-05 12:20:59, true, 0.0044, 0.0138, 0.0056, true
2018-10-05 12:21:00, 2018-10-05 12:21:59, true, 0.0003, 0.0159, 0.2426, true
2018-10-05 12:22:00, 2018-10-05 12:22:59, false, -0.0134, 0.0015, -0.2185, true
2018-10-05 12:23:01, 2018-10-05 12:23:59, false, -0.0033, -0.0023, 0.0287, true
2018-10-05 12:24:02, 2018-10-05 12:24:59, true, 0.0087, 0.0100, -0.0399, true
2018-10-05 12:25:00, 2018-10-05 12:25:59, false, -0.0059, 0.0105, 0.1690, true
2018-10-05 12:26:00, 2018-10-05 12:26:59, true, 0.0005, 0.0131, 0.7429, true
2018-10-05 12:27:00, 2018-10-05 12:27:59, true, 0.0056, 0.0150, -0.9035, true
2018-10-05 12:28:00, 2018-10-05 12:28:59, false, -0.0018, 0.0140, 0.0099, true
2018-10-05 12:29:01, 2018-10-05 12:29:59, false, -0.0196, 0.0061, 0.8112, true
2018-10-05 12:30:00, 2018-10-05 12:30:59, false, -0.0017, 0.0067, -0.7731, true
2018-10-05 12:31:00, 2018-10-05 12:31:57, true, 0.0056, 0.0149, 0.0471, true
2018-10-05 12:32:00, 2018-10-05 12:32:58, false, -0.0062, 0.0077, 0.1420, true
2018-10-05 12:33:00, 2018-10-05 12:33:59, false, -0.0030, 0.0021, -0.1015, true
2018-10-05 12:34:00, 2018-10-05 12:34:59, false, -0.0030, 0.0023, 0.0354, true
2018-10-05 12:35:00, 2018-10-05 12:35:58, true, 0.0134, 0.0147, -0.1344, true
2018-10-05 12:36:00, 2018-10-05 12:36:59, false, -0.0135, 0.0137, -0.0284, true
2018-10-05 12:37:00, 2018-10-05 12:37:59, true, 0.0047, 0.0111, 0.0146, true
2018-10-05 12:38:00, 2018-10-05 12:38:59, true, 0.0017, 0.0068, -0.0096, true
2018-10-05 12:39:00, 2018-10-05 12:39:59, false, -0.0071, 0.0036, -0.0234, true
2018-10-05 12:40:00, 2018-10-05 12:40:59, true, 0.0100, 0.0166, 0.1952, true
2018-10-05 12:41:00, 2018-10-05 12:41:59, false, -0.0087, 0.0096, -0.0422, true
2018-10-05 12:42:00, 2018-10-05 12:42:59, false, -0.0023, 0.0035, -0.0103, true
2018-10-05 12:43:00, 2018-10-05 12:43:59, true, 0.0100, 0.0123, 0.1645, true
2018-10-05 12:44:00, 2018-10-05 12:44:59, false, -0.0006, 0.0123, -0.2799, true
2018-10-05 12:45:00, 2018-10-05 12:45:59, false, -0.0114, 0.0143, 0.1167, true
2018-10-05 12:46:00, 2018-10-05 12:46:59, false, -0.0020, 0.0071, 0.0301, true
2018-10-05 12:47:01, 2018-10-05 12:47:59, true, 0.0082, 0.0114, 0.5677, true
2018-10-05 12:48:00, 2018-10-05 12:48:59, true, 0.0023, 0.0094, -0.6072, true
2018-10-05 12:49:00, 2018-10-05 12:49:59, false, -0.0081, 0.0029, 0.1630, true
2018-10-05 12:50:00, 2018-10-05 12:50:59, false, -0.0011, 0.0029, -0.0670, true
2018-10-05 12:51:00, 2018-10-05 12:51:59, false, -0.0002, 0.0091, -0.0093, true
2018-10-05 12:52:00, 2018-10-05 12:52:59, true, 0.0006, 0.0018, -0.1555, true
2018-10-05 12:53:00, 2018-10-05 12:53:59, true, 0.0053, 0.0070, 0.2054, true
2018-10-05 12:54:00, 2018-10-05 12:54:59, true, 0.0008, 0.0112, -0.0269, true
2018-10-05 12:55:00, 2018-10-05 12:55:59, true, 0.0021, 0.0058, -0.0030, true
2018-10-05 12:56:00, 2018-10-05 12:56:59, false, -0.0015, 0.0055, -0.1941, true
2018-10-05 12:57:00, 2018-10-05 12:57:59, true, 0.0061, 0.0061, 0.1447, true
2018-10-05 12:58:00, 2018-10-05 12:58:59, false, -0.0077, 0.0079, -0.0940, true
2018-10-05 12:59:00, 2018-10-05 12:59:59, true, 0.0014, 0.0076, 0.0336, true
2018-10-05 13:00:00, 2018-10-05 13:00:59, true, 0.0097, 0.0111, -0.0670, true
2018-10-05 13:01:00, 2018-10-05 13:01:59, true, 0.0058, 0.0159, 0.0866, true
2018-10-05 13:02:00, 2018-10-05 13:02:59, true, 0.0879, 0.0987, 2.4149, true
2018-10-05 13:03:00, 2018-10-05 13:03:58, false, -0.0176, 0.0974, -1.9540, true
2018-10-05 13:04:00, 2018-10-05 13:04:59, false, -0.0047, 0.0258, -0.4043, true
2018-10-05 13:05:00, 2018-10-05 13:05:59, true, 0.0027, 0.0161, 0.1663, true
2018-10-05 13:06:00, 2018-10-05 13:06:59, false, -0.0366, 0.0077, 0.5149, true
2018-10-05 13:07:00, 2018-10-05 13:07:59, false, -0.0655, 0.0166, 0.4895, true
2018-10-05 13:08:00, 2018-10-05 13:08:58, false, -0.0073, 0.0029, -1.2359, true
2018-10-05 13:09:00, 2018-10-05 13:09:59, true, 0.0015, 0.0065, -0.0969, true
2018-10-05 13:10:01, 2018-10-05 13:10:59, false, -0.0009, 0.0058, 0.0047, true
2018-10-05 13:11:00, 2018-10-05 13:11:59, true, 0.0129, 0.0155, 0.0776, true
2018-10-05 13:12:00, 2018-10-05 13:12:59, false, -0.0039, 0.0134, 0.0062, true
2018-10-05 13:13:00, 2018-10-05 13:13:59, true, 0.0023, 0.0070, 0.0118, true
2018-10-05 13:14:00, 2018-10-05 13:14:59, false, -0.0081, 0.0067, 0.2215, true
2018-10-05 13:15:00, 2018-10-05 13:15:59, false, -0.0012, 0.0163, -0.2327, true
2018-10-05 13:16:00, 2018-10-05 13:16:59, false, -0.0128, -0.0088, 0.0615, true
2018-10-05 13:17:00, 2018-10-05 13:17:59, false, -0.0214, 0.0036, -0.1395, true
2018-10-05 13:18:00, 2018-10-05 13:18:59, false, -0.0236, 0.0030, -0.0192, true
2018-10-05 13:19:00, 2018-10-05 13:19:59, false, -0.0327, 0.0000, 0.2124, true
2018-10-05 13:20:00, 2018-10-05 13:20:59, false, -0.0639, 0.0023, 0.3259, true
2018-10-05 13:21:00, 2018-10-05 13:21:59, true, 0.0176, 0.0199, -0.3558, true
2018-10-05 13:22:00, 2018-10-05 13:22:59, false, -0.0078, 0.0373, -0.1632, true
2018-10-05 13:23:01, 2018-10-05 13:23:59, false, -0.0065, 0.0035, -0.0081, true
2018-10-05 13:24:00, 2018-10-05 13:24:58, true, 0.0075, 0.0102, 0.2185, true
2018-10-05 13:25:00, 2018-10-05 13:25:59, true, 0.0102, 0.0262, -0.1334, true
2018-10-05 13:26:00, 2018-10-05 13:26:59, true, 0.0023, 0.0202, 0.0322, true
2018-10-05 13:27:00, 2018-10-05 13:27:59, true, 0.0125, 0.0154, -0.1316, true
2018-10-05 13:28:00, 2018-10-05 13:28:59, true, 0.0033, 0.0231, -0.0408, true
2018-10-05 13:29:00, 2018-10-05 13:29:58, true, 0.0079, 0.0175, 0.1901, true
2018-10-05 13:30:00, 2018-10-05 13:30:59, false, -0.0043, 0.0160, -0.1205, true
2018-10-05 13:31:00, 2018-10-05 13:31:59, false, -0.0009, 0.0041, -0.0843, true
2018-10-05 13:32:00, 2018-10-05 13:32:59, true, 0.0097, 0.0108, 0.1691, true
2018-10-05 13:33:00, 2018-10-05 13:33:59, false, -0.0078, 0.0103, -0.0805, true
2018-10-05 13:34:00, 2018-10-05 13:34:59, false, -0.0008, 0.0002, -0.1059, true
2018-10-05 13:35:00, 2018-10-05 13:35:58, false, -0.0050, 0.0043, 0.2706, true
2018-10-05 13:36:01, 2018-10-05 13:36:58, false, -0.0245, 0.0023, -0.1984, true
2018-10-05 13:37:00, 2018-10-05 13:37:59, false, -0.0067, 0.0040, 0.0158, true
2018-10-05 13:38:00, 2018-10-05 13:38:58, true, 0.0108, 0.0116, -0.0999, true
2018-10-05 13:39:00, 2018-10-05 13:39:59, false, -0.0090, 0.0108, 0.0878, true
2018-10-05 13:40:00, 2018-10-05 13:40:59, true, 0.0096, 0.0138, 0.0811, true
2018-10-05 13:41:00, 2018-10-05 13:41:59, true, 0.0024, 0.0129, -0.0027, true
2018-10-05 13:42:00, 2018-10-05 13:42:59, true, 0.0040, 0.0113, -0.1479, true
2018-10-05 13:43:00, 2018-10-05 13:43:59, true, 0.0073, 0.0114, 0.4142, true
2018-10-05 13:44:00, 2018-10-05 13:44:59, true, 0.0071, 0.0181, -0.3602, true
2018-10-05 13:45:00, 2018-10-05 13:45:58, false, -0.0021, 0.0093, -0.0181, true
2018-10-05 13:46:00, 2018-10-05 13:46:59, true, 0.0119, 0.0126, -0.0064, true
2018-10-05 13:47:00, 2018-10-05 13:47:59, true, 0.0011, 0.0201, 0.0672, true
2018-10-05 13:48:00, 2018-10-05 13:48:58, true, 0.0003, 0.0035, -0.0324, true
2018-10-05 13:49:01, 2018-10-05 13:49:59, true, 0.0128, 0.0204, -0.0414, true
2018-10-05 13:50:00, 2018-10-05 13:50:59, true, 0.0002, 0.0190, 0.0671, true
2018-10-05 13:51:00, 2018-10-05 13:51:59, false, -0.0046, 0.0023, -0.0049, true
2018-10-05 13:52:00, 2018-10-05 13:52:58, true, 0.0043, 0.0061, -0.0709, true
2018-10-05 13:53:00, 2018-10-05 13:53:59, true, 0.0015, 0.0099, 0.0318, true
2018-10-05 13:54:00, 2018-10-05 13:54:59, true, 0.0038, 0.0152, 0.1066, true
2018-10-05 13:55:01, 2018-10-05 13:55:58, false, -0.0014, 0.0065, -0.1475, true
2018-10-05 13:56:00, 2018-10-05 13:56:59, true, 0.0056, 0.0062, 0.1356, true
2018-10-05 13:57:00, 2018-10-05 13:57:59, false, -0.0035, 0.0062, -0.0737, true
2018-10-05 13:58:01, 2018-10-05 13:58:58, true, 0.0052, 0.0052, 0.1721, true
2018-10-05 13:59:00, 2018-10-05 13:59:59, true, 0.0081, 0.0166, -0.0517, true
2018-10-05 14:00:00, 2018-10-05 14:00:58, true, 0.0012, 0.0113, -0.1710, true
2018-10-05 14:01:00, 2018-10-05 14:01:59, false, -0.0023, 0.0026, 0.0138, true
2018-10-05 14:02:00, 2018-10-05 14:02:58, false, -0.0546, 0.0000, 0.0138, true
2018-10-05 14:03:00, 2018-10-05 14:03:59, true, 0.0033, 0.0035, -0.0078, true
2018-10-05 14:04:00, 2018-10-05 14:04:59, false, -0.0008, 0.0090, 0.1018, true
2018-10-05 14:05:00, 2018-10-05 14:05:59, true, 0.0024, 0.0117, 0.0628, true
2018-10-05 14:06:00, 2018-10-05 14:06:59, false, -0.0030, 0.0070, -0.0599, true
2018-10-05 14:07:01, 2018-10-05 14:07:59, false, -0.0485, 0.0055, -0.1222, true
2018-10-05 14:08:00, 2018-10-05 14:08:59, true, 0.0107, 0.0180, 0.1578, true
2018-10-05 14:09:00, 2018-10-05 14:09:58, true, 0.0049, 0.0161, 0.0286, true
2018-10-05 14:10:00, 2018-10-05 14:10:59, false, -0.0163, 0.0065, -0.1038, true
2018-10-05 14:11:00, 2018-10-05 14:11:59, true, 0.0009, 0.0138, 0.0837, true
2018-10-05 14:12:00, 2018-10-05 14:12:58, false, -0.0469, 0.0078, -0.1168, true
2018-10-05 14:13:00, 2018-10-05 14:13:59, true, 0.1286, 0.1290, 0.0605, false
2018-10-05 14:14:01, 2018-10-05 14:14:58, false, -0.0307, 0.1370, -0.0514, true
2018-10-05 14:15:00, 2018-10-05 14:15:59, false, -0.0053, 0.0020, 0.2444, true
2018-10-05 14:16:00, 2018-10-05 14:16:59, true, 0.0011, 0.0186, -0.0482, true
2018-10-05 14:17:00, 2018-10-05 14:17:59, false, -0.0050, 0.0024, -0.1603, true
2018-10-05 14:18:00, 2018-10-05 14:18:59, false, -0.0330, 0.0129, 0.2566, true
2018-10-05 14:19:00, 2018-10-05 14:19:59, false, -0.0125, 0.0312, -0.0388, true
2018-10-05 14:20:00, 2018-10-05 14:20:59, false, -0.0044, 0.0033, 0.5318, true
2018-10-05 14:21:00, 2018-10-05 14:21:59, false, -0.0029, 0.0005, -0.6628, true
2018-10-05 14:22:01, 2018-10-05 14:22:58, true, 0.0008, 0.0050, -0.1502, true
2018-10-05 14:23:00, 2018-10-05 14:23:59, false, -0.0011, 0.0012, 0.0251, true
2018-10-05 14:24:00, 2018-10-05 14:24:59, true, 0.0040, 0.0067, 0.0385, true
2018-10-05 14:25:00, 2018-10-05 14:25:59, false, -0.0009, 0.0055, 0.0717, true
2018-10-05 14:26:01, 2018-10-05 14:26:59, false, 0.0000, 0.0038, -0.0647, true
2018-10-05 14:27:00, 2018-10-05 14:27:59, false, -0.0145, -0.0081, 0.1790, true
2018-10-05 14:28:00, 2018-10-05 14:28:59, false, -0.0192, 0.0000, -0.2039, true
2018-10-05 14:29:00, 2018-10-05 14:29:59, false, -0.0379, 0.0062, 0.2789, true
2018-10-05 14:30:00, 2018-10-05 14:30:59, false, -0.0003, 0.0024, -0.2446, true
2018-10-05 14:31:01, 2018-10-05 14:31:59, true, 0.0069, 0.0075, -0.0411, true
2018-10-05 14:32:00, 2018-10-05 14:32:59, false, -0.0012, 0.0075, -0.0094, true
2018-10-05 14:33:00, 2018-10-05 14:33:59, true, 0.0050, 0.0058, -0.0370, true
2018-10-05 14:34:00, 2018-10-05 14:34:59, false, -0.0488, 0.0050, 0.2640, true
2018-10-05 14:35:00, 2018-10-05 14:35:59, true, 0.0892, 0.0926, -0.2358, true
2018-10-05 14:36:00, 2018-10-05 14:36:59, false, -0.0049, 0.0895, 0.1012, true
2018-10-05 14:37:00, 2018-10-05 14:37:59, false, -0.0008, 0.0295, -0.0537, true
2018-10-05 14:38:00, 2018-10-05 14:38:59, true, 0.0043, 0.0119, -0.0824, true
2018-10-05 14:39:01, 2018-10-05 14:39:59, false, -0.0123, 0.0043, 0.1366, true
2018-10-05 14:40:00, 2018-10-05 14:40:59, true, 0.0076, 0.0082, -0.0338, true
2018-10-05 14:41:01, 2018-10-05 14:41:59, true, 0.0050, 0.0137, -0.1047, true
2018-10-05 14:42:00, 2018-10-05 14:42:59, true, 0.0005, 0.0056, 0.0215, true
2018-10-05 14:43:00, 2018-10-05 14:43:59, false, -0.0008, 0.0052, 0.0875, true
2018-10-05 14:44:02, 2018-10-05 14:44:59, true, 0.0087, 0.0114, -0.0834, true
2018-10-05 14:45:00, 2018-10-05 14:45:59, false, -0.0008, 0.0122, 0.0779, true
2018-10-05 14:46:01, 2018-10-05 14:46:59, false, -0.0029, 0.0027, 0.0274, true
2018-10-05 14:47:00, 2018-10-05 14:47:58, true, 0.0003, 0.0049, -0.1442, true
2018-10-05 14:48:00, 2018-10-05 14:48:59, true, 0.0087, 0.0096, 0.0556, true
2018-10-05 14:49:00, 2018-10-05 14:49:58, true, 0.0008, 0.0102, 0.2330, true
2018-10-05 14:50:00, 2018-10-05 14:50:59, true, 0.0043, 0.0085, -0.1626, true
2018-10-05 14:51:00, 2018-10-05 14:51:59, false, -0.0014, 0.0059, 0.0694, true
2018-10-05 14:52:00, 2018-10-05 14:52:59, false, -0.0085, 0.0037, 0.0820, true
2018-10-05 14:53:00, 2018-10-05 14:53:59, false, -0.0030, 0.0033, -0.1104, true
2018-10-05 14:54:00, 2018-10-05 14:54:58, true, 0.0090, 0.0094, -0.1169, true
2018-10-05 14:55:02, 2018-10-05 14:55:59, true, 0.0053, 0.0149, 0.0595, true
2018-10-05 14:56:00, 2018-10-05 14:56:59, false, -0.0020, 0.0081, -0.0525, true
2018-10-05 14:57:00, 2018-10-05 14:57:59, true, 0.0087, 0.0091, -0.0094, true
2018-10-05 14:58:00, 2018-10-05 14:58:59, true, 0.0024, 0.0139, 0.0266, true
2018-10-05 14:59:00, 2018-10-05 14:59:59, true, 0.0122, 0.0350, 0.3704, true
2018-10-05 15:00:00, 2018-10-05 15:00:59, false, -0.0120, 0.0166, -0.4165, true
2018-10-05 15:01:00, 2018-10-05 15:01:59, false, -0.0026, 0.0017, -0.0173, true
2018-10-05 15:02:00, 2018-10-05 15:02:58, true, 0.0046, 0.0131, 0.0548, true
2018-10-05 15:03:00, 2018-10-05 15:03:59, false, -0.0065, 0.0099, 0.0630, true
2018-10-05 15:04:00, 2018-10-05 15:04:58, false, -0.0044, 0.0047, -0.0728, true
2018-10-05 15:05:00, 2018-10-05 15:05:59, false, -0.0160, 0.0006, 0.5564, true
2018-10-05 15:06:00, 2018-10-05 15:06:59, false, -0.0175, 0.0011, -0.4135, true
2018-10-05 15:07:00, 2018-10-05 15:07:59, false, -0.0005, 0.0151, -0.0734, true
2018-10-05 15:08:00, 2018-10-05 15:08:59, true, 0.0058, 0.0122, -0.0770, true
2018-10-05 15:09:00, 2018-10-05 15:09:59, false, -0.0012, 0.0114, 0.0143, true
2018-10-05 15:10:00, 2018-10-05 15:10:59, true, 0.0324, 0.0384, 0.3120, true
2018-10-05 15:11:00, 2018-10-05 15:11:59, true, 0.0947, 0.1275, -0.0613, true
2018-10-05 15:12:00, 2018-10-05 15:12:59, false, -0.0526, 0.1041, -0.2833, true
2018-10-05 15:13:00, 2018-10-05 15:13:59, true, 0.0014, 0.0070, -0.0543, true
2018-10-05 15:14:00, 2018-10-05 15:14:59, true, 0.0068, 0.0097, 0.0079, true
2018-10-05 15:15:00, 2018-10-05 15:15:59, false, -0.0078, 0.0067, 0.0767, true
2018-10-05 15:16:00, 2018-10-05 15:16:59, false, -0.0064, 0.0014, -0.0951, true
2018-10-05 15:17:00, 2018-10-05 15:17:59, true, 0.0053, 0.0084, 0.1465, true
2018-10-05 15:18:00, 2018-10-05 15:18:59, true, 0.0111, 0.0199, -0.0949, true
2018-10-05 15:19:00, 2018-10-05 15:19:57, true, 0.0055, 0.0254, -0.0195, true
2018-10-05 15:20:00, 2018-10-05 15:20:59, true, 0.0306, 0.0523, 0.5453, true
2018-10-05 15:21:00, 2018-10-05 15:21:59, false, -0.0075, 0.0388, -0.2135, true
2018-10-05 15:22:00, 2018-10-05 15:22:59, false, -0.0256, 0.0046, 0.0834, true
2018-10-05 15:23:01, 2018-10-05 15:23:59, true, 0.0131, 0.0132, -0.3313, true
2018-10-05 15:24:00, 2018-10-05 15:24:59, false, -0.0123, 0.0070, -0.0184, true
2018-10-05 15:25:00, 2018-10-05 15:25:59, true, 0.0119, 0.0149, 0.0006, true
2018-10-05 15:26:00, 2018-10-05 15:26:58, false, -0.0055, 0.0123, 0.0093, true
2018-10-05 15:27:00, 2018-10-05 15:27:59, true, 0.0068, 0.0160, -0.0344, true
2018-10-05 15:28:00, 2018-10-05 15:28:59, true, 0.0132, 0.0280, 0.1189, true
2018-10-05 15:29:00, 2018-10-05 15:29:59, false, -0.0053, 0.0138, -0.0678, true
2018-10-05 15:30:00, 2018-10-05 15:30:59, false, -0.0029, 0.0032, 0.2298, true
2018-10-05 15:31:00, 2018-10-05 15:31:59, true, 0.0033, 0.0064, -0.2426, true
2018-10-05 15:32:00, 2018-10-05 15:32:59, false, -0.0075, 0.0078, 0.0465, true
2018-10-05 15:33:00, 2018-10-05 15:33:59, true, 0.0003, 0.0005, -0.0141, true
2018-10-05 15:34:00, 2018-10-05 15:34:59, false, -0.0024, 0.0183, -0.0370, true
2018-10-05 15:35:00, 2018-10-05 15:35:59, false, -0.0061, 0.0017, -0.1129, true
2018-10-05 15:36:00, 2018-10-05 15:36:59, true, 0.0037, 0.0056, 0.0190, true
2018-10-05 15:37:00, 2018-10-05 15:37:59, false, -0.0097, 0.0082, 0.1107, true
2018-10-05 15:38:00, 2018-10-05 15:38:59, false, -0.0189, 0.0059, -0.0169, true
2018-10-05 15:39:00, 2018-10-05 15:39:59, false, -0.0093, 0.0012, 0.1512, true
2018-10-05 15:40:00, 2018-10-05 15:40:59, true, 0.0062, 0.0062, -0.1775, true
2018-10-05 15:41:00, 2018-10-05 15:41:59, true, 0.0096, 0.0190, 0.3452, true
2018-10-05 15:42:00, 2018-10-05 15:42:59, true, 0.0081, 0.0195, -0.2904, true
2018-10-05 15:43:00, 2018-10-05 15:43:58, true, 0.0073, 0.0172, 0.0385, true
2018-10-05 15:44:00, 2018-10-05 15:44:59, true, 0.0020, 0.0103, -0.0239, true
2018-10-05 15:45:00, 2018-10-05 15:45:59, true, 0.0029, 0.0055, -0.0960, true
2018-10-05 15:46:00, 2018-10-05 15:46:59, true, 0.0009, 0.0052, 0.0018, true
2018-10-05 15:47:00, 2018-10-05 15:47:59, true, 0.0003, 0.0017, 0.0242, true
2018-10-05 15:48:00, 2018-10-05 15:48:59, false, -0.0052, 0.0050, -0.0444, true
2018-10-05 15:49:00, 2018-10-05 15:49:59, true, 0.0029, 0.0122, 0.5850, true
2018-10-05 15:50:00, 2018-10-05 15:50:57, true, 0.0050, 0.0113, -0.0380, true
2018-10-05 15:51:00, 2018-10-05 15:51:59, false, -0.0146, 0.0067, -0.5357, true
2018-10-05 15:52:00, 2018-10-05 15:52:59, true, 0.0011, 0.0076, -0.0610, true
2018-10-05 15:53:00, 2018-10-05 15:53:59, false, -0.0120, 0.0056, 0.0981, true
2018-10-05 15:54:00, 2018-10-05 15:54:59, true, 0.0023, 0.0076, -0.0825, true
2018-10-05 15:55:00, 2018-10-05 15:55:59, false, -0.0015, 0.0149, 0.0151, true
2018-10-05 15:56:00, 2018-10-05 15:56:59, false, -0.0002, 0.0009, 0.0105, true
2018-10-05 15:57:00, 2018-10-05 15:57:59, false, -0.0046, 0.0082, 0.1094, true
2018-10-05 15:58:00, 2018-10-05 15:58:59, true, 0.0003, 0.0008, -0.0062, true
2018-10-05 15:59:00, 2018-10-05 15:59:59, true, 0.0148, 0.0158, 0.3278, true
2018-10-05 16:00:00, 2018-10-05 16:00:59, true, 0.0348, 0.0619, -0.1721, true
2018-10-05 16:01:00, 2018-10-05 16:01:58, false, -0.0021, 0.0360, -0.2310, true
2018-10-05 16:02:00, 2018-10-05 16:02:59, true, 0.0014, 0.0049, 0.0532, true
2018-10-05 16:03:00, 2018-10-05 16:03:59, true, 0.0027, 0.0081, 0.0342, true
2018-10-05 16:04:00, 2018-10-05 16:04:59, true, 0.0005, 0.0096, -0.0655, true
2018-10-05 16:05:01, 2018-10-05 16:05:59, true, 0.0023, 0.0058, -0.0590, true
2018-10-05 16:06:00, 2018-10-05 16:06:59, true, 0.0055, 0.0090, 0.1669, true
2018-10-05 16:07:01, 2018-10-05 16:07:58, false, -0.0020, 0.0064, -0.0331, true
2018-10-05 16:08:00, 2018-10-05 16:08:58, true, 0.0103, 0.0147, 0.0906, true
2018-10-05 16:09:00, 2018-10-05 16:09:59, true, 0.0090, 0.0236, 0.1008, true
2018-10-05 16:10:00, 2018-10-05 16:10:59, true, 0.0036, 0.0132, -0.1779, true
2018-10-05 16:11:00, 2018-10-05 16:11:59, false, -0.0090, 0.0128, 0.0891, true
2018-10-05 16:12:00, 2018-10-05 16:12:59, true, 0.0120, 0.0228, 0.0184, true
2018-10-05 16:13:00, 2018-10-05 16:13:59, true, 0.0243, 0.0371, 0.1030, true
2018-10-05 16:14:00, 2018-10-05 16:14:59, true, 0.0280, 0.0489, 0.3066, true
2018-10-05 16:15:00, 2018-10-05 16:15:59, true, 0.0163, 0.0489, -0.4794, true
2018-10-05 16:16:00, 2018-10-05 16:16:59, false, -0.0105, 0.0169, -0.0381, true
2018-10-05 16:17:00, 2018-10-05 16:17:59, false, -0.0111, 0.0026, 0.0817, true
2018-10-05 16:18:00, 2018-10-05 16:18:58, false, -0.0015, 0.0059, -0.1182, true
2018-10-05 16:19:00, 2018-10-05 16:19:59, false, -0.0020, 0.0073, -0.0163, true
2018-10-05 16:20:00, 2018-10-05 16:20:59, true, 0.0009, 0.0047, -0.0583, true
2018-10-05 16:21:00, 2018-10-05 16:21:59, false, -0.0052, 0.0091, 0.2278, true
2018-10-05 16:22:00, 2018-10-05 16:22:59, false, -0.0008, 0.0026, -0.0921, true
2018-10-05 16:23:00, 2018-10-05 16:23:59, true, 0.0006, 0.0062, -0.0232, true
2018-10-05 16:24:00, 2018-10-05 16:24:59, true, 0.0059, 0.0070, -0.0536, true
2018-10-05 16:25:00, 2018-10-05 16:25:59, true, 0.0036, 0.0100, -0.0153, true
2018-10-05 16:26:00, 2018-10-05 16:26:59, false, -0.0033, 0.0084, 0.0857, true
2018-10-05 16:27:00, 2018-10-05 16:27:59, false, -0.0017, 0.0000, -0.0126, true
2018-10-05 16:28:00, 2018-10-05 16:28:57, false, -0.0198, 0.0006, -0.0644, true
2018-10-05 16:29:00, 2018-10-05 16:29:59, false, -0.0008, 0.0084, 0.5489, true
2018-10-05 16:30:00, 2018-10-05 16:30:58, true, 0.0003, 0.0076, -0.3890, true
2018-10-05 16:31:00, 2018-10-05 16:31:59, false, -0.0087, 0.0084, -0.0894, true
2018-10-05 16:32:00, 2018-10-05 16:32:59, true, 0.0038, 0.0046, -0.0810, true
2018-10-05 16:33:00, 2018-10-05 16:33:59, true, 0.0014, 0.0073, 0.1400, true
2018-10-05 16:34:00, 2018-10-05 16:34:59, false, -0.0058, 0.0082, 0.1087, true
2018-10-05 16:35:00, 2018-10-05 16:35:59, false, -0.0002, 0.0009, -0.1388, true
2018-10-05 16:36:00, 2018-10-05 16:36:59, false, -0.0059, 0.0073, -0.0152, true
2018-10-05 16:37:01, 2018-10-05 16:37:59, true, 0.0046, 0.0047, -0.0757, true
2018-10-05 16:38:00, 2018-10-05 16:38:59, true, 0.0030, 0.0103, 0.0862, true
2018-10-05 16:39:00, 2018-10-05 16:39:59, false, -0.0029, 0.0064, -0.0582, true
2018-10-05 16:40:00, 2018-10-05 16:40:59, true, 0.0096, 0.0114, -0.1208, true
2018-10-05 16:41:00, 2018-10-05 16:41:57, true, 0.0082, 0.0179, 0.0260, true
2018-10-05 16:42:00, 2018-10-05 16:42:59, true, 0.0018, 0.0131, 0.0743, true
2018-10-05 16:43:00, 2018-10-05 16:43:59, true, 0.0055, 0.0087, 0.0296, true
2018-10-05 16:44:00, 2018-10-05 16:44:59, true, 0.0035, 0.0111, -0.0928, true
2018-10-05 16:45:00, 2018-10-05 16:45:59, false, -0.0114, 0.0052, -0.0002, true
2018-10-05 16:46:00, 2018-10-05 16:46:59, false, -0.0030, 0.0029, -0.0292, true
2018-10-05 16:47:01, 2018-10-05 16:47:59, true, 0.0017, 0.0032, 0.0372, true
2018-10-05 16:48:00, 2018-10-05 16:48:59, false, -0.0038, 0.0059, 0.0214, true
2018-10-05 16:49:00, 2018-10-05 16:49:59, true, 0.0053, 0.0116, 0.0862, true
2018-10-05 16:50:00, 2018-10-05 16:50:58, false, -0.0071, 0.0122, -0.0550, true
2018-10-05 16:51:00, 2018-10-05 16:51:59, true, 0.0023, 0.0058, -0.1033, true
2018-10-05 16:52:00, 2018-10-05 16:52:59, false, -0.0027, 0.0041, -0.0191, true
2018-10-05 16:53:00, 2018-10-05 16:53:59, false, -0.0073, 0.0038, 0.1059, true
2018-10-05 16:54:00, 2018-10-05 16:54:59, true, 0.0100, 0.0181, 0.0377, true
2018-10-05 16:55:01, 2018-10-05 16:55:59, false, -0.0040, 0.0071, -0.1120, true
2018-10-05 16:56:00, 2018-10-05 16:56:59, true, 0.0003, 0.0070, 0.0079, true
2018-10-05 16:57:00, 2018-10-05 16:57:59, true, 0.0002, 0.0021, 0.0467, true
2018-10-05 16:58:01, 2018-10-05 16:58:59, true, 0.0155, 0.0195, 0.0722, true
2018-10-05 16:59:00, 2018-10-05 16:59:59, true, 0.0126, 0.0533, 3.6199, true
2018-10-05 17:00:00, 2018-10-05 17:00:59, true, 0.0191, 0.0418, -3.6943, true
2018-10-05 17:01:00, 2018-10-05 17:01:59, true, 0.0023, 0.0179, 0.0068, true
2018-10-05 17:02:00, 2018-10-05 17:02:59, true, 0.0041, 0.0073, -0.0536, true
2018-10-05 17:03:01, 2018-10-05 17:03:58, false, -0.0091, 0.0047, 0.1001, true
2018-10-05 17:04:01, 2018-10-05 17:04:59, false, -0.0014, 0.0052, -0.0757, true
2018-10-05 17:05:00, 2018-10-05 17:05:59, true, 0.0015, 0.0053, 0.1469, true
2018-10-05 17:06:00, 2018-10-05 17:06:59, false, -0.0026, 0.0014, 0.0009, true
2018-10-05 17:07:00, 2018-10-05 17:07:59, true, 0.0194, 0.0576, 0.8237, true
2018-10-05 17:08:00, 2018-10-05 17:08:59, false, -0.0005, 0.0254, -0.9421, true
2018-10-05 17:09:00, 2018-10-05 17:09:59, true, 0.0049, 0.0062, 0.0770, true
2018-10-05 17:10:00, 2018-10-05 17:10:59, true, 0.0173, 0.0222, 0.0670, true
2018-10-05 17:11:00, 2018-10-05 17:11:59, false, -0.0137, 0.0182, 0.5323, true
2018-10-05 17:12:00, 2018-10-05 17:12:58, false, -0.0091, 0.0342, -0.6558, true
2018-10-05 17:13:00, 2018-10-05 17:13:59, false, -0.0188, -0.0003, 0.0167, true
2018-10-05 17:14:00, 2018-10-05 17:14:59, false, -0.0033, 0.0041, -0.0494, true
2018-10-05 17:15:00, 2018-10-05 17:15:59, true, 0.0084, 0.0090, 0.0914, true
2018-10-05 17:16:01, 2018-10-05 17:16:59, true, 0.0014, 0.0138, -0.1015, true
2018-10-05 17:17:00, 2018-10-05 17:17:59, false, -0.0100, 0.0015, 0.1472, true
2018-10-05 17:18:00, 2018-10-05 17:18:59, false, -0.0059, 0.0023, 0.1888, true
2018-10-05 17:19:01, 2018-10-05 17:19:59, true, 0.0002, 0.0070, -0.2908, true
2018-10-05 17:20:00, 2018-10-05 17:20:59, false, -0.0082, 0.0036, 0.0242, true
2018-10-05 17:21:00, 2018-10-05 17:21:59, true, 0.0006, 0.0126, 0.0629, true
2018-10-05 17:22:00, 2018-10-05 17:22:59, false, -0.0021, 0.0006, -0.1521, true
2018-10-05 17:23:00, 2018-10-05 17:23:59, false, -0.0026, 0.0024, 0.0738, true
2018-10-05 17:24:00, 2018-10-05 17:24:59, true, 0.0093, 0.0182, -0.0570, true
2018-10-05 17:25:00, 2018-10-05 17:25:59, false, 0.0000, 0.0156, 0.0199, true
2018-10-05 17:26:00, 2018-10-05 17:26:59, true, 0.0005, 0.0020, -0.0611, true
2018-10-05 17:27:00, 2018-10-05 17:27:59, false, -0.0202, 0.0030, 0.0459, true
2018-10-05 17:28:00, 2018-10-05 17:28:59, false, -0.0085, 0.0014, -0.0065, true
2018-10-05 17:29:00, 2018-10-05 17:29:59, true, 0.0023, 0.0059, 0.2430, true
2018-10-05 17:30:00, 2018-10-05 17:30:59, true, 0.0176, 0.0261, -0.1740, true
2018-10-05 17:31:00, 2018-10-05 17:31:59, false, -0.0389, 0.0149, 0.2044, true
2018-10-05 17:32:00, 2018-10-05 17:32:59, true, 0.0065, 0.0126, -0.2740, true
2018-10-05 17:33:00, 2018-10-05 17:33:59, false, -0.0006, 0.0071, 0.0375, true
2018-10-05 17:34:03, 2018-10-05 17:34:58, false, -0.0114, 0.0009, 0.0980, true
2018-10-05 17:35:00, 2018-10-05 17:35:59, false, -0.0076, 0.0002, -0.0857, true
2018-10-05 17:36:00, 2018-10-05 17:36:59, true, 0.0005, 0.0020, 0.0204, true
2018-10-05 17:37:00, 2018-10-05 17:37:58, false, -0.0190, 0.0075, 0.0100, true
2018-10-05 17:38:00, 2018-10-05 17:38:59, true, 0.0091, 0.0091, 0.2018, true
2018-10-05 17:39:00, 2018-10-05 17:39:59, false, -0.0036, 0.0103, -0.2656, true
2018-10-05 17:40:00, 2018-10-05 17:40:59, false, -0.0132, 0.0003, 0.0868, true
2018-10-05 17:41:00, 2018-10-05 17:41:59, false, -0.0006, 0.0061, -0.0748, true
2018-10-05 17:42:00, 2018-10-05 17:42:59, true, 0.0070, 0.0087, 0.2738, true
2018-10-05 17:43:01, 2018-10-05 17:43:59, false, -0.0017, 0.0070, -0.2764, true
2018-10-05 17:44:00, 2018-10-05 17:44:58, false, -0.0032, 0.0014, 0.0718, true
2018-10-05 17:45:00, 2018-10-05 17:45:59, true, 0.0062, 0.0102, -0.0523, true
2018-10-05 17:46:00, 2018-10-05 17:46:59, false, -0.0021, 0.0087, 0.0111, true
2018-10-05 17:47:00, 2018-10-05 17:47:59, false, -0.0036, 0.0008, -0.0280, true
2018-10-05 17:48:00, 2018-10-05 17:48:59, false, -0.0015, 0.0064, 0.0467, true
2018-10-05 17:49:00, 2018-10-05 17:49:59, false, -0.0046, 0.0026, 0.0067, true
2018-10-05 17:50:00, 2018-10-05 17:50:59, true, 0.0120, 0.0143, -0.1004, true
2018-10-05 17:51:00, 2018-10-05 17:51:59, false, -0.0033, 0.0131, 0.0940, true
2018-10-05 17:52:00, 2018-10-05 17:52:59, false, -0.0081, 0.0055, -0.0563, true
2018-10-05 17:53:00, 2018-10-05 17:53:59, true, 0.0058, 0.0094, -0.0202, true
2018-10-05 17:54:01, 2018-10-05 17:54:59, false, -0.0103, 0.0059, -0.0003, true
2018-10-05 17:55:00, 2018-10-05 17:55:59, true, 0.0046, 0.0106, 0.0558, true
2018-10-05 17:56:00, 2018-10-05 17:56:59, true, 0.0008, 0.0160, 0.1623, true
2018-10-05 17:57:00, 2018-10-05 17:57:59, true, 0.0166, 0.0173, -0.1583, true
2018-10-05 17:58:00, 2018-10-05 17:58:59, true, 0.0120, 0.0306, 0.0605, true
2018-10-05 17:59:00, 2018-10-05 17:59:59, false, -0.0020, 0.0149, 0.0947, true
2018-10-05 18:00:00, 2018-10-05 18:00:59, false, -0.0074, 0.0084, -0.1453, true
2018-10-05 18:01:00, 2018-10-05 18:01:59, true, 0.0046, 0.0046, -0.0756, true
2018-10-05 18:02:00, 2018-10-05 18:02:59, true, 0.0005, 0.0088, -0.0395, true
2018-10-05 18:03:00, 2018-10-05 18:03:59, false, -0.0009, 0.0023, 0.0192, true
2018-10-05 18:04:00, 2018-10-05 18:04:59, false, -0.0029, 0.0014, -0.0172, true
2018-10-05 18:05:00, 2018-10-05 18:05:59, true, 0.0024, 0.0027, 0.1730, true
2018-10-05 18:06:00, 2018-10-05 18:06:59, false, -0.0052, 0.0082, -0.0935, true
2018-10-05 18:07:01, 2018-10-05 18:07:59, true, 0.0050, 0.0058, 0.1615, true
2018-10-05 18:08:00, 2018-10-05 18:08:57, false, -0.0021, 0.0085, -0.1952, true
2018-10-05 18:09:00, 2018-10-05 18:09:59, false, -0.0041, 0.0008, -0.0570, true
2018-10-05 18:10:00, 2018-10-05 18:10:59, false, -0.0012, 0.0032, 0.4102, true
2018-10-05 18:11:00, 2018-10-05 18:11:59, true, 0.0068, 0.0082, -0.2247, true
2018-10-05 18:12:01, 2018-10-05 18:12:59, false, -0.0132, 0.0073, 0.1309, true
2018-10-05 18:13:00, 2018-10-05 18:13:59, true, 0.0151, 0.0252, -0.2188, false
2018-10-05 18:14:00, 2018-10-05 18:14:58, false, -0.0032, 0.0152, -0.0541, true
2018-10-05 18:15:00, 2018-10-05 18:15:59, true, 0.0053, 0.0055, 0.0032, true
2018-10-05 18:16:00, 2018-10-05 18:16:59, false, -0.0018, 0.0058, -0.0271, true
2018-10-05 18:17:00, 2018-10-05 18:17:59, false, 0.0000, 0.0070, 0.0313, true
2018-10-05 18:18:00, 2018-10-05 18:18:59, true, 0.0002, 0.0020, -0.0523, true
2018-10-05 18:19:00, 2018-10-05 18:19:59, true, 0.0043, 0.0050, 0.0664, true
2018-10-05 18:20:01, 2018-10-05 18:20:59, false, -0.0050, 0.0073, 0.0713, true
2018-10-05 18:21:00, 2018-10-05 18:21:59, true, 0.0143, 0.0184, 0.8482, true
2018-10-05 18:22:00, 2018-10-05 18:22:59, true, 0.0008, 0.0228, -0.9336, true
2018-10-05 18:23:00, 2018-10-05 18:23:59, true, 0.0445, 0.0752, 1.9023, true
2018-10-05 18:24:01, 2018-10-05 18:24:59, false, -0.0292, 0.0491, -1.3103, true
2018-10-05 18:25:00, 2018-10-05 18:25:59, true, 0.0252, 0.0322, -0.1878, true
2018-10-05 18:26:00, 2018-10-05 18:26:59, true, 0.0035, 0.0456, -0.3557, true
2018-10-05 18:27:00, 2018-10-05 18:27:59, false, -0.0097, 0.0079, -0.0188, true
2018-10-05 18:28:00, 2018-10-05 18:28:58, true, 0.0232, 0.0245, 0.0094, true
2018-10-05 18:29:00, 2018-10-05 18:29:58, false, -0.0140, 0.0232, 0.2053, true
2018-10-05 18:30:00, 2018-10-05 18:30:59, true, 0.0196, 0.0270, 0.3368, true
2018-10-05 18:31:00, 2018-10-05 18:31:58, true, 0.0029, 0.0444, -0.5213, true
2018-10-05 18:32:00, 2018-10-05 18:32:58, true, 0.0094, 0.0267, 0.2035, true
2018-10-05 18:33:01, 2018-10-05 18:33:59, false, -0.0094, 0.0255, -0.2882, true
2018-10-05 18:34:00, 2018-10-05 18:34:59, true, 0.0005, 0.0029, 0.2719, true
2018-10-05 18:35:00, 2018-10-05 18:35:59, true, 0.0178, 0.0281, 0.4028, true
2018-10-05 18:36:00, 2018-10-05 18:36:59, false, -0.0129, 0.0246, -0.5775, true
2018-10-05 18:37:00, 2018-10-05 18:37:58, true, 0.0041, 0.0219, -0.0337, true
2018-10-05 18:38:00, 2018-10-05 18:38:59, false, -0.0024, 0.0211, -0.0278, true
2018-10-05 18:39:00, 2018-10-05 18:39:59, true, 0.0135, 0.0150, 0.1018, true
2018-10-05 18:40:00, 2018-10-05 18:40:59, false, -0.0077, 0.0146, 0.0363, true
2018-10-05 18:41:00, 2018-10-05 18:41:59, false, -0.0030, 0.0141, -0.1530, true
2018-10-05 18:42:00, 2018-10-05 18:42:59, true, 0.0680, 0.0728, 0.0137, true
2018-10-05 18:43:00, 2018-10-05 18:43:59, true, 0.0056, 0.0742, 0.6420, true
2018-10-05 18:44:00, 2018-10-05 18:44:59, false, -0.0047, 0.0061, -0.6876, true
2018-10-05 18:45:00, 2018-10-05 18:45:59, true, 0.0047, 0.0199, 0.0596, true
2018-10-05 18:46:00, 2018-10-05 18:46:59, false, -0.0680, 0.0102, 0.0366, true
2018-10-05 18:47:00, 2018-10-05 18:47:57, true, 0.0260, 0.0287, 0.2244, true
2018-10-05 18:48:00, 2018-10-05 18:48:59, false, -0.0017, 0.0352, 1.2158, true
2018-10-05 18:49:00, 2018-10-05 18:49:58, false, -0.0155, 0.0159, -1.2418, true
2018-10-05 18:50:00, 2018-10-05 18:50:59, true, 0.0229, 0.0293, -0.2420, true
2018-10-05 18:51:00, 2018-10-05 18:51:59, true, 0.0144, 0.0374, 0.0862, true
2018-10-05 18:52:00, 2018-10-05 18:52:59, true, 0.0249, 0.0399, 0.2788, true
2018-10-05 18:53:00, 2018-10-05 18:53:58, true, 0.0050, 0.0469, -0.0677, true
2018-10-05 18:54:00, 2018-10-05 18:54:57, true, 0.0149, 0.0360, 0.4443, true
2018-10-05 18:55:00, 2018-10-05 18:55:59, true, 0.0053, 0.0229, -0.6039, true
2018-10-05 18:56:00, 2018-10-05 18:56:59, true, 0.0178, 0.0502, 0.0950, true
2018-10-05 18:57:00, 2018-10-05 18:57:59, false, -0.0011, 0.0275, -0.2650, true
2018-10-05 18:58:00, 2018-10-05 18:58:59, false, -0.0006, 0.0020, 0.0143, true
2018-10-05 18:59:00, 2018-10-05 18:59:59, true, 0.0011, 0.0202, -0.0134, true
2018-10-05 19:00:00, 2018-10-05 19:00:59, true, 0.0318, 0.0331, 0.3094, true
2018-10-05 19:01:00, 2018-10-05 19:01:59, false, -0.0165, 0.0341, -0.0173, true
2018-10-05 19:02:00, 2018-10-05 19:02:59, true, 0.0103, 0.0134, 0.3954, true
2018-10-05 19:03:00, 2018-10-05 19:03:58, true, 0.0508, 0.0830, 0.5976, true
2018-10-05 19:04:00, 2018-10-05 19:04:59, true, 0.1189, 0.1797, 2.3052, true
2018-10-05 19:05:00, 2018-10-05 19:05:59, true, 0.0735, 0.2235, -1.3876, true
2018-10-05 19:06:00, 2018-10-05 19:06:59, true, 0.7089, 0.9402, 41.3541, true
2018-10-05 19:07:00, 2018-10-05 19:07:59, true, 0.1376, 1.1075, -31.0427, true
2018-10-05 19:08:00, 2018-10-05 19:08:59, false, -0.4668, 0.4123, 5.1856, true
2018-10-05 19:09:00, 2018-10-05 19:09:57, true, 0.1197, 0.2046, -11.1534, true
2018-10-05 19:10:00, 2018-10-05 19:10:59, true, 0.0340, 0.3719, -3.4034, true
2018-10-05 19:11:00, 2018-10-05 19:11:59, true, 0.0587, 0.1609, -1.1023, true
2018-10-05 19:12:00, 2018-10-05 19:12:58, false, -0.1671, 0.0821, -0.4536, true
2018-10-05 19:13:00, 2018-10-05 19:13:59, false, -0.0866, 0.0000, -0.4677, true
2018-10-05 19:14:00, 2018-10-05 19:14:59, false, -0.0419, 0.0033, -0.2750, true
2018-10-05 19:15:00, 2018-10-05 19:15:59, true, 0.0075, 0.0083, -0.2655, true
2018-10-05 19:16:00, 2018-10-05 19:16:59, true, 0.2454, 0.2815, 0.8766, true
2018-10-05 19:17:00, 2018-10-05 19:17:59, true, 0.0283, 0.2809, -0.1537, true
2018-10-05 19:18:00, 2018-10-05 19:18:59, false, -0.0053, 0.0319, -0.9098, true
2018-10-05 19:19:00, 2018-10-05 19:19:58, false, -0.1647, 0.0045, 0.6348, true
2018-10-05 19:20:00, 2018-10-05 19:20:59, false, -0.0303, 0.0003, -0.4831, true
2018-10-05 19:21:00, 2018-10-05 19:21:59, false, -0.0191, 0.0106, 0.0359, true
2018-10-05 19:22:00, 2018-10-05 19:22:59, false, -0.0190, -0.0008, -0.2903, true
2018-10-05 19:23:00, 2018-10-05 19:23:59, false, -0.0631, 0.0023, 0.5786, true
2018-10-05 19:24:00, 2018-10-05 19:24:59, false, -0.2237, 0.0027, 1.7082, true
2018-10-05 19:25:00, 2018-10-05 19:25:59, true, 0.0198, 0.0337, -1.2680, true
2018-10-05 19:26:00, 2018-10-05 19:26:59, true, 0.0505, 0.1225, -0.6829, true
2018-10-05 19:27:03, 2018-10-05 19:27:58, true, 0.0409, 0.0944, -0.4528, true
2018-10-05 19:28:00, 2018-10-05 19:28:59, false, -0.0098, 0.0708, 0.1739, true
2018-10-05 19:29:01, 2018-10-05 19:29:59, true, 0.0713, 0.0828, 0.9595, true
2018-10-05 19:30:00, 2018-10-05 19:30:59, true, 0.0943, 0.2045, 0.0581, true
2018-10-05 19:31:00, 2018-10-05 19:31:59, false, -0.0599, 0.1108, -0.9074, true
2018-10-05 19:32:00, 2018-10-05 19:32:59, false, -0.0518, 0.0159, -0.1813, true
2018-10-05 19:33:00, 2018-10-05 19:33:58, true, 0.0210, 0.0237, -0.1395, true
2018-10-05 19:34:00, 2018-10-05 19:34:58, false, -0.0011, 0.0214, -0.0006, true
2018-10-05 19:35:00, 2018-10-05 19:35:57, true, 0.0128, 0.0311, 0.0522, true
2018-10-05 19:36:00, 2018-10-05 19:36:57, false, -0.0462, 0.0390, 0.0962, true
2018-10-05 19:37:00, 2018-10-05 19:37:59, false, -0.0609, 0.0000, -0.1029, true
2018-10-05 19:38:00, 2018-10-05 19:38:58, false, -0.0106, 0.0039, 0.3033, true
2018-10-05 19:39:00, 2018-10-05 19:39:59, true, 0.0480, 0.0670, -0.1418, true
2018-10-05 19:40:02, 2018-10-05 19:40:59, true, 0.0115, 0.0857, -0.1764, true
2018-10-05 19:41:00, 2018-10-05 19:41:59, false, -0.0086, 0.0320, -0.0175, true
2018-10-05 19:42:00, 2018-10-05 19:42:59, false, -0.0015, 0.0320, 0.1976, true
2018-10-05 19:43:00, 2018-10-05 19:43:59, false, -0.0461, 0.0189, -0.0502, true
2018-10-05 19:44:00, 2018-10-05 19:44:59, true, 0.0224, 0.0263, 0.0186, true
2018-10-05 19:45:00, 2018-10-05 19:45:59, false, -0.0331, 0.0345, -0.1605, true
2018-10-05 19:46:00, 2018-10-05 19:46:59, false, -0.0333, 0.0077, 0.1503, true
2018-10-05 19:47:01, 2018-10-05 19:47:57, false, -0.0383, 0.0051, -0.0404, true
2018-10-05 19:48:00, 2018-10-05 19:48:59, true, 0.0307, 0.0549, 0.3191, true
2018-10-05 19:49:00, 2018-10-05 19:49:59, true, 0.0674, 0.1214, -0.0091, true
2018-10-05 19:50:00, 2018-10-05 19:50:59, true, 0.0704, 0.1458, 0.1001, true
2018-10-05 19:51:00, 2018-10-05 19:51:59, true, 0.0249, 0.1045, -0.3745, true
2018-10-05 19:52:00, 2018-10-05 19:52:59, true, 0.0078, 0.0367, -0.0895, true
2018-10-05 19:53:00, 2018-10-05 19:53:59, true, 0.0053, 0.0350, 0.1348, true
2018-10-05 19:54:01, 2018-10-05 19:54:59, true, 0.0139, 0.0192, -0.1213, true
2018-10-05 19:55:00, 2018-10-05 19:55:59, false, -0.0368, 0.0166, 0.1345, true
2018-10-05 19:56:01, 2018-10-05 19:56:59, true, 0.0260, 0.0320, -0.2252, true
2018-10-05 19:57:00, 2018-10-05 19:57:59, false, -0.0193, 0.0311, -0.0866, true
2018-10-05 19:58:01, 2018-10-05 19:58:59, false, -0.0533, 0.0092, 1.5859, true
2018-10-05 19:59:01, 2018-10-05 19:59:59, false, -0.0079, 0.0180, -1.2414, true
2018-10-05 20:00:00, 2018-10-05 20:00:59, true, 0.0213, 0.0468, 0.0269, true
2018-10-05 20:01:00, 2018-10-05 20:01:57, false, -0.0172, 0.0480, 0.0800, true
2018-10-05 20:02:00, 2018-10-05 20:02:59, false, -0.0289, 0.0103, -0.3123, true
2018-10-05 20:03:00, 2018-10-05 20:03:59, false, -0.0131, 0.0119, 0.7710, true
2018-10-05 20:04:00, 2018-10-05 20:04:59, true, 0.0160, 0.0328, -0.7952, true
2018-10-05 20:05:00, 2018-10-05 20:05:58, true, 0.0039, 0.0221, -0.1070, true
2018-10-05 20:06:00, 2018-10-05 20:06:59, false, -0.0074, 0.0050, -0.0063, true
2018-10-05 20:07:00, 2018-10-05 20:07:59, false, -0.0254, 0.0017, 0.0085, true
2018-10-05 20:08:00, 2018-10-05 20:08:57, true, 0.0233, 0.0264, 0.0166, true
2018-10-05 20:09:01, 2018-10-05 20:09:59, false, -0.0159, 0.0266, 0.0183, true
2018-10-05 20:10:00, 2018-10-05 20:10:59, true, 0.0059, 0.0086, 0.2191, true
2018-10-05 20:11:00, 2018-10-05 20:11:59, true, 0.0092, 0.0275, -0.1790, true
2018-10-05 20:12:00, 2018-10-05 20:12:59, true, 0.0199, 0.0464, 0.0420, true
2018-10-05 20:13:01, 2018-10-05 20:13:59, true, 0.0050, 0.0258, -0.1068, true
2018-10-05 20:14:00, 2018-10-05 20:14:59, false, -0.0487, -0.0015, 0.1822, true
2018-10-05 20:15:00, 2018-10-05 20:15:59, false, -0.0628, 0.0045, -0.0915, true
2018-10-05 20:16:01, 2018-10-05 20:16:59, false, -0.0185, 0.0000, 0.0186, true
2018-10-05 20:17:00, 2018-10-05 20:17:59, true, 0.0033, 0.0138, -0.0222, true
2018-10-05 20:18:00, 2018-10-05 20:18:58, true, 0.0201, 0.0312, 0.0872, true
2018-10-05 20:19:00, 2018-10-05 20:19:59, false, -0.0198, 0.0280, 0.4662, true
2018-10-05 20:20:00, 2018-10-05 20:20:59, true, 0.0092, 0.0274, -0.4744, true
2018-10-05 20:21:00, 2018-10-05 20:21:59, false, -0.0416, 0.0185, -0.1596, true
2018-10-05 20:22:00, 2018-10-05 20:22:59, true, 0.0496, 0.0567, -0.0026, true
2018-10-05 20:23:02, 2018-10-05 20:23:59, false, -0.0044, 0.0721, 0.0493, true
2018-10-05 20:24:00, 2018-10-05 20:24:59, true, 0.0124, 0.0124, -0.0972, true
2018-10-05 20:25:00, 2018-10-05 20:25:59, true, 0.0023, 0.0162, 0.1063, true
2018-10-05 20:26:01, 2018-10-05 20:26:59, true, 0.0651, 0.0724, -0.0829, true
2018-10-05 20:27:00, 2018-10-05 20:27:59, true, 0.0385, 0.1036, 0.0736, true
2018-10-05 20:28:00, 2018-10-05 20:28:59, true, 0.0198, 0.0624, -0.0521, true
2018-10-05 20:29:00, 2018-10-05 20:29:59, false, -0.0338, 0.0231, -0.0002, true
2018-10-05 20:30:01, 2018-10-05 20:30:59, false, -0.0162, 0.0171, 0.0340, true
2018-10-05 20:31:01, 2018-10-05 20:31:59, true, 0.0015, 0.0033, -0.0366, true
2018-10-05 20:32:00, 2018-10-05 20:32:59, true, 0.0159, 0.0218, 0.6220, true
2018-10-05 20:33:00, 2018-10-05 20:33:58, true, 0.0165, 0.0369, -0.5866, true
2018-10-05 20:34:01, 2018-10-05 20:34:59, true, 0.0062, 0.0228, -0.0912, true
2018-10-05 20:35:00, 2018-10-05 20:35:58, true, 0.0017, 0.0119, 0.0600, true
2018-10-05 20:36:01, 2018-10-05 20:36:59, false, -0.0023, 0.0101, 0.0572, true
2018-10-05 20:37:00, 2018-10-05 20:37:59, false, -0.0072, 0.0083, -0.0110, true
2018-10-05 20:38:00, 2018-10-05 20:38:59, false, -0.0263, 0.0017, 0.0344, true
2018-10-05 20:39:00, 2018-10-05 20:39:58, true, 0.0190, 0.0273, -0.0269, true
2018-10-05 20:40:00, 2018-10-05 20:40:59, false, -0.0112, 0.0418, -0.0485, true
2018-10-05 20:41:01, 2018-10-05 20:41:58, true, 0.0299, 0.0366, 0.0371, true
2018-10-05 20:42:00, 2018-10-05 20:42:57, false, -0.0066, 0.0302, -0.0536, true
2018-10-05 20:43:00, 2018-10-05 20:43:59, true, 0.0020, 0.0033, 0.0772, true
2018-10-05 20:44:00, 2018-10-05 20:44:59, true, 0.0091, 0.0166, -0.0563, true
2018-10-05 20:45:00, 2018-10-05 20:45:59, true, 0.0051, 0.0240, 0.0439, true
2018-10-05 20:46:00, 2018-10-05 20:46:58, true, 0.0753, 0.0811, 0.0830, true
2018-10-05 20:47:00, 2018-10-05 20:47:59, false, -0.0133, 0.0759, -0.0382, true
2018-10-05 20:48:00, 2018-10-05 20:48:58, true, 0.0116, 0.0388, -0.1230, true
2018-10-05 20:49:00, 2018-10-05 20:49:59, true, 0.0059, 0.0178, 0.0444, true
2018-10-05 20:50:00, 2018-10-05 20:50:59, true, 0.0012, 0.0189, -0.0364, true
2018-10-05 20:51:00, 2018-10-05 20:51:59, false, 0.0000, 0.0080, -0.0023, true
2018-10-05 20:52:00, 2018-10-05 20:52:59, true, 0.0597, 0.0617, 0.2319, true
2018-10-05 20:53:00, 2018-10-05 20:53:59, false, -0.0062, 0.0642, 0.0187, true
2018-10-05 20:54:02, 2018-10-05 20:54:58, true, 0.0550, 0.0917, 0.2291, true
2018-10-05 20:55:01, 2018-10-05 20:55:59, true, 0.0121, 0.0748, -0.3719, true
2018-10-05 20:56:00, 2018-10-05 20:56:59, false, -0.0280, 0.0137, 0.1366, true
2018-10-05 20:57:00, 2018-10-05 20:57:59, true, 0.0075, 0.0188, -0.2279, true
2018-10-05 20:58:00, 2018-10-05 20:58:59, false, -0.0259, 0.0096, 0.6701, true
2018-10-05 20:59:00, 2018-10-05 20:59:58, false, -0.0039, 0.0038, -0.3264, true
2018-10-05 21:00:00, 2018-10-05 21:00:59, false, -0.0235, 0.0133, -0.3521, true
2018-10-05 21:01:00, 2018-10-05 21:01:59, true, 0.0289, 0.0311, 0.1111, true
2018-10-05 21:02:00, 2018-10-05 21:02:59, true, 0.0282, 0.0632, 0.1356, true
2018-10-05 21:03:00, 2018-10-05 21:03:59, true, 0.0258, 0.0555, -0.2233, true
2018-10-05 21:04:00, 2018-10-05 21:04:59, true, 0.0024, 0.0360, 1.2322, true
2018-10-05 21:05:00, 2018-10-05 21:05:59, false, -0.0172, 0.0604, -1.1559, true
2018-10-05 21:06:00, 2018-10-05 21:06:58, false, -0.0614, 0.0042, 0.3078, true
2018-10-05 21:07:00, 2018-10-05 21:07:59, false, -0.0032, 0.0075, -0.3731, true
2018-10-05 21:08:00, 2018-10-05 21:08:59, true, 0.0178, 0.0291, -0.0733, true
2018-10-05 21:09:00, 2018-10-05 21:09:59, true, 0.0018, 0.0289, 0.1206, true
2018-10-05 21:10:00, 2018-10-05 21:10:59, true, 0.0104, 0.0122, 0.4107, true
2018-10-05 21:11:00, 2018-10-05 21:11:59, false, -0.0039, 0.0154, -0.4386, true
2018-10-05 21:12:00, 2018-10-05 21:12:59, true, 0.0080, 0.0107, -0.0255, true
2018-10-05 21:13:01, 2018-10-05 21:13:59, true, 0.0089, 0.0172, 0.2721, true
2018-10-05 21:14:00, 2018-10-05 21:14:59, false, -0.0246, 0.0210, -0.3343, true
2018-10-05 21:15:00, 2018-10-05 21:15:59, false, -0.0281, 0.0000, 0.2357, true
2018-10-05 21:16:00, 2018-10-05 21:16:59, false, -0.0081, 0.0086, -0.2208, true
2018-10-05 21:17:00, 2018-10-05 21:17:59, true, 0.0306, 0.0306, 0.0283, true
2018-10-05 21:18:00, 2018-10-05 21:18:59, true, 0.0044, 0.0372, -0.0089, true
2018-10-05 21:19:00, 2018-10-05 21:19:59, false, -0.0118, 0.0231, 0.0175, true
2018-10-05 21:20:00, 2018-10-05 21:20:59, true, 0.0083, 0.0217, 0.1960, true
2018-10-05 21:21:00, 2018-10-05 21:21:59, false, -0.0228, 0.0083, -0.1247, true
2018-10-05 21:22:01, 2018-10-05 21:22:59, true, 0.0060, 0.0062, -0.0971, true
2018-10-05 21:23:00, 2018-10-05 21:23:58, false, -0.0121, 0.0071, 0.0252, true
2018-10-05 21:24:00, 2018-10-05 21:24:59, false, -0.0187, 0.0080, -0.0115, true
2018-10-05 21:25:00, 2018-10-05 21:25:59, true, 0.0059, 0.0170, 0.1237, true
2018-10-05 21:26:00, 2018-10-05 21:26:58, false, -0.0226, 0.0250, -0.1086, true
2018-10-05 21:27:00, 2018-10-05 21:27:59, true, 0.0115, 0.0140, 0.0952, true
2018-10-05 21:28:00, 2018-10-05 21:28:58, true, 0.0042, 0.0244, -0.1134, true
2018-10-05 21:29:01, 2018-10-05 21:29:57, false, -0.0032, 0.0164, -0.0166, true
2018-10-05 21:30:00, 2018-10-05 21:30:59, true, 0.0264, 0.0305, -0.0392, true
2018-10-05 21:31:00, 2018-10-05 21:31:59, false, -0.0100, 0.0306, 0.1024, true
2018-10-05 21:32:00, 2018-10-05 21:32:59, false, -0.0109, 0.0024, 0.1248, true
2018-10-05 21:33:00, 2018-10-05 21:33:57, false, -0.0023, 0.0124, -0.0949, true
2018-10-05 21:34:00, 2018-10-05 21:34:59, false, -0.0063, 0.0009, 0.3743, true
2018-10-05 21:35:00, 2018-10-05 21:35:59, false, -0.0287, -0.0071, -0.4776, true
2018-10-05 21:36:00, 2018-10-05 21:36:59, false, -0.0134, 0.0048, 0.1088, true
2018-10-05 21:37:00, 2018-10-05 21:37:59, false, -0.0063, 0.0039, -0.0228, true
2018-10-05 21:38:00, 2018-10-05 21:38:59, false, -0.1109, 0.0002, 1.3034, true
2018-10-05 21:39:00, 2018-10-05 21:39:57, false, -0.0206, 0.0000, -1.3517, true
2018-10-05 21:40:00, 2018-10-05 21:40:57, false, -0.0083, 0.0035, 0.1471, true
2018-10-05 21:41:00, 2018-10-05 21:41:58, false, -0.0485, 0.0017, 0.5990, true
2018-10-05 21:42:00, 2018-10-05 21:42:59, true, 0.0047, 0.0316, -0.5551, true
2018-10-05 21:43:00, 2018-10-05 21:43:59, true, 0.0051, 0.0130, 0.3647, true
2018-10-05 21:44:00, 2018-10-05 21:44:59, true, 0.0121, 0.0201, -0.5745, true
2018-10-05 21:45:00, 2018-10-05 21:45:59, false, -0.0434, 0.0198, -0.0452, true
2018-10-05 21:46:00, 2018-10-05 21:46:59, true, 0.0065, 0.0150, 0.1115, true
2018-10-05 21:47:00, 2018-10-05 21:47:59, false, -0.0047, 0.0064, -0.0939, true
2018-10-05 21:48:00, 2018-10-05 21:48:59, false, -0.0316, 0.0080, 0.0457, true
2018-10-05 21:49:00, 2018-10-05 21:49:59, false, -0.0011, 0.0008, 0.0387, true
2018-10-05 21:50:00, 2018-10-05 21:50:57, false, -0.0551, 0.0021, 0.2828, true
2018-10-05 21:51:00, 2018-10-05 21:51:59, false, -0.0111, 0.0101, -0.0574, true
2018-10-05 21:52:02, 2018-10-05 21:52:59, true, 0.0617, 0.0634, 0.0853, true
2018-10-05 21:53:00, 2018-10-05 21:53:59, true, 0.0351, 0.0985, -0.3057, true
2018-10-05 21:54:00, 2018-10-05 21:54:58, true, 0.0641, 0.1190, 0.9154, true
2018-10-05 21:55:00, 2018-10-05 21:55:57, false, -0.0023, 0.0670, -0.8082, true
2018-10-05 21:56:01, 2018-10-05 21:56:58, false, -0.0404, -0.0216, -0.1051, true
2018-10-05 21:57:00, 2018-10-05 21:57:59, true, 0.0045, 0.0104, -0.0478, true
2018-10-05 21:58:00, 2018-10-05 21:58:57, false, -0.0008, 0.0077, -0.0260, true
2018-10-05 21:59:00, 2018-10-05 21:59:59, true, 0.0197, 0.0198, 0.0236, true
2018-10-05 22:00:00, 2018-10-05 22:00:59, true, 0.0073, 0.0293, 0.0249, true
2018-10-05 22:01:00, 2018-10-05 22:01:58, true, 0.0041, 0.0157, 0.1241, true
2018-10-05 22:02:00, 2018-10-05 22:02:59, false, -0.0008, 0.0095, -0.1881, true
2018-10-05 22:03:00, 2018-10-05 22:03:59, true, 0.0050, 0.0101, 0.0788, true
2018-10-05 22:04:01, 2018-10-05 22:04:59, true, 0.0076, 0.0125, 0.0136, true
2018-10-05 22:05:00, 2018-10-05 22:05:59, true, 0.0116, 0.0195, -0.1188, true
2018-10-05 22:06:00, 2018-10-05 22:06:59, true, 0.0053, 0.0204, 0.0224, true
2018-10-05 22:07:01, 2018-10-05 22:07:58, false, -0.0035, 0.0068, -0.0240, true
2018-10-05 22:08:00, 2018-10-05 22:08:58, false, -0.0056, 0.0003, 0.0109, true
2018-10-05 22:09:00, 2018-10-05 22:09:59, true, 0.0257, 0.0258, 0.2407, true
2018-10-05 22:10:00, 2018-10-05 22:10:59, true, 0.0249, 0.1490, 1.4973, true
2018-10-05 22:11:00, 2018-10-05 22:11:59, true, 0.0118, 0.0446, -1.7155, true
2018-10-05 22:12:00, 2018-10-05 22:12:59, true, 0.0041, 0.0178, -0.0214, true
2018-10-05 22:13:00, 2018-10-05 22:13:58, false, -0.0349, 0.0041, 0.0147, true
2018-10-05 22:14:01, 2018-10-05 22:14:58, false, -0.0063, 0.0003, 0.5651, true
2018-10-05 22:15:00, 2018-10-05 22:15:59, false, -0.0017, 0.0130, -0.5134, true
2018-10-05 22:16:00, 2018-10-05 22:16:59, true, 0.0009, 0.0107, 0.0403, true
2018-10-05 22:17:00, 2018-10-05 22:17:57, false, -0.0070, 0.0151, 0.3418, true
2018-10-05 22:18:00, 2018-10-05 22:18:59, false, -0.0009, 0.0357, -0.3327, true
2018-10-05 22:19:00, 2018-10-05 22:19:59, false, -0.0024, 0.0029, -0.1191, true
2018-10-05 22:20:00, 2018-10-05 22:20:58, false, -0.0071, 0.0009, 0.0337, true
2018-10-05 22:21:00, 2018-10-05 22:21:59, false, -0.0045, 0.0056, 0.3691, true
2018-10-05 22:22:00, 2018-10-05 22:22:59, true, 0.0021, 0.0080, -0.4091, true
2018-10-05 22:23:00, 2018-10-05 22:23:59, false, -0.0237, 0.0077, 0.0435, true
2018-10-05 22:24:00, 2018-10-05 22:24:58, true, 0.0160, 0.0163, -0.0074, true
2018-10-05 22:25:01, 2018-10-05 22:25:58, true, 0.0323, 0.0484, -0.0057, true
2018-10-05 22:26:00, 2018-10-05 22:26:59, false, -0.0160, 0.0335, 0.0193, true
2018-10-05 22:27:00, 2018-10-05 22:27:58, true, 0.0109, 0.0122, 0.0665, true
2018-10-05 22:28:00, 2018-10-05 22:28:58, true, 0.0036, 0.0145, -0.0760, true
2018-10-05 22:29:01, 2018-10-05 22:29:59, false, -0.0063, 0.0160, -0.0079, true
2018-10-05 22:30:00, 2018-10-05 22:30:58, true, 0.0136, 0.0136, 0.0066, true
2018-10-05 22:31:00, 2018-10-05 22:31:59, false, -0.0165, 0.0257, -0.0003, true
2018-10-05 22:32:00, 2018-10-05 22:32:58, false, -0.0249, 0.0006, 0.2198, true
2018-10-05 22:33:00, 2018-10-05 22:33:58, false, -0.0048, 0.0038, -0.2035, true
2018-10-05 22:34:01, 2018-10-05 22:34:57, true, 0.0011, 0.0048, -0.0035, true
2018-10-05 22:35:00, 2018-10-05 22:35:59, true, 0.0067, 0.0083, -0.0366, true
2018-10-05 22:36:00, 2018-10-05 22:36:59, false, -0.0100, 0.0076, 0.0301, true
2018-10-05 22:37:00, 2018-10-05 22:37:59, false, -0.0047, 0.0063, -0.0265, true
2018-10-05 22:38:01, 2018-10-05 22:38:59, true, 0.0091, 0.0107, 0.0074, true
2018-10-05 22:39:00, 2018-10-05 22:39:59, true, 0.0006, 0.0116, -0.0239, true
2018-10-05 22:40:00, 2018-10-05 22:40:55, false, -0.0151, 0.0092, 0.0540, true
2018-10-05 22:41:00, 2018-10-05 22:41:59, true, 0.0051, 0.0056, 0.0269, true
2018-10-05 22:42:01, 2018-10-05 22:42:59, false, -0.0085, 0.0044, -0.0786, true
2018-10-05 22:43:00, 2018-10-05 22:43:59, true, 0.0056, 0.0175, 0.1698, true
2018-10-05 22:44:00, 2018-10-05 22:44:59, true, 0.0024, 0.0086, -0.1132, true
2018-10-05 22:45:00, 2018-10-05 22:45:59, true, 0.0035, 0.0104, -0.0311, true
2018-10-05 22:46:00, 2018-10-05 22:46:58, true, 0.0063, 0.0125, 0.0190, true
2018-10-05 22:47:00, 2018-10-05 22:47:58, false, -0.0085, 0.0204, -0.0065, true
2018-10-05 22:48:00, 2018-10-05 22:48:59, true, 0.0026, 0.0174, -0.0544, true
2018-10-05 22:49:00, 2018-10-05 22:49:59, false, -0.0067, 0.0029, 0.0635, true
2018-10-05 22:50:00, 2018-10-05 22:50:58, true, 0.0125, 0.0125, -0.0449, true
2018-10-05 22:51:00, 2018-10-05 22:51:59, true, 0.0239, 0.0366, 0.2029, true
2018-10-05 22:52:01, 2018-10-05 22:52:59, false, -0.0063, 0.0249, -0.0988, true
2018-10-05 22:53:01, 2018-10-05 22:53:58, true, 0.0029, 0.0044, -0.0597, true
2018-10-05 22:54:00, 2018-10-05 22:54:59, false, -0.0015, 0.0136, 0.2175, true
2018-10-05 22:55:00, 2018-10-05 22:55:59, false, -0.0005, 0.0124, -0.2447, true
2018-10-05 22:56:00, 2018-10-05 22:56:59, false, -0.0026, 0.0092, -0.0144, true
2018-10-05 22:57:00, 2018-10-05 22:57:59, true, 0.0003, 0.0003, 0.0085, true
2018-10-05 22:58:00, 2018-10-05 22:58:59, true, 0.0157, 0.0163, 0.0482, true
2018-10-05 22:59:00, 2018-10-05 22:59:59, true, 0.0051, 0.0216, 0.0792, true
2018-10-05 23:00:00, 2018-10-05 23:00:58, true, 0.0122, 0.0267, -0.1126, true
2018-10-05 23:01:00, 2018-10-05 23:01:59, true, 0.0076, 0.0215, 0.0817, true
2018-10-05 23:02:00, 2018-10-05 23:02:59, false, -0.0091, 0.0076, -0.0929, true
2018-10-05 23:03:01, 2018-10-05 23:03:59, false, -0.0136, -0.0059, 0.0697, true
2018-10-05 23:04:00, 2018-10-05 23:04:59, false, -0.0249, 0.0021, -0.0849, true
2018-10-05 23:05:00, 2018-10-05 23:05:59, false, -0.0168, 0.0118, 0.0390, true
2018-10-05 23:06:00, 2018-10-05 23:06:54, true, 0.0021, 0.0021, -0.0661, true
