2018-10-06 13:56:56, 2018-10-06 13:56:59, false, -0.0108, 0.0156, 0.0067, true
2018-10-06 13:57:00, 2018-10-06 13:57:59, true, 0.0070, 0.0179, 0.0017, true
2018-10-06 13:58:01, 2018-10-06 13:58:59, false, -0.0234, 0.0080, 0.0697, true
2018-10-06 13:59:02, 2018-10-06 13:59:59, true, 0.0059, 0.0244, 0.2160, true
2018-10-06 14:00:00, 2018-10-06 14:00:59, false, -0.0137, 0.0071, -0.1875, true
2018-10-06 14:01:00, 2018-10-06 14:01:59, false, -0.0305, 0.0240, -0.0392, true
2018-10-06 14:02:00, 2018-10-06 14:02:59, true, 0.0304, 0.0324, -0.0468, true
2018-10-06 14:03:00, 2018-10-06 14:03:59, false, -0.0061, 0.0497, 0.0999, true
2018-10-06 14:04:00, 2018-10-06 14:04:59, false, -0.0125, 0.0167, 0.2797, true
2018-10-06 14:05:00, 2018-10-06 14:05:58, false, -0.0064, 0.0120, 0.0771, true
2018-10-06 14:06:00, 2018-10-06 14:06:59, true, 0.0117, 0.0197, -0.2067, true
2018-10-06 14:07:00, 2018-10-06 14:07:59, false, -0.0118, 0.0216, -0.0973, true
2018-10-06 14:08:00, 2018-10-06 14:08:59, true, 0.0058, 0.0109, 0.0213, true
2018-10-06 14:09:00, 2018-10-06 14:09:59, true, 0.0053, 0.0292, -0.1081, true
2018-10-06 14:10:00, 2018-10-06 14:10:59, true, 0.0427, 0.0575, 0.4213, true
2018-10-06 14:11:00, 2018-10-06 14:11:59, true, 0.0036, 0.0560, -0.1144, true
2018-10-06 14:12:00, 2018-10-06 14:12:59, true, 0.0006, 0.0096, -0.0285, true
2018-10-06 14:13:00, 2018-10-06 14:13:59, true, 0.0062, 0.0159, -0.2269, true
2018-10-06 14:14:01, 2018-10-06 14:14:59, false, -0.0014, 0.0046, -0.1075, true
2018-10-06 14:15:00, 2018-10-06 14:15:59, false, -0.0090, 0.0023, -0.0223, true
2018-10-06 14:16:00, 2018-10-06 14:16:59, true, 0.0029, 0.0029, 0.1516, true
2018-10-06 14:17:01, 2018-10-06 14:17:58, true, 0.0038, 0.0328, -0.1126, true
2018-10-06 14:18:01, 2018-10-06 14:18:59, false, -0.0085, 0.0134, -0.0724, true
2018-10-06 14:19:01, 2018-10-06 14:19:59, true, 0.0024, 0.0070, 0.0692, true
2018-10-06 14:20:00, 2018-10-06 14:20:59, false, -0.0003, 0.0131, 0.0120, true
2018-10-06 14:21:00, 2018-10-06 14:21:59, false, -0.0036, 0.0052, 0.0396, true
2018-10-06 14:22:00, 2018-10-06 14:22:59, true, 0.0058, 0.0073, -0.0815, true
2018-10-06 14:23:00, 2018-10-06 14:23:59, false, -0.0052, 0.0059, 0.0600, true
2018-10-06 14:24:00, 2018-10-06 14:24:59, false, -0.0002, 0.0097, 0.1586, true
2018-10-06 14:25:00, 2018-10-06 14:25:59, false, -0.0011, 0.0074, -0.2342, true
2018-10-06 14:26:00, 2018-10-06 14:26:59, true, 0.0011, 0.0020, 0.1176, true
2018-10-06 14:27:00, 2018-10-06 14:27:59, true, 0.0420, 0.1012, 1.8360, true
2018-10-06 14:28:00, 2018-10-06 14:28:58, true, 0.0102, 0.0610, -1.8813, true
2018-10-06 14:29:00, 2018-10-06 14:29:59, true, 0.0021, 0.0196, 0.2282, true
2018-10-06 14:30:00, 2018-10-06 14:30:59, true, 0.0023, 0.0058, -0.1823, true
2018-10-06 14:31:00, 2018-10-06 14:31:59, true, 0.0005, 0.0096, -0.0619, true
2018-10-06 14:32:00, 2018-10-06 14:32:59, false, -0.0109, 0.0052, 0.2122, true
2018-10-06 14:33:00, 2018-10-06 14:33:55, false, -0.0106, 0.0026, 0.0064, true
2018-10-06 14:34:00, 2018-10-06 14:34:57, true, 0.0041, 0.0074, -0.3805, true
2018-10-06 14:35:00, 2018-10-06 14:35:57, false, -0.0003, 0.0050, 0.2174, true
2018-10-06 14:36:00, 2018-10-06 14:36:59, false, -0.0020, 0.0109, -0.1566, true
2018-10-06 14:37:00, 2018-10-06 14:37:59, true, 0.0033, 0.0099, 0.0229, true
2018-10-06 14:38:00, 2018-10-06 14:38:59, true, 0.0011, 0.0052, 0.0055, true
2018-10-06 14:39:00, 2018-10-06 14:39:59, false, -0.0106, 0.0053, -0.1070, true
2018-10-06 14:40:00, 2018-10-06 14:40:57, true, 0.0076, 0.0096, 0.1572, true
2018-10-06 14:41:01, 2018-10-06 14:41:58, true, 0.0030, 0.0106, -0.1543, true
2018-10-06 14:42:00, 2018-10-06 14:42:59, false, -0.0008, 0.0070, 0.0111, true
2018-10-06 14:43:00, 2018-10-06 14:43:58, false, -0.0082, 0.0076, 0.0275, true
2018-10-06 14:44:01, 2018-10-06 14:44:58, true, 0.0059, 0.0138, 0.0012, true
2018-10-06 14:45:00, 2018-10-06 14:45:59, true, 0.0199, 0.0449, 0.2609, true
2018-10-06 14:46:00, 2018-10-06 14:46:59, false, -0.0050, 0.0281, -0.0246, true
2018-10-06 14:47:00, 2018-10-06 14:47:59, true, 0.0021, 0.0024, -0.1150, true
2018-10-06 14:48:00, 2018-10-06 14:48:59, true, 0.0153, 0.0191, -0.0925, true
2018-10-06 14:49:00, 2018-10-06 14:49:59, false, -0.0064, 0.0188, 0.0786, true
2018-10-06 14:50:01, 2018-10-06 14:50:58, false, -0.0155, 0.0000, -0.0244, true
2018-10-06 14:51:00, 2018-10-06 14:51:59, true, 0.0050, 0.0055, 0.1380, true
2018-10-06 14:52:01, 2018-10-06 14:52:59, true, 0.0035, 0.0106, -0.1036, true
2018-10-06 14:53:00, 2018-10-06 14:53:59, true, 0.0002, 0.0062, -0.0693, true
2018-10-06 14:54:00, 2018-10-06 14:54:58, false, -0.0106, 0.0024, 0.0909, true
2018-10-06 14:55:00, 2018-10-06 14:55:59, false, -0.0294, 0.0094, -0.0343, true
2018-10-06 14:56:00, 2018-10-06 14:56:59, true, 0.0011, 0.0077, 0.0026, true
2018-10-06 14:57:00, 2018-10-06 14:57:58, true, 0.0038, 0.0085, 0.0076, true
2018-10-06 14:58:00, 2018-10-06 14:58:59, true, 0.0109, 0.0193, 0.0534, true
2018-10-06 14:59:00, 2018-10-06 14:59:57, true, 0.0023, 0.0302, 0.0296, true
2018-10-06 15:00:00, 2018-10-06 15:00:59, false, -0.0250, 0.0082, -0.0771, true
2018-10-06 15:01:00, 2018-10-06 15:01:57, false, -0.0126, 0.0017, 0.0920, true
2018-10-06 15:02:00, 2018-10-06 15:02:59, true, 0.0240, 0.0413, -0.0813, true
2018-10-06 15:03:00, 2018-10-06 15:03:59, false, -0.0112, 0.0416, -0.0725, true
2018-10-06 15:04:00, 2018-10-06 15:04:59, true, 0.0050, 0.0153, 0.0970, true
2018-10-06 15:05:00, 2018-10-06 15:05:59, false, -0.0027, 0.0067, -0.0311, true
2018-10-06 15:06:00, 2018-10-06 15:06:59, false, -0.0029, 0.0064, -0.0343, true
2018-10-06 15:07:00, 2018-10-06 15:07:59, true, 0.0024, 0.0127, 0.1310, true
2018-10-06 15:08:00, 2018-10-06 15:08:57, false, -0.0036, 0.0070, 0.0211, true
2018-10-06 15:09:00, 2018-10-06 15:09:59, false, -0.0193, 0.0065, 0.1983, true
2018-10-06 15:10:00, 2018-10-06 15:10:59, true, 0.0080, 0.0080, -0.1864, true
2018-10-06 15:11:00, 2018-10-06 15:11:58, false, -0.0185, 0.0105, 0.1527, true
2018-10-06 15:12:00, 2018-10-06 15:12:59, false, -0.0184, 0.0109, -0.3421, true
2018-10-06 15:13:00, 2018-10-06 15:13:59, true, 0.0053, 0.0126, 0.0891, true
2018-10-06 15:14:00, 2018-10-06 15:14:59, false, -0.0196, 0.0159, 0.1159, true
2018-10-06 15:15:00, 2018-10-06 15:15:59, true, 0.0079, 0.0099, -0.2639, true
2018-10-06 15:16:00, 2018-10-06 15:16:58, true, 0.0106, 0.0184, 0.0296, true
2018-10-06 15:17:00, 2018-10-06 15:17:59, false, -0.0129, 0.0080, -0.0153, true
2018-10-06 15:18:00, 2018-10-06 15:18:59, false, -0.0070, 0.0052, 0.1584, true
2018-10-06 15:19:00, 2018-10-06 15:19:59, true, 0.0279, 0.0371, -0.0518, true
2018-10-06 15:20:00, 2018-10-06 15:20:58, false, -0.0167, 0.0367, 0.8806, true
2018-10-06 15:21:00, 2018-10-06 15:21:59, false, -0.0039, 0.0074, -0.5684, true
2018-10-06 15:22:00, 2018-10-06 15:22:58, false, -0.0383, 0.0023, -0.0197, true
2018-10-06 15:23:00, 2018-10-06 15:23:59, false, -0.0514, 0.0043, -0.2409, true
2018-10-06 15:24:00, 2018-10-06 15:24:59, true, 0.0064, 0.0073, -0.1017, true
2018-10-06 15:25:00, 2018-10-06 15:25:59, false, -0.0128, 0.0064, 0.1319, true
2018-10-06 15:26:01, 2018-10-06 15:26:58, false, -0.0079, 0.0035, 0.3028, true
2018-10-06 15:27:00, 2018-10-06 15:27:59, true, 0.0184, 0.0400, -0.2254, true
2018-10-06 15:28:01, 2018-10-06 15:28:59, false, -0.0287, 0.0175, -0.2119, true
2018-10-06 15:29:00, 2018-10-06 15:29:59, false, -0.0002, 0.0030, -0.0152, true
2018-10-06 15:30:00, 2018-10-06 15:30:59, true, 0.0117, 0.0164, 0.2771, true
2018-10-06 15:31:00, 2018-10-06 15:31:58, false, -0.0087, 0.0164, -0.0421, true
2018-10-06 15:32:00, 2018-10-06 15:32:59, true, 0.0062, 0.0070, -0.1815, true
2018-10-06 15:33:00, 2018-10-06 15:33:59, false, -0.0307, 0.0094, 0.2243, true
2018-10-06 15:34:00, 2018-10-06 15:34:58, false, -0.0011, 0.0041, -0.1286, true
2018-10-06 15:35:00, 2018-10-06 15:35:59, true, 0.0450, 0.0474, -0.1784, true
2018-10-06 15:36:00, 2018-10-06 15:36:59, false, -0.0128, 0.0465, 0.1072, true
2018-10-06 15:37:00, 2018-10-06 15:37:59, true, 0.0562, 0.0578, -0.0287, true
2018-10-06 15:38:01, 2018-10-06 15:38:59, true, 0.0047, 0.0631, -0.0846, true
2018-10-06 15:39:01, 2018-10-06 15:39:59, false, -0.0082, 0.0058, -0.0287, true
2018-10-06 15:40:00, 2018-10-06 15:40:59, true, 0.0122, 0.0123, 0.0368, true
2018-10-06 15:41:00, 2018-10-06 15:41:58, true, 0.0005, 0.0135, -0.0108, true
2018-10-06 15:42:00, 2018-10-06 15:42:59, false, 0.0000, 0.0015, 0.1975, true
2018-10-06 15:43:00, 2018-10-06 15:43:59, true, 0.0005, 0.0055, 0.0024, true
2018-10-06 15:44:00, 2018-10-06 15:44:59, false, -0.0073, 0.0038, -0.0571, true
2018-10-06 15:45:00, 2018-10-06 15:45:59, true, 0.0002, 0.0014, -0.0472, true
2018-10-06 15:46:00, 2018-10-06 15:46:59, false, -0.0115, 0.0035, -0.0460, true
2018-10-06 15:47:00, 2018-10-06 15:47:59, true, 0.0008, 0.0012, -0.0553, true
2018-10-06 15:48:00, 2018-10-06 15:48:59, false, -0.0002, 0.0036, 0.1270, true
2018-10-06 15:49:00, 2018-10-06 15:49:59, false, -0.0067, 0.0111, -0.0609, true
2018-10-06 15:50:00, 2018-10-06 15:50:59, true, 0.0044, 0.0044, 0.0538, true
2018-10-06 15:51:00, 2018-10-06 15:51:59, false, -0.0030, 0.0061, 0.0663, true
2018-10-06 15:52:00, 2018-10-06 15:52:59, false, -0.0024, 0.0062, -0.1644, true
2018-10-06 15:53:00, 2018-10-06 15:53:59, false, -0.0068, 0.0011, -0.0778, true
2018-10-06 15:54:00, 2018-10-06 15:54:59, true, 0.0331, 0.0520, 0.1861, true
2018-10-06 15:55:00, 2018-10-06 15:55:59, true, 0.0073, 0.0544, 0.0292, true
2018-10-06 15:56:00, 2018-10-06 15:56:59, false, -0.0009, 0.0135, -0.1278, true
2018-10-06 15:57:00, 2018-10-06 15:57:59, true, 0.0018, 0.0056, 0.2716, true
2018-10-06 15:58:00, 2018-10-06 15:58:58, false, -0.0375, 0.0149, 0.0153, true
2018-10-06 15:59:00, 2018-10-06 15:59:59, false, -0.0163, 0.0050, -0.2017, true
2018-10-06 16:00:00, 2018-10-06 16:00:59, false, -0.0100, 0.0000, 0.0333, true
2018-10-06 16:01:00, 2018-10-06 16:01:59, true, 0.0008, 0.0141, -0.0982, true
2018-10-06 16:02:00, 2018-10-06 16:02:59, false, -0.0138, 0.0012, 0.0246, true
2018-10-06 16:03:00, 2018-10-06 16:03:59, false, -0.0339, -0.0008, 0.0762, true
2018-10-06 16:04:00, 2018-10-06 16:04:59, true, 0.0164, 0.0208, 0.3570, true
2018-10-06 16:05:00, 2018-10-06 16:05:59, true, 0.0211, 0.0452, -0.2653, true
2018-10-06 16:06:00, 2018-10-06 16:06:59, true, 0.0011, 0.0234, 0.0696, true
2018-10-06 16:07:00, 2018-10-06 16:07:59, false, -0.0116, 0.0138, -0.3786, true
2018-10-06 16:08:00, 2018-10-06 16:08:58, false, -0.0534, 0.0008, 0.4457, true
2018-10-06 16:09:00, 2018-10-06 16:09:59, false, -0.0094, 0.0000, -0.2188, true
2018-10-06 16:10:00, 2018-10-06 16:10:56, false, -0.0062, 0.0085, 0.1404, true
2018-10-06 16:11:00, 2018-10-06 16:11:59, true, 0.0116, 0.0452, -0.2318, true
2018-10-06 16:12:00, 2018-10-06 16:12:59, false, -0.0017, 0.0507, 0.3106, true
2018-10-06 16:13:01, 2018-10-06 16:13:58, false, -0.0479, 0.0037, -0.1814, true
2018-10-06 16:14:00, 2018-10-06 16:14:59, true, 0.0024, 0.0062, 0.2983, true
2018-10-06 16:15:00, 2018-10-06 16:15:59, true, 0.0068, 0.0216, -0.3949, true
2018-10-06 16:16:00, 2018-10-06 16:16:59, true, 0.0958, 0.1228, -0.0781, true
2018-10-06 16:17:00, 2018-10-06 16:17:59, true, 0.0305, 0.1263, 0.1056, true
2018-10-06 16:18:01, 2018-10-06 16:18:59, false, -0.0040, 0.0543, -0.0185, true
2018-10-06 16:19:01, 2018-10-06 16:19:59, false, -0.0059, 0.0021, 0.3814, true
2018-10-06 16:20:00, 2018-10-06 16:20:59, false, -0.0354, 0.0029, -0.0275, true
2018-10-06 16:21:00, 2018-10-06 16:21:59, false, -0.0041, 0.0079, -0.2793, true
2018-10-06 16:22:00, 2018-10-06 16:22:59, true, 0.0043, 0.0085, 0.4186, true
2018-10-06 16:23:00, 2018-10-06 16:23:59, true, 0.0075, 0.0205, -0.4032, true
2018-10-06 16:24:00, 2018-10-06 16:24:59, true, 0.0090, 0.0157, -0.1747, true
2018-10-06 16:25:00, 2018-10-06 16:25:59, false, -0.0309, 0.0091, 0.2468, true
2018-10-06 16:26:00, 2018-10-06 16:26:59, false, -0.0183, 0.0166, -0.1965, true
2018-10-06 16:27:00, 2018-10-06 16:27:59, true, 0.0128, 0.0316, 0.9376, true
2018-10-06 16:28:00, 2018-10-06 16:28:59, true, 0.0193, 0.0269, -0.8941, true
2018-10-06 16:29:00, 2018-10-06 16:29:59, false, -0.0192, 0.0161, 0.0062, true
2018-10-06 16:30:00, 2018-10-06 16:30:59, false, -0.0310, 0.0011, -0.0102, true
2018-10-06 16:31:00, 2018-10-06 16:31:59, true, 0.0079, 0.0145, 0.0169, true
2018-10-06 16:32:00, 2018-10-06 16:32:58, true, 0.0009, 0.0167, 0.4135, true
2018-10-06 16:33:00, 2018-10-06 16:33:59, true, 0.0023, 0.0064, -0.5160, true
2018-10-06 16:34:00, 2018-10-06 16:34:59, false, 0.0000, 0.0131, 0.0633, true
2018-10-06 16:35:00, 2018-10-06 16:35:58, false, -0.0374, 0.0072, -0.0746, true
2018-10-06 16:36:00, 2018-10-06 16:36:59, false, -0.0064, 0.0082, -0.0105, true
2018-10-06 16:37:00, 2018-10-06 16:37:59, false, -0.0075, 0.0037, 0.0762, true
2018-10-06 16:38:00, 2018-10-06 16:38:58, false, -0.0072, 0.0009, -0.0886, true
2018-10-06 16:39:00, 2018-10-06 16:39:59, true, 0.0117, 0.0125, -0.0429, true
2018-10-06 16:40:00, 2018-10-06 16:40:59, false, -0.0484, 0.0123, 0.1532, true
2018-10-06 16:41:00, 2018-10-06 16:41:59, true, 0.1862, 0.1903, 0.1578, true
2018-10-06 16:42:00, 2018-10-06 16:42:59, false, -0.0111, 0.1917, -0.1985, true
2018-10-06 16:43:00, 2018-10-06 16:43:57, true, 0.0049, 0.0108, -0.0123, true
2018-10-06 16:44:00, 2018-10-06 16:44:59, false, -0.0074, 0.0112, -0.0363, true
2018-10-06 16:45:00, 2018-10-06 16:45:59, false, -0.0093, 0.0044, -0.0511, true
2018-10-06 16:46:01, 2018-10-06 16:46:58, true, 0.0286, 0.0457, 0.1226, true
2018-10-06 16:47:00, 2018-10-06 16:47:58, true, 0.0091, 0.0196, -0.0391, true
2018-10-06 16:48:00, 2018-10-06 16:48:58, false, -0.0120, 0.0198, 0.0430, true
2018-10-06 16:49:00, 2018-10-06 16:49:59, true, 0.0134, 0.0252, 0.4057, true
2018-10-06 16:50:02, 2018-10-06 16:50:59, false, -0.0204, 0.0242, -0.3999, true
2018-10-06 16:51:00, 2018-10-06 16:51:59, false, -0.0043, 0.0094, -0.1021, true
2018-10-06 16:52:00, 2018-10-06 16:52:59, false, -0.0096, 0.0049, 0.1114, true
2018-10-06 16:53:00, 2018-10-06 16:53:59, true, 0.0009, 0.0065, -0.0614, true
2018-10-06 16:54:00, 2018-10-06 16:54:59, true, 0.0105, 0.0274, 0.0775, true
2018-10-06 16:55:01, 2018-10-06 16:55:59, false, -0.0040, 0.0272, -0.0512, true
2018-10-06 16:56:00, 2018-10-06 16:56:59, true, 0.0073, 0.0205, -0.0404, true
2018-10-06 16:57:00, 2018-10-06 16:57:59, true, 0.0030, 0.0249, -0.0074, true
2018-10-06 16:58:00, 2018-10-06 16:58:59, true, 0.0129, 0.0195, 0.0849, true
2018-10-06 16:59:00, 2018-10-06 16:59:59, false, -0.0181, 0.0251, 0.1509, true
2018-10-06 17:00:00, 2018-10-06 17:00:58, false, 0.0000, 0.0193, -0.1775, true
2018-10-06 17:01:00, 2018-10-06 17:01:59, false, -0.0462, 0.0065, 0.1992, true
2018-10-06 17:02:00, 2018-10-06 17:02:59, false, -0.0239, 0.0005, 0.0102, true
2018-10-06 17:03:00, 2018-10-06 17:03:59, true, 0.0550, 0.0660, 0.0442, true
2018-10-06 17:04:00, 2018-10-06 17:04:58, true, 0.0029, 0.0753, 0.1050, true
2018-10-06 17:05:00, 2018-10-06 17:05:59, true, 0.0027, 0.0222, -0.2969, true
2018-10-06 17:06:00, 2018-10-06 17:06:58, true, 0.0199, 0.0336, -0.0204, true
2018-10-06 17:07:00, 2018-10-06 17:07:59, false, -0.0006, 0.0397, 0.0223, true
2018-10-06 17:08:00, 2018-10-06 17:08:59, false, -0.0094, 0.0117, 0.0195, true
2018-10-06 17:09:00, 2018-10-06 17:09:59, true, 0.0392, 0.0454, -0.0986, true
2018-10-06 17:10:00, 2018-10-06 17:10:59, true, 0.0105, 0.0533, 0.2297, true
2018-10-06 17:11:00, 2018-10-06 17:11:59, true, 0.0096, 0.0280, -0.2318, true
2018-10-06 17:12:00, 2018-10-06 17:12:59, false, -0.0044, 0.0374, 0.0848, true
2018-10-06 17:13:02, 2018-10-06 17:13:56, true, 0.0222, 0.0336, -0.0530, true
2018-10-06 17:14:01, 2018-10-06 17:14:59, true, 0.0237, 0.0507, 0.5516, true
2018-10-06 17:15:00, 2018-10-06 17:15:59, false, -0.0167, 0.0433, -0.5353, true
2018-10-06 17:16:01, 2018-10-06 17:16:59, true, 0.0147, 0.0266, 0.2836, true
2018-10-06 17:17:00, 2018-10-06 17:17:59, false, -0.0229, 0.0237, -0.3024, true
2018-10-06 17:18:00, 2018-10-06 17:18:59, true, 0.0111, 0.0282, -0.0131, true
2018-10-06 17:19:00, 2018-10-06 17:19:59, true, 0.0088, 0.0234, 0.0255, true
2018-10-06 17:20:00, 2018-10-06 17:20:59, true, 0.0364, 0.0632, -0.0527, true
2018-10-06 17:21:00, 2018-10-06 17:21:59, false, -0.0018, 0.0464, -0.0202, true
2018-10-06 17:22:00, 2018-10-06 17:22:59, false, 0.0000, 0.0143, -0.0307, true
2018-10-06 17:23:00, 2018-10-06 17:23:59, true, 0.0014, 0.0170, 0.0862, true
2018-10-06 17:24:00, 2018-10-06 17:24:59, false, -0.0217, 0.0121, -0.0721, true
2018-10-06 17:25:00, 2018-10-06 17:25:59, false, -0.0002, 0.0038, 0.0167, true
2018-10-06 17:26:00, 2018-10-06 17:26:58, false, -0.0068, 0.0164, 0.0796, true
2018-10-06 17:27:00, 2018-10-06 17:27:58, false, -0.0065, 0.0050, -0.0381, true
2018-10-06 17:28:00, 2018-10-06 17:28:59, false, -0.0035, 0.0156, 0.2062, true
2018-10-06 17:29:01, 2018-10-06 17:29:59, false, -0.0238, 0.0049, -0.0714, true
2018-10-06 17:30:00, 2018-10-06 17:30:59, true, 0.0041, 0.0100, -0.1425, true
2018-10-06 17:31:00, 2018-10-06 17:31:59, false, -0.0002, 0.0097, 0.0794, true
2018-10-06 17:32:00, 2018-10-06 17:32:58, false, -0.0159, 0.0081, 0.0179, true
2018-10-06 17:33:00, 2018-10-06 17:33:59, false, -0.0017, 0.0143, 0.0966, true
2018-10-06 17:34:00, 2018-10-06 17:34:58, false, -0.0188, 0.0087, -0.1878, true
2018-10-06 17:35:00, 2018-10-06 17:35:59, false, -0.0023, 0.0023, -0.0012, true
2018-10-06 17:36:00, 2018-10-06 17:36:57, true, 0.0460, 0.0545, 0.0307, true
2018-10-06 17:37:00, 2018-10-06 17:37:59, true, 0.0187, 0.0655, -0.0855, true
2018-10-06 17:38:00, 2018-10-06 17:38:59, true, 0.0036, 0.0355, 0.0298, true
2018-10-06 17:39:00, 2018-10-06 17:39:59, true, 0.0088, 0.0175, -0.0276, true
2018-10-06 17:40:00, 2018-10-06 17:40:59, true, 0.0102, 0.0322, 0.0381, true
2018-10-06 17:41:00, 2018-10-06 17:41:59, true, 0.0127, 0.0284, -0.0345, true
2018-10-06 17:42:00, 2018-10-06 17:42:59, false, -0.0065, 0.0284, 0.1019, true
2018-10-06 17:43:00, 2018-10-06 17:43:58, true, 0.0149, 0.0252, -0.0461, true
2018-10-06 17:44:00, 2018-10-06 17:44:59, false, -0.0020, 0.0153, -0.0205, true
2018-10-06 17:45:00, 2018-10-06 17:45:59, true, 0.0200, 0.0572, 0.6373, true
2018-10-06 17:46:00, 2018-10-06 17:46:59, false, -0.0096, 0.0237, -0.5706, true
2018-10-06 17:47:00, 2018-10-06 17:47:59, false, -0.0226, 0.0118, -0.0780, true
2018-10-06 17:48:00, 2018-10-06 17:48:59, true, 0.0131, 0.0165, -0.0326, true
2018-10-06 17:49:00, 2018-10-06 17:49:59, false, -0.0121, 0.0209, 0.0525, true
2018-10-06 17:50:00, 2018-10-06 17:50:59, true, 0.0044, 0.0064, -0.0675, true
2018-10-06 17:51:00, 2018-10-06 17:51:59, true, 0.0023, 0.0296, 0.0730, true
2018-10-06 17:52:00, 2018-10-06 17:52:59, false, -0.0105, 0.0105, 0.0235, true
2018-10-06 17:53:00, 2018-10-06 17:53:58, false, -0.0047, 0.0000, -0.0612, true
2018-10-06 17:54:00, 2018-10-06 17:54:59, true, 0.0523, 0.0540, -0.0077, true
2018-10-06 17:55:00, 2018-10-06 17:55:59, false, -0.0162, 0.0527, 0.0605, true
2018-10-06 17:56:00, 2018-10-06 17:56:59, true, 0.0126, 0.0155, 0.0244, true
2018-10-06 17:57:01, 2018-10-06 17:57:59, true, 0.0077, 0.0270, -0.1202, true
2018-10-06 17:58:00, 2018-10-06 17:58:59, true, 0.0127, 0.0205, 0.1461, true
2018-10-06 17:59:00, 2018-10-06 17:59:59, true, 0.0023, 0.0258, -0.0812, true
2018-10-06 18:00:00, 2018-10-06 18:00:59, false, -0.0354, 0.0023, -0.0331, true
2018-10-06 18:01:00, 2018-10-06 18:01:57, false, -0.0144, 0.0008, -0.0026, true
2018-10-06 18:02:00, 2018-10-06 18:02:59, true, 0.0055, 0.0056, 0.1331, true
2018-10-06 18:03:00, 2018-10-06 18:03:58, false, -0.0121, 0.0068, -0.1283, true
2018-10-06 18:04:00, 2018-10-06 18:04:59, true, 0.0021, 0.0132, 0.1254, true
2018-10-06 18:05:00, 2018-10-06 18:05:59, true, 0.0023, 0.0217, -0.1340, true
2018-10-06 18:06:01, 2018-10-06 18:06:59, true, 0.0029, 0.0064, 0.0293, true
2018-10-06 18:07:00, 2018-10-06 18:07:58, false, -0.0067, 0.0115, -0.0404, true
2018-10-06 18:08:00, 2018-10-06 18:08:59, false, -0.0009, 0.0137, 0.0228, true
2018-10-06 18:09:00, 2018-10-06 18:09:59, false, -0.0079, 0.0067, 0.0273, true
2018-10-06 18:10:00, 2018-10-06 18:10:59, false, -0.0055, 0.0009, 0.3409, true
2018-10-06 18:11:00, 2018-10-06 18:11:59, true, 0.0020, 0.0082, -0.4537, true
2018-10-06 18:12:00, 2018-10-06 18:12:59, true, 0.0159, 0.0398, 0.0229, true
2018-10-06 18:13:01, 2018-10-06 18:13:59, true, 0.0096, 0.0256, -0.0026, true
2018-10-06 18:14:00, 2018-10-06 18:14:59, true, 0.0011, 0.0115, 0.0942, true
2018-10-06 18:15:00, 2018-10-06 18:15:59, true, 0.0002, 0.0014, -0.1539, true
2018-10-06 18:16:00, 2018-10-06 18:16:59, false, -0.0188, 0.0067, 0.0299, true
2018-10-06 18:17:00, 2018-10-06 18:17:58, false, -0.0124, 0.0083, 0.0932, true
2018-10-06 18:18:00, 2018-10-06 18:18:58, true, 0.0085, 0.0149, -0.0512, true
2018-10-06 18:19:00, 2018-10-06 18:19:59, false, -0.0041, 0.0190, -0.0080, true
2018-10-06 18:20:00, 2018-10-06 18:20:59, true, 0.0036, 0.0061, 0.0756, true
2018-10-06 18:21:00, 2018-10-06 18:21:59, false, -0.0020, 0.0132, -0.0398, true
2018-10-06 18:22:00, 2018-10-06 18:22:57, false, -0.0109, 0.0005, -0.0395, true
2018-10-06 18:23:01, 2018-10-06 18:23:59, true, 0.0105, 0.0111, -0.0653, true
2018-10-06 18:24:00, 2018-10-06 18:24:59, false, -0.0070, 0.0112, 0.0261, true
2018-10-06 18:25:00, 2018-10-06 18:25:59, false, -0.0073, 0.0003, 0.1020, true
2018-10-06 18:26:00, 2018-10-06 18:26:59, false, -0.0012, 0.0006, 0.0302, true
2018-10-06 18:27:01, 2018-10-06 18:27:58, true, 0.0029, 0.0120, -0.0027, true
2018-10-06 18:28:00, 2018-10-06 18:28:59, true, 0.0090, 0.0126, 0.0370, true
2018-10-06 18:29:00, 2018-10-06 18:29:59, true, 0.0235, 0.0487, 0.0612, true
2018-10-06 18:30:00, 2018-10-06 18:30:59, false, -0.0115, 0.0211, -0.0745, true
2018-10-06 18:31:01, 2018-10-06 18:31:59, false, -0.0153, 0.0044, 0.0386, true
2018-10-06 18:32:00, 2018-10-06 18:32:59, true, 0.0036, 0.0121, 0.2045, true
2018-10-06 18:33:00, 2018-10-06 18:33:59, false, -0.0112, 0.0044, -0.3297, true
2018-10-06 18:34:00, 2018-10-06 18:34:58, true, 0.0103, 0.0106, 0.0622, true
2018-10-06 18:35:00, 2018-10-06 18:35:59, true, 0.0039, 0.0196, 0.0288, true
2018-10-06 18:36:00, 2018-10-06 18:36:58, true, 0.0012, 0.0137, -0.0754, true
2018-10-06 18:37:00, 2018-10-06 18:37:59, true, 0.0044, 0.0083, 0.0549, true
2018-10-06 18:38:01, 2018-10-06 18:38:58, true, 0.0009, 0.0059, -0.0200, true
2018-10-06 18:39:00, 2018-10-06 18:39:59, false, -0.0044, 0.0079, -0.0466, true
2018-10-06 18:40:00, 2018-10-06 18:40:59, true, 0.0191, 0.0199, 0.1349, true
2018-10-06 18:41:00, 2018-10-06 18:41:59, true, 0.0003, 0.0206, -0.0797, true
2018-10-06 18:42:01, 2018-10-06 18:42:59, true, 0.0097, 0.0118, -0.0407, true
2018-10-06 18:43:00, 2018-10-06 18:43:59, true, 0.0027, 0.0124, 0.3363, true
2018-10-06 18:44:01, 2018-10-06 18:44:59, true, 0.0153, 0.0231, -0.2948, true
2018-10-06 18:45:01, 2018-10-06 18:45:59, true, 0.0147, 0.0337, 0.0980, true
2018-10-06 18:46:03, 2018-10-06 18:46:59, true, 0.0396, 0.0695, -0.0362, true
2018-10-06 18:47:00, 2018-10-06 18:47:59, true, 0.0190, 0.0684, 0.0331, true
2018-10-06 18:48:00, 2018-10-06 18:48:59, false, -0.0279, 0.0202, -0.0317, true
2018-10-06 18:49:00, 2018-10-06 18:49:59, true, 0.0079, 0.0244, -0.0872, true
2018-10-06 18:50:00, 2018-10-06 18:50:59, false, 0.0000, 0.0141, 0.0165, true
2018-10-06 18:51:00, 2018-10-06 18:51:59, false, -0.0088, 0.0058, -0.0262, true
2018-10-06 18:52:00, 2018-10-06 18:52:58, true, 0.0158, 0.0167, 0.0537, true
2018-10-06 18:53:00, 2018-10-06 18:53:59, false, -0.0006, 0.0176, 0.0127, true
2018-10-06 18:54:00, 2018-10-06 18:54:59, false, -0.0006, 0.0014, -0.0406, true
2018-10-06 18:55:00, 2018-10-06 18:55:59, false, -0.0018, 0.0029, -0.0114, true
2018-10-06 18:56:00, 2018-10-06 18:56:57, false, -0.0138, 0.0052, -0.0012, true
2018-10-06 18:57:00, 2018-10-06 18:57:59, false, -0.0012, 0.0029, 0.0403, true
2018-10-06 18:58:00, 2018-10-06 18:58:58, true, 0.0009, 0.0027, 0.0356, true
2018-10-06 18:59:01, 2018-10-06 18:59:57, false, -0.0030, 0.0655, 0.2125, true
2018-10-06 19:00:00, 2018-10-06 19:00:59, true, 0.0285, 0.0362, -0.1298, true
2018-10-06 19:01:00, 2018-10-06 19:01:59, false, -0.0100, 0.0287, -0.1955, true
2018-10-06 19:02:00, 2018-10-06 19:02:59, true, 0.0221, 0.0243, 0.0609, true
2018-10-06 19:03:00, 2018-10-06 19:03:58, true, 0.0386, 0.0810, -0.0092, true
2018-10-06 19:04:00, 2018-10-06 19:04:59, true, 0.0033, 0.0480, 0.0059, true
2018-10-06 19:05:00, 2018-10-06 19:05:59, false, -0.0067, 0.0041, 0.0182, true
2018-10-06 19:06:00, 2018-10-06 19:06:58, false, -0.0079, 0.0024, 0.1719, true
2018-10-06 19:07:00, 2018-10-06 19:07:58, true, 0.0015, 0.0082, -0.1329, true
2018-10-06 19:08:00, 2018-10-06 19:08:57, false, -0.0064, 0.0015, -0.0711, true
2018-10-06 19:09:00, 2018-10-06 19:09:59, true, 0.0020, 0.0032, -0.0203, true
2018-10-06 19:10:00, 2018-10-06 19:10:57, false, -0.0024, 0.0032, 0.2567, true
2018-10-06 19:11:01, 2018-10-06 19:11:59, false, -0.0126, 0.0032, -0.2346, true
2018-10-06 19:12:00, 2018-10-06 19:12:59, false, -0.0476, 0.0005, 0.3197, true
2018-10-06 19:13:00, 2018-10-06 19:13:59, false, -0.0428, 0.0000, -0.3515, true
2018-10-06 19:14:00, 2018-10-06 19:14:59, false, -0.0768, 0.0167, 0.2578, true
2018-10-06 19:15:00, 2018-10-06 19:15:59, false, -0.0085, 0.0005, 0.0014, true
2018-10-06 19:16:00, 2018-10-06 19:16:59, false, -0.0082, 0.0058, -0.2733, true
2018-10-06 19:17:00, 2018-10-06 19:17:59, true, 0.0033, 0.0118, 0.2434, true
2018-10-06 19:18:00, 2018-10-06 19:18:58, false, -0.0103, 0.0141, -0.1581, true
2018-10-06 19:19:00, 2018-10-06 19:19:59, true, 0.0100, 0.0103, -0.0703, true
2018-10-06 19:20:00, 2018-10-06 19:20:59, false, -0.0486, 0.0143, 0.0732, true
2018-10-06 19:21:00, 2018-10-06 19:21:59, true, 0.0918, 0.1001, 0.2128, true
2018-10-06 19:22:00, 2018-10-06 19:22:59, false, -0.0030, 0.0437, -0.3031, true
2018-10-06 19:23:00, 2018-10-06 19:23:59, false, -0.0134, 0.0000, 0.0680, true
2018-10-06 19:24:00, 2018-10-06 19:24:59, false, -0.0111, 0.0005, -0.0258, true
2018-10-06 19:25:00, 2018-10-06 19:25:59, false, -0.0181, 0.0024, 0.0632, true
2018-10-06 19:26:00, 2018-10-06 19:26:59, false, -0.0428, 0.0005, -0.0207, true
2018-10-06 19:27:00, 2018-10-06 19:27:59, true, 0.0061, 0.0070, -0.0336, true
2018-10-06 19:28:00, 2018-10-06 19:28:59, false, -0.0021, 0.0201, -0.0322, true
2018-10-06 19:29:00, 2018-10-06 19:29:58, false, -0.0144, 0.0088, 0.0424, true
2018-10-06 19:30:00, 2018-10-06 19:30:59, false, -0.0239, 0.0000, -0.0079, true
2018-10-06 19:31:00, 2018-10-06 19:31:59, false, -0.0420, 0.0050, -0.0401, true
2018-10-06 19:32:00, 2018-10-06 19:32:59, false, -0.0085, 0.0003, 0.2085, true
2018-10-06 19:33:01, 2018-10-06 19:33:58, false, -0.0033, 0.0011, -0.2179, true
2018-10-06 19:34:00, 2018-10-06 19:34:59, true, 0.0100, 0.0100, 0.0411, true
2018-10-06 19:35:00, 2018-10-06 19:35:59, false, -0.0152, 0.0119, 0.1153, true
2018-10-06 19:36:01, 2018-10-06 19:36:59, false, -0.0427, 0.0070, -0.1645, true
2018-10-06 19:37:00, 2018-10-06 19:37:57, true, 0.0005, 0.0012, -0.0361, true
2018-10-06 19:38:02, 2018-10-06 19:38:59, true, 0.0470, 0.0682, 0.0097, true
2018-10-06 19:39:00, 2018-10-06 19:39:59, true, 0.0024, 0.0534, 0.1410, true
2018-10-06 19:40:00, 2018-10-06 19:40:59, false, -0.0135, 0.0096, 0.0201, true
2018-10-06 19:41:00, 2018-10-06 19:41:59, false, -0.0245, 0.0008, -0.0228, true
2018-10-06 19:42:00, 2018-10-06 19:42:59, false, -0.0146, 0.0190, -0.0409, true
2018-10-06 19:43:01, 2018-10-06 19:43:59, true, 0.0347, 0.0449, 0.1927, true
2018-10-06 19:44:00, 2018-10-06 19:44:59, true, 0.0219, 0.0576, -0.1942, true
2018-10-06 19:45:00, 2018-10-06 19:45:59, false, -0.0009, 0.0224, -0.0573, true
2018-10-06 19:46:00, 2018-10-06 19:46:59, false, -0.0386, 0.0078, 0.0608, true
2018-10-06 19:47:01, 2018-10-06 19:47:59, false, -0.0304, 0.0008, -0.0450, true
2018-10-06 19:48:00, 2018-10-06 19:48:59, true, 0.0058, 0.0114, 0.0450, true
2018-10-06 19:49:01, 2018-10-06 19:49:58, false, -0.0079, 0.0091, -0.0802, true
2018-10-06 19:50:00, 2018-10-06 19:50:59, false, -0.0161, 0.0006, -0.0330, true
2018-10-06 19:51:00, 2018-10-06 19:51:59, false, -0.0119, 0.0085, 0.1006, true
2018-10-06 19:52:00, 2018-10-06 19:52:59, true, 0.1890, 0.1900, -0.0123, true
2018-10-06 19:53:00, 2018-10-06 19:53:59, false, 0.0000, 0.2113, 0.0278, true
2018-10-06 19:54:00, 2018-10-06 19:54:59, true, 0.0163, 0.0243, 0.2663, true
2018-10-06 19:55:00, 2018-10-06 19:55:59, true, 0.0595, 0.0802, -0.3857, true
2018-10-06 19:56:01, 2018-10-06 19:56:59, true, 0.0047, 0.0691, 0.0531, true
2018-10-06 19:57:00, 2018-10-06 19:57:58, false, -0.0003, 0.0090, -0.0214, true
2018-10-06 19:58:00, 2018-10-06 19:58:58, true, 0.0014, 0.0015, -0.0638, true
2018-10-06 19:59:00, 2018-10-06 19:59:59, false, -0.0243, 0.0084, 0.3349, true
2018-10-06 20:00:00, 2018-10-06 20:00:59, true, 0.0008, 0.0032, -0.1697, true
2018-10-06 20:01:00, 2018-10-06 20:01:57, true, 0.0134, 0.0140, -0.0657, true
2018-10-06 20:02:00, 2018-10-06 20:02:59, false, -0.0084, 0.0216, 0.0606, true
2018-10-06 20:03:00, 2018-10-06 20:03:59, false, -0.0087, 0.0000, -0.0642, true
2018-10-06 20:04:00, 2018-10-06 20:04:59, false, -0.0008, 0.0085, -0.0425, true
2018-10-06 20:05:00, 2018-10-06 20:05:58, false, -0.0213, -0.0015, 0.0349, true
2018-10-06 20:06:00, 2018-10-06 20:06:59, true, 0.0175, 0.0207, 0.0498, true
2018-10-06 20:07:02, 2018-10-06 20:07:59, true, 0.0003, 0.0182, -0.0354, true
2018-10-06 20:08:00, 2018-10-06 20:08:59, true, 0.0070, 0.0097, -0.0044, true
2018-10-06 20:09:00, 2018-10-06 20:09:59, false, -0.0196, 0.0088, 0.0658, true
2018-10-06 20:10:00, 2018-10-06 20:10:59, true, 0.0011, 0.0032, -0.0957, true
2018-10-06 20:11:00, 2018-10-06 20:11:58, true, 0.0005, 0.0046, 0.0390, true
2018-10-06 20:12:00, 2018-10-06 20:12:59, true, 0.0395, 0.0404, -0.0411, true
2018-10-06 20:13:00, 2018-10-06 20:13:59, false, -0.0088, 0.0550, 0.0660, true
2018-10-06 20:14:00, 2018-10-06 20:14:58, false, -0.0064, 0.0053, -0.0436, true
2018-10-06 20:15:00, 2018-10-06 20:15:59, true, 0.0074, 0.0080, -0.0105, true
2018-10-06 20:16:00, 2018-10-06 20:16:59, true, 0.0062, 0.0141, 0.0451, true
2018-10-06 20:17:00, 2018-10-06 20:17:59, false, -0.0114, 0.0064, 0.0006, true
2018-10-06 20:18:00, 2018-10-06 20:18:56, false, -0.0005, 0.0126, 0.1549, true
2018-10-06 20:19:03, 2018-10-06 20:19:59, false, -0.0052, 0.0088, -0.0789, true
2018-10-06 20:20:00, 2018-10-06 20:20:58, true, 0.0050, 0.0178, -0.0826, true
2018-10-06 20:21:00, 2018-10-06 20:21:59, true, 0.0058, 0.0065, 0.3615, true
2018-10-06 20:22:00, 2018-10-06 20:22:59, false, -0.0103, 0.0071, -0.2654, true
2018-10-06 20:23:00, 2018-10-06 20:23:56, false, -0.0100, 0.0036, -0.0357, true
2018-10-06 20:24:01, 2018-10-06 20:24:59, true, 0.0023, 0.0023, -0.0437, true
2018-10-06 20:25:00, 2018-10-06 20:25:59, false, -0.0059, 0.0088, 0.0451, true
2018-10-06 20:26:03, 2018-10-06 20:26:58, false, -0.0008, 0.0056, -0.0762, true
2018-10-06 20:27:00, 2018-10-06 20:27:59, false, -0.0135, 0.0023, -0.0217, true
2018-10-06 20:28:00, 2018-10-06 20:28:59, true, 0.0008, 0.0112, -0.0196, true
2018-10-06 20:29:00, 2018-10-06 20:29:59, true, 0.0492, 0.0516, -0.0213, true
2018-10-06 20:30:00, 2018-10-06 20:30:59, false, -0.0020, 0.0515, 0.0521, true
2018-10-06 20:31:00, 2018-10-06 20:31:59, false, -0.0123, 0.0094, 0.0290, true
2018-10-06 20:32:00, 2018-10-06 20:32:58, true, 0.0168, 0.0175, 0.2413, true
2018-10-06 20:33:00, 2018-10-06 20:33:59, false, -0.0043, 0.0261, -0.2183, true
2018-10-06 20:34:00, 2018-10-06 20:34:59, true, 0.0027, 0.0035, -0.0713, true
2018-10-06 20:35:00, 2018-10-06 20:35:59, false, -0.0023, 0.0027, 0.1538, true
2018-10-06 20:36:00, 2018-10-06 20:36:58, false, -0.0109, 0.0041, -0.0850, true
2018-10-06 20:37:00, 2018-10-06 20:37:59, false, -0.0043, 0.0000, 0.0674, true
2018-10-06 20:38:00, 2018-10-06 20:38:59, true, 0.0026, 0.0056, -0.1699, true
2018-10-06 20:39:01, 2018-10-06 20:39:59, true, 0.0103, 0.0135, -0.0238, true
2018-10-06 20:40:00, 2018-10-06 20:40:59, false, -0.0038, 0.0114, -0.0105, true
2018-10-06 20:41:00, 2018-10-06 20:41:59, false, -0.0111, 0.0068, 0.1899, true
2018-10-06 20:42:00, 2018-10-06 20:42:59, true, 0.0185, 0.0194, -0.0794, true
2018-10-06 20:43:00, 2018-10-06 20:43:56, false, -0.0015, 0.0269, 0.0624, true
2018-10-06 20:44:00, 2018-10-06 20:44:59, true, 0.0090, 0.0240, -0.0710, true
2018-10-06 20:45:00, 2018-10-06 20:45:59, false, -0.0100, 0.0199, 0.0871, true
2018-10-06 20:46:00, 2018-10-06 20:46:58, false, -0.0124, 0.0061, -0.0586, true
2018-10-06 20:47:00, 2018-10-06 20:47:58, true, 0.0472, 0.0507, 0.4419, true
2018-10-06 20:48:00, 2018-10-06 20:48:58, true, 0.0083, 0.0672, -0.4370, true
2018-10-06 20:49:00, 2018-10-06 20:49:59, false, -0.0047, 0.0237, -0.0420, true
2018-10-06 20:50:01, 2018-10-06 20:50:59, false, -0.0038, 0.0061, -0.0005, true
2018-10-06 20:51:01, 2018-10-06 20:51:57, true, 0.0017, 0.0058, 0.1460, true
2018-10-06 20:52:00, 2018-10-06 20:52:59, false, -0.0046, 0.0068, -0.1090, true
2018-10-06 20:53:00, 2018-10-06 20:53:59, false, -0.0071, 0.0044, -0.0399, true
2018-10-06 20:54:00, 2018-10-06 20:54:57, false, -0.0020, 0.0035, 0.0103, true
2018-10-06 20:55:00, 2018-10-06 20:55:59, false, 0.0000, 0.0030, 0.0020, true
2018-10-06 20:56:00, 2018-10-06 20:56:58, false, -0.0003, 0.0023, 0.0483, true
2018-10-06 20:57:00, 2018-10-06 20:57:59, false, -0.0074, 0.0071, -0.0630, true
2018-10-06 20:58:00, 2018-10-06 20:58:58, true, 0.0156, 0.0214, 0.0923, true
2018-10-06 20:59:01, 2018-10-06 20:59:59, true, 0.0153, 0.0388, -0.1411, true
2018-10-06 21:00:00, 2018-10-06 21:00:59, true, 0.0082, 0.0247, 0.0326, true
2018-10-06 21:01:00, 2018-10-06 21:01:58, true, 0.0164, 0.0246, 0.2290, true
2018-10-06 21:02:00, 2018-10-06 21:02:59, false, -0.0059, 0.0252, -0.2388, true
2018-10-06 21:03:00, 2018-10-06 21:03:58, false, -0.0478, 0.0090, 0.0126, true
2018-10-06 21:04:00, 2018-10-06 21:04:59, true, 0.0352, 0.0402, -0.0457, true
2018-10-06 21:05:00, 2018-10-06 21:05:59, true, 0.0249, 0.0602, 0.0049, true
2018-10-06 21:06:00, 2018-10-06 21:06:59, true, 0.0056, 0.0545, 0.1321, true
2018-10-06 21:07:00, 2018-10-06 21:07:59, true, 0.0264, 0.0349, 0.0873, true
2018-10-06 21:08:00, 2018-10-06 21:08:59, false, -0.0059, 0.0270, -0.2635, true
2018-10-06 21:09:00, 2018-10-06 21:09:59, false, -0.0211, 0.0036, 0.0783, true
2018-10-06 21:10:00, 2018-10-06 21:10:59, false, -0.0032, 0.0059, 0.1392, true
2018-10-06 21:11:00, 2018-10-06 21:11:57, false, -0.0005, 0.0159, -0.1192, true
2018-10-06 21:12:00, 2018-10-06 21:12:58, true, 0.0262, 0.0278, 0.1682, true
2018-10-06 21:13:00, 2018-10-06 21:13:59, false, -0.0391, 0.0276, -0.1628, true
2018-10-06 21:14:00, 2018-10-06 21:14:59, false, -0.0014, 0.0027, -0.0129, true
2018-10-06 21:15:00, 2018-10-06 21:15:59, false, -0.0053, 0.0026, 0.0391, true
2018-10-06 21:16:00, 2018-10-06 21:16:59, false, -0.0056, -0.0008, 0.0329, true
2018-10-06 21:17:00, 2018-10-06 21:17:59, false, -0.0276, 0.0124, 0.2100, true
2018-10-06 21:18:00, 2018-10-06 21:18:59, false, -0.0083, 0.0000, -0.2759, true
2018-10-06 21:19:00, 2018-10-06 21:19:59, true, 0.0209, 0.0433, 0.2337, true
2018-10-06 21:20:00, 2018-10-06 21:20:58, true, 0.0144, 0.0358, -0.2156, true
2018-10-06 21:21:00, 2018-10-06 21:21:55, true, 0.0276, 0.0724, 0.0234, true
2018-10-06 21:22:00, 2018-10-06 21:22:58, true, 0.0227, 0.0549, 0.2805, true
2018-10-06 21:23:01, 2018-10-06 21:23:57, false, -0.0536, 0.0313, -0.0851, true
2018-10-06 21:24:00, 2018-10-06 21:24:59, false, -0.0046, 0.0003, 0.0149, true
2018-10-06 21:25:01, 2018-10-06 21:25:59, true, 0.0099, 0.0294, -0.2967, true
2018-10-06 21:26:00, 2018-10-06 21:26:59, false, -0.0036, 0.0099, -0.0492, true
2018-10-06 21:27:00, 2018-10-06 21:27:59, false, -0.0032, 0.0259, 0.0270, true
2018-10-06 21:28:00, 2018-10-06 21:28:59, false, -0.0168, 0.0006, 0.0923, true
2018-10-06 21:29:00, 2018-10-06 21:29:59, false, -0.0002, 0.0167, -0.0276, true
2018-10-06 21:30:00, 2018-10-06 21:30:58, true, 0.0080, 0.0203, -0.0596, true
2018-10-06 21:31:00, 2018-10-06 21:31:59, true, 0.0029, 0.0112, 0.0029, true
2018-10-06 21:32:00, 2018-10-06 21:32:59, true, 0.0250, 0.0282, 0.2168, true
2018-10-06 21:33:00, 2018-10-06 21:33:59, false, -0.0211, 0.0279, 0.3041, true
2018-10-06 21:34:00, 2018-10-06 21:34:58, true, 0.0080, 0.0099, -0.3885, true
2018-10-06 21:35:01, 2018-10-06 21:35:57, true, 0.0085, 0.0208, -0.0152, true
2018-10-06 21:36:01, 2018-10-06 21:36:59, false, -0.0062, 0.0114, -0.0646, true
2018-10-06 21:37:00, 2018-10-06 21:37:59, false, -0.0002, 0.0008, -0.0065, true
2018-10-06 21:38:00, 2018-10-06 21:38:59, true, 0.0376, 0.0654, 0.0112, true
2018-10-06 21:39:00, 2018-10-06 21:39:58, true, 0.0076, 0.0684, 0.0224, true
2018-10-06 21:40:00, 2018-10-06 21:40:58, false, -0.0047, 0.0097, -0.0904, true
2018-10-06 21:41:00, 2018-10-06 21:41:59, false, -0.0029, 0.0052, 0.0214, true
2018-10-06 21:42:00, 2018-10-06 21:42:59, false, -0.0021, 0.0036, -0.0200, true
2018-10-06 21:43:00, 2018-10-06 21:43:59, false, -0.0005, 0.0079, 0.1661, true
2018-10-06 21:44:00, 2018-10-06 21:44:59, true, 0.0005, 0.0005, -0.0884, true
2018-10-06 21:45:00, 2018-10-06 21:45:58, false, -0.0024, 0.0077, -0.0027, true
2018-10-06 21:46:00, 2018-10-06 21:46:58, true, 0.0050, 0.0073, 0.0311, true
2018-10-06 21:47:00, 2018-10-06 21:47:58, false, -0.0033, 0.0047, 0.0005, true
2018-10-06 21:48:00, 2018-10-06 21:48:59, true, 0.0021, 0.0030, -0.0842, true
2018-10-06 21:49:00, 2018-10-06 21:49:59, false, -0.0044, 0.0049, 0.0999, true
2018-10-06 21:50:00, 2018-10-06 21:50:59, false, -0.0017, 0.0120, -0.0549, true
2018-10-06 21:51:00, 2018-10-06 21:51:59, true, 0.0018, 0.0077, -0.0258, true
2018-10-06 21:52:02, 2018-10-06 21:52:58, false, -0.0093, 0.0035, 0.1039, true
2018-10-06 21:53:01, 2018-10-06 21:53:59, false, -0.0020, 0.0100, -0.0760, true
2018-10-06 21:54:00, 2018-10-06 21:54:59, true, 0.0002, 0.0126, 1.0315, true
2018-10-06 21:55:00, 2018-10-06 21:55:59, false, -0.0070, 0.0090, -0.6595, true
2018-10-06 21:56:00, 2018-10-06 21:56:59, true, 0.0672, 0.0860, -0.3567, true
2018-10-06 21:57:00, 2018-10-06 21:57:58, true, 0.0026, 0.0697, -0.0155, true
2018-10-06 21:58:01, 2018-10-06 21:58:58, false, -0.0089, 0.0027, 0.0514, true
2018-10-06 21:59:00, 2018-10-06 21:59:59, true, 0.0027, 0.0112, 0.1242, true
2018-10-06 22:00:00, 2018-10-06 22:00:59, false, -0.0171, 0.0073, -0.1835, true
2018-10-06 22:01:01, 2018-10-06 22:01:57, false, -0.0065, 0.0061, 0.0481, true
2018-10-06 22:02:00, 2018-10-06 22:02:59, true, 0.0073, 0.0206, -0.0687, true
2018-10-06 22:03:00, 2018-10-06 22:03:59, true, 0.0047, 0.0614, 0.7423, true
2018-10-06 22:04:00, 2018-10-06 22:04:59, true, 0.0052, 0.0100, -0.7415, true
2018-10-06 22:05:00, 2018-10-06 22:05:59, false, -0.0121, 0.0097, -0.0179, true
2018-10-06 22:06:00, 2018-10-06 22:06:59, true, 0.0032, 0.0124, 0.0494, true
2018-10-06 22:07:00, 2018-10-06 22:07:59, false, -0.0062, 0.0076, -0.0799, true
2018-10-06 22:08:02, 2018-10-06 22:08:59, true, 0.0109, 0.0118, 0.4102, true
2018-10-06 22:09:00, 2018-10-06 22:09:59, true, 0.0021, 0.0350, -0.3323, true
2018-10-06 22:10:00, 2018-10-06 22:10:59, false, -0.0229, 0.0035, 0.1876, true
2018-10-06 22:11:00, 2018-10-06 22:11:58, false, -0.0211, 0.0083, 0.2698, true
2018-10-06 22:12:01, 2018-10-06 22:12:59, false, -0.0196, 0.0096, -0.3882, true
2018-10-06 22:13:00, 2018-10-06 22:13:59, true, 0.0375, 0.0589, 0.1309, true
2018-10-06 22:14:00, 2018-10-06 22:14:59, true, 0.0005, 0.0411, -0.2243, true
2018-10-06 22:15:00, 2018-10-06 22:15:59, false, -0.0400, 0.0155, 0.3518, true
2018-10-06 22:16:00, 2018-10-06 22:16:58, false, -0.0273, 0.0108, -0.1190, true
2018-10-06 22:17:01, 2018-10-06 22:17:59, false, -0.0399, 0.0082, 0.1387, true
2018-10-06 22:18:00, 2018-10-06 22:18:59, true, 0.0014, 0.0055, -0.3113, true
2018-10-06 22:19:01, 2018-10-06 22:19:59, false, -0.0008, 0.0240, 0.2046, true
2018-10-06 22:20:00, 2018-10-06 22:20:59, false, -0.0519, 0.0202, 0.0039, true
2018-10-06 22:21:00, 2018-10-06 22:21:59, false, -0.0002, 0.0050, -0.1226, true
2018-10-06 22:22:03, 2018-10-06 22:22:59, true, 0.0287, 0.0971, 1.2994, true
2018-10-06 22:23:00, 2018-10-06 22:23:59, false, -0.0241, 0.0311, -1.4065, true
2018-10-06 22:24:00, 2018-10-06 22:24:58, true, 0.0052, 0.0228, 0.1072, true
2018-10-06 22:25:00, 2018-10-06 22:25:59, false, -0.0853, 0.0102, 0.0980, true
2018-10-06 22:26:00, 2018-10-06 22:26:58, true, 0.0114, 0.0123, -0.0117, true
2018-10-06 22:27:02, 2018-10-06 22:27:59, false, -0.0018, 0.0132, -0.1220, true
2018-10-06 22:28:00, 2018-10-06 22:28:57, true, 0.0059, 0.0429, 0.1122, true
2018-10-06 22:29:00, 2018-10-06 22:29:58, true, 0.0150, 0.0504, -0.0445, true
2018-10-06 22:30:00, 2018-10-06 22:30:59, true, 0.1229, 0.1231, -0.0519, true
2018-10-06 22:31:00, 2018-10-06 22:31:59, true, 0.0187, 0.1557, 0.4314, true
2018-10-06 22:32:00, 2018-10-06 22:32:59, true, 0.0027, 0.0443, 0.4033, true
2018-10-06 22:33:00, 2018-10-06 22:33:59, true, 0.0099, 0.0329, -0.5178, true
2018-10-06 22:34:00, 2018-10-06 22:34:59, false, -0.0085, 0.0344, -0.3843, true
2018-10-06 22:35:00, 2018-10-06 22:35:59, false, -0.0120, 0.0000, 0.0986, true
2018-10-06 22:36:00, 2018-10-06 22:36:59, false, -0.0099, 0.0093, -0.0337, true
2018-10-06 22:37:01, 2018-10-06 22:37:58, true, 0.0316, 0.0510, -0.0891, true
2018-10-06 22:38:00, 2018-10-06 22:38:59, true, 0.0053, 0.0540, 0.3935, true
2018-10-06 22:39:01, 2018-10-06 22:39:59, true, 0.0143, 0.0284, -0.3213, true
2018-10-06 22:40:00, 2018-10-06 22:40:59, false, -0.0109, 0.0194, -0.0786, true
2018-10-06 22:41:01, 2018-10-06 22:41:58, true, 0.0290, 0.0370, 0.0323, true
2018-10-06 22:42:00, 2018-10-06 22:42:58, true, 0.0002, 0.0341, 0.0049, true
2018-10-06 22:43:01, 2018-10-06 22:43:59, false, -0.0338, 0.0017, 0.0039, true
2018-10-06 22:44:00, 2018-10-06 22:44:59, true, 0.0030, 0.0041, 0.0357, true
2018-10-06 22:45:00, 2018-10-06 22:45:59, true, 0.0079, 0.0200, 0.0414, true
2018-10-06 22:46:01, 2018-10-06 22:46:59, true, 0.0100, 0.0196, 0.0949, true
2018-10-06 22:47:00, 2018-10-06 22:47:58, true, 0.0675, 0.0792, -0.0593, true
2018-10-06 22:48:00, 2018-10-06 22:48:58, true, 0.0035, 0.0873, -0.0938, true
2018-10-06 22:49:00, 2018-10-06 22:49:59, false, -0.0036, 0.0120, -0.0608, true
2018-10-06 22:50:00, 2018-10-06 22:50:59, false, -0.0211, 0.0065, 0.0804, true
2018-10-06 22:51:00, 2018-10-06 22:51:59, true, 0.0064, 0.0183, 0.0267, true
2018-10-06 22:52:00, 2018-10-06 22:52:59, false, -0.0112, 0.0071, 0.0250, true
2018-10-06 22:53:00, 2018-10-06 22:53:59, true, 0.0091, 0.0105, -0.1649, true
2018-10-06 22:54:01, 2018-10-06 22:54:59, false, -0.0124, 0.0130, 0.0882, true
2018-10-06 22:55:00, 2018-10-06 22:55:59, false, -0.0455, 0.0008, 0.5405, true
2018-10-06 22:56:00, 2018-10-06 22:56:59, true, 0.0194, 0.0279, -0.5504, true
2018-10-06 22:57:00, 2018-10-06 22:57:59, true, 0.0385, 0.0629, -0.0329, true
2018-10-06 22:58:00, 2018-10-06 22:58:59, true, 0.0033, 0.0429, -0.0888, true
2018-10-06 22:59:00, 2018-10-06 22:59:57, false, -0.0114, 0.0173, 0.0011, true
2018-10-06 23:00:00, 2018-10-06 23:00:59, false, -0.0100, 0.0180, -0.0120, true
2018-10-06 23:01:00, 2018-10-06 23:01:59, true, 0.0146, 0.0229, 0.1774, true
2018-10-06 23:02:02, 2018-10-06 23:02:57, false, -0.0002, 0.0179, -0.0143, true
2018-10-06 23:03:00, 2018-10-06 23:03:59, false, -0.0020, 0.0018, -0.1202, true
2018-10-06 23:04:00, 2018-10-06 23:04:59, true, 0.0318, 0.0434, 0.1173, true
2018-10-06 23:05:01, 2018-10-06 23:05:55, false, -0.0136, 0.0362, 0.0108, true
2018-10-06 23:06:00, 2018-10-06 23:06:59, false, -0.0009, 0.0203, 0.3912, true
2018-10-06 23:07:01, 2018-10-06 23:07:58, false, -0.0188, 0.0068, -0.4644, true
2018-10-06 23:08:00, 2018-10-06 23:08:59, true, 0.0015, 0.0015, 0.0112, true
2018-10-06 23:09:00, 2018-10-06 23:09:59, true, 0.0009, 0.0047, -0.0024, true
2018-10-06 23:10:00, 2018-10-06 23:10:59, false, -0.0136, 0.0100, -0.0798, true
2018-10-06 23:11:01, 2018-10-06 23:11:58, false, -0.0463, 0.0006, -0.0067, true
2018-10-06 23:12:00, 2018-10-06 23:12:59, true, 0.0067, 0.0093, -0.0203, true
2018-10-06 23:13:01, 2018-10-06 23:13:59, true, 0.0326, 0.0485, 0.4119, true
2018-10-06 23:14:00, 2018-10-06 23:14:57, false, -0.0008, 0.0329, -0.4432, true
2018-10-06 23:15:00, 2018-10-06 23:15:59, false, -0.0228, 0.0027, 0.0232, true
2018-10-06 23:16:00, 2018-10-06 23:16:57, true, 0.0227, 0.0228, 0.1013, true
2018-10-06 23:17:01, 2018-10-06 23:17:59, true, 0.0030, 0.0326, -0.0977, true
2018-10-06 23:18:00, 2018-10-06 23:18:59, false, -0.0005, 0.0044, -0.0049, true
2018-10-06 23:19:00, 2018-10-06 23:19:54, false, -0.0135, 0.0008, 0.0685, true
2018-10-06 23:20:02, 2018-10-06 23:20:59, false, -0.0261, 0.0118, 0.0772, true
2018-10-06 23:21:01, 2018-10-06 23:21:59, true, 0.0109, 0.0129, 0.0058, true
2018-10-06 23:22:00, 2018-10-06 23:22:57, true, 0.0491, 0.0719, -0.0870, true
2018-10-06 23:23:01, 2018-10-06 23:23:59, false, -0.0024, 0.0500, 0.0368, true
2018-10-06 23:24:00, 2018-10-06 23:24:58, false, -0.0458, 0.0033, 0.0202, true
2018-10-06 23:25:01, 2018-10-06 23:25:59, true, 0.0203, 0.0247, -0.0375, true
2018-10-06 23:26:00, 2018-10-06 23:26:59, false, -0.0112, 0.0231, 0.0058, true
2018-10-06 23:27:00, 2018-10-06 23:27:58, true, 0.0408, 0.0429, -0.0465, true
2018-10-06 23:28:02, 2018-10-06 23:28:59, false, -0.0045, 0.0009, 0.0787, true
2018-10-06 23:29:00, 2018-10-06 23:29:59, true, 0.0009, 0.0035, 0.0967, true
2018-10-06 23:30:00, 2018-10-06 23:30:59, true, 0.0020, 0.0044, -0.1278, true
2018-10-06 23:31:00, 2018-10-06 23:31:59, false, -0.0165, 0.0047, 0.0701, true
2018-10-06 23:32:02, 2018-10-06 23:32:59, false, -0.0429, 0.0009, 0.0491, true
2018-10-06 23:33:00, 2018-10-06 23:33:55, false, -0.0024, 0.0153, -0.1402, true
2018-10-06 23:34:02, 2018-10-06 23:34:56, false, -0.0059, 0.0000, 0.0168, true
2018-10-06 23:35:00, 2018-10-06 23:35:59, false, -0.0008, 0.0018, 0.0285, true
2018-10-06 23:36:00, 2018-10-06 23:36:59, false, -0.0130, 0.0005, -0.0519, true
2018-10-06 23:37:00, 2018-10-06 23:37:59, false, -0.0437, 0.0058, 0.1117, true
2018-10-06 23:38:01, 2018-10-06 23:38:58, true, 0.0017, 0.0046, -0.0622, true
2018-10-06 23:39:00, 2018-10-06 23:39:59, true, 0.0131, 0.0188, 0.0185, true
2018-10-06 23:40:00, 2018-10-06 23:40:59, true, 0.0071, 0.0478, 0.6558, true
2018-10-06 23:41:00, 2018-10-06 23:41:59, true, 0.0091, 0.0164, -0.3904, true
2018-10-06 23:42:02, 2018-10-06 23:42:57, true, 0.0749, 0.1061, -0.3203, true
2018-10-06 23:43:00, 2018-10-06 23:43:59, true, 0.0079, 0.0117, 0.0499, true
2018-10-06 23:44:02, 2018-10-06 23:44:59, true, 0.0015, 0.0099, 0.0405, true
2018-10-06 23:45:00, 2018-10-06 23:45:58, true, 0.0011, 0.0114, -0.0694, true
2018-10-06 23:46:04, 2018-10-06 23:46:59, true, 0.0099, 0.0135, -0.0761, true
2018-10-06 23:47:00, 2018-10-06 23:47:59, false, -0.0147, 0.0124, -0.0291, true
2018-10-06 23:48:00, 2018-10-06 23:48:59, true, 0.0009, 0.0023, -0.0006, true
2018-10-06 23:49:00, 2018-10-06 23:49:59, false, -0.0003, 0.0015, -0.0091, true
2018-10-06 23:50:00, 2018-10-06 23:50:59, false, -0.0126, 0.0029, 0.1630, true
2018-10-06 23:51:00, 2018-10-06 23:51:59, true, 0.0053, 0.0056, -0.0412, true
2018-10-06 23:52:01, 2018-10-06 23:52:59, false, -0.0109, 0.0129, -0.0049, true
2018-10-06 23:53:00, 2018-10-06 23:53:59, false, -0.0096, 0.0018, 0.1300, true
2018-10-06 23:54:02, 2018-10-06 23:54:58, false, -0.0082, 0.0000, 0.0088, true
2018-10-06 23:55:00, 2018-10-06 23:55:58, false, -0.0003, 0.0008, -0.0830, true
2018-10-06 23:56:00, 2018-10-06 23:56:56, true, 0.0897, 0.0939, -0.0367, true
2018-10-06 23:57:00, 2018-10-06 23:57:58, false, -0.0041, 0.0908, 0.0188, true
2018-10-06 23:58:02, 2018-10-06 23:58:59, true, 0.0006, 0.0021, -0.0447, true
2018-10-06 23:59:00, 2018-10-06 23:59:59, false, -0.0317, 0.0056, -0.0023, true
2018-10-07 00:00:00, 2018-10-07 00:00:59, true, 0.0191, 0.0191, 0.1072, true
2018-10-07 00:01:00, 2018-10-07 00:01:59, false, -0.0133, 0.0227, -0.0277, true
2018-10-07 00:02:00, 2018-10-07 00:02:59, true, 0.0036, 0.0106, -0.0153, true
2018-10-07 00:03:00, 2018-10-07 00:03:58, false, -0.0015, 0.0041, -0.0579, true
2018-10-07 00:04:00, 2018-10-07 00:04:57, false, -0.0044, 0.0250, 0.0470, true
2018-10-07 00:05:00, 2018-10-07 00:05:59, false, -0.0053, 0.0005, -0.0478, true
2018-10-07 00:06:00, 2018-10-07 00:06:59, false, -0.0167, 0.0011, 0.2481, true
2018-10-07 00:07:00, 2018-10-07 00:07:59, false, -0.0030, -0.0026, -0.1630, true
2018-10-07 00:08:00, 2018-10-07 00:08:59, false, -0.0003, 0.0041, -0.0908, true
2018-10-07 00:09:00, 2018-10-07 00:09:58, false, -0.0143, 0.0140, 0.0018, true
2018-10-07 00:10:00, 2018-10-07 00:10:59, false, 0.0000, 0.0052, 0.2354, true
2018-10-07 00:11:02, 2018-10-07 00:11:59, false, -0.0184, 0.0055, -0.0676, true
2018-10-07 00:12:01, 2018-10-07 00:12:58, true, 0.0020, 0.0052, -0.1180, true
2018-10-07 00:13:00, 2018-10-07 00:13:50, true, 0.0086, 0.0463, 0.0804, true
2018-10-07 00:14:00, 2018-10-07 00:14:58, true, 0.0036, 0.0140, -0.1376, true
2018-10-07 00:15:01, 2018-10-07 00:15:59, false, -0.0002, 0.0041, -0.0041, true
2018-10-07 00:16:00, 2018-10-07 00:16:58, false, -0.0082, 0.0008, 0.0628, true
2018-10-07 00:17:00, 2018-10-07 00:17:59, false, -0.0129, -0.0065, -0.0848, true
2018-10-07 00:18:00, 2018-10-07 00:18:58, true, 0.0097, 0.0114, 0.0616, true
2018-10-07 00:19:00, 2018-10-07 00:19:59, false, -0.0020, 0.0137, -0.0138, true
2018-10-07 00:20:00, 2018-10-07 00:20:56, true, 0.0049, 0.0064, 0.0519, true
2018-10-07 00:21:00, 2018-10-07 00:21:59, true, 0.0064, 0.0070, 0.0686, true
2018-10-07 00:22:01, 2018-10-07 00:22:59, false, -0.0149, 0.0103, -0.1362, true
2018-10-07 00:23:00, 2018-10-07 00:23:58, true, 0.0033, 0.0042, 0.0963, true
2018-10-07 00:24:00, 2018-10-07 00:24:58, true, 0.0020, 0.0064, -0.0725, true
2018-10-07 00:25:00, 2018-10-07 00:25:59, true, 0.0106, 0.0174, 0.1400, true
2018-10-07 00:26:00, 2018-10-07 00:26:58, false, -0.0008, 0.0185, -0.2445, true
2018-10-07 00:27:00, 2018-10-07 00:27:59, false, -0.0108, -0.0047, 0.0296, true
2018-10-07 00:28:01, 2018-10-07 00:28:59, true, 0.0011, 0.0093, 0.0928, true
2018-10-07 00:29:01, 2018-10-07 00:29:59, true, 0.0002, 0.0015, 0.0637, true
2018-10-07 00:30:00, 2018-10-07 00:30:59, false, -0.0050, 0.0020, -0.1033, true
2018-10-07 00:31:00, 2018-10-07 00:31:59, true, 0.0408, 0.0629, 0.0670, true
2018-10-07 00:32:00, 2018-10-07 00:32:59, true, 0.0055, 0.0482, 0.0872, true
2018-10-07 00:33:00, 2018-10-07 00:33:58, false, -0.0099, 0.0055, -0.0936, true
2018-10-07 00:34:00, 2018-10-07 00:34:59, true, 0.0014, 0.0050, 0.0096, true
2018-10-07 00:35:00, 2018-10-07 00:35:58, false, -0.0093, 0.0039, -0.0522, true
2018-10-07 00:36:00, 2018-10-07 00:36:58, false, -0.0058, 0.0029, 0.1424, true
2018-10-07 00:37:00, 2018-10-07 00:37:57, false, -0.0413, 0.0091, -0.1296, true
2018-10-07 00:38:02, 2018-10-07 00:38:57, true, 0.0115, 0.0115, -0.1221, true
2018-10-07 00:39:01, 2018-10-07 00:39:59, true, 0.0061, 0.0185, 0.1157, true
2018-10-07 00:40:00, 2018-10-07 00:40:59, true, 0.0382, 0.0451, 0.0312, true
2018-10-07 00:41:00, 2018-10-07 00:41:59, true, 0.0018, 0.0537, -0.0769, true
2018-10-07 00:42:00, 2018-10-07 00:42:59, false, -0.0006, 0.0083, 0.0523, true
2018-10-07 00:43:00, 2018-10-07 00:43:58, false, -0.0361, 0.0011, 0.2938, true
2018-10-07 00:44:00, 2018-10-07 00:44:58, true, 0.0153, 0.0170, -0.3238, true
2018-10-07 00:45:00, 2018-10-07 00:45:59, false, -0.0141, 0.0149, -0.0309, true
2018-10-07 00:46:00, 2018-10-07 00:46:59, false, -0.0434, 0.0003, -0.0642, true
2018-10-07 00:47:02, 2018-10-07 00:47:59, true, 0.0099, 0.0114, 0.0713, true
2018-10-07 00:48:02, 2018-10-07 00:48:59, true, 0.0838, 0.0938, -0.1010, true
2018-10-07 00:49:00, 2018-10-07 00:49:59, false, -0.0059, 0.0784, 0.0925, true
2018-10-07 00:50:01, 2018-10-07 00:50:57, true, 0.0164, 0.0179, 0.0659, true
2018-10-07 00:51:01, 2018-10-07 00:51:59, false, -0.0012, 0.0170, -0.0505, true
2018-10-07 00:52:02, 2018-10-07 00:52:55, false, -0.0083, 0.0058, 0.1690, true
2018-10-07 00:53:02, 2018-10-07 00:53:58, false, -0.0438, 0.0009, -0.1527, true
2018-10-07 00:54:00, 2018-10-07 00:54:59, true, 0.0403, 0.0432, 0.0112, true
2018-10-07 00:55:01, 2018-10-07 00:55:58, true, 0.0002, 0.0421, 0.0629, true
2018-10-07 00:56:00, 2018-10-07 00:56:59, true, 0.0052, 0.0059, -0.0917, true
2018-10-07 00:57:00, 2018-10-07 00:57:58, false, -0.0132, 0.0077, 0.1063, true
2018-10-07 00:58:00, 2018-10-07 00:58:58, true, 0.0059, 0.0088, -0.0211, true
2018-10-07 00:59:00, 2018-10-07 00:59:59, true, 0.0168, 0.0232, -0.0750, true
2018-10-07 01:00:00, 2018-10-07 01:00:59, true, 0.0064, 0.0255, 0.0088, true
2018-10-07 01:01:00, 2018-10-07 01:01:58, false, -0.0041, 0.0076, 0.0626, true
2018-10-07 01:02:01, 2018-10-07 01:02:59, false, -0.0091, 0.0227, -0.0441, true
2018-10-07 01:03:00, 2018-10-07 01:03:59, true, 0.0062, 0.0074, 0.0521, true
2018-10-07 01:04:00, 2018-10-07 01:04:58, false, -0.0111, 0.0094, 0.0229, true
2018-10-07 01:05:01, 2018-10-07 01:05:57, false, -0.0159, 0.0478, -0.0775, true
2018-10-07 01:06:02, 2018-10-07 01:06:59, true, 0.0006, 0.0646, 0.0089, true
2018-10-07 01:07:00, 2018-10-07 01:07:58, false, -0.0070, 0.0045, -0.0005, true
2018-10-07 01:08:05, 2018-10-07 01:08:57, true, 0.0009, 0.0018, 0.0696, true
2018-10-07 01:09:00, 2018-10-07 01:09:59, false, -0.0005, 0.0161, -0.0126, true
2018-10-07 01:10:00, 2018-10-07 01:10:59, true, 0.0076, 0.0079, -0.0059, true
2018-10-07 01:11:00, 2018-10-07 01:11:59, false, -0.0020, 0.0100, -0.0393, true
2018-10-07 01:12:00, 2018-10-07 01:12:59, true, 0.0097, 0.0152, -0.0391, true
2018-10-07 01:13:00, 2018-10-07 01:13:55, false, -0.0002, 0.0141, -0.0188, true
2018-10-07 01:14:00, 2018-10-07 01:14:59, true, 0.0170, 0.0285, 0.2336, true
2018-10-07 01:15:00, 2018-10-07 01:15:59, false, -0.0479, 0.0228, -0.2354, true
2018-10-07 01:16:01, 2018-10-07 01:16:59, false, -0.0399, 0.0267, 0.0705, true
2018-10-07 01:17:02, 2018-10-07 01:17:59, true, 0.0220, 0.0229, 0.0387, true
2018-10-07 01:18:00, 2018-10-07 01:18:59, false, -0.0038, 0.0284, -0.1206, true
2018-10-07 01:19:00, 2018-10-07 01:19:59, false, -0.0199, 0.0000, 0.0710, true
2018-10-07 01:20:00, 2018-10-07 01:20:59, false, -0.0812, 0.0000, 0.0674, true
2018-10-07 01:21:00, 2018-10-07 01:21:58, false, -0.0084, 0.0021, 0.1689, true
2018-10-07 01:22:00, 2018-10-07 01:22:58, true, 0.0361, 0.1066, -0.2871, true
2018-10-07 01:23:00, 2018-10-07 01:23:59, true, 0.0049, 0.1725, 0.0735, true
2018-10-07 01:24:00, 2018-10-07 01:24:58, true, 0.0772, 0.1066, -0.0467, true
2018-10-07 01:25:00, 2018-10-07 01:25:58, false, -0.0083, 0.0821, 0.1315, true
2018-10-07 01:26:00, 2018-10-07 01:26:59, true, 0.0062, 0.0102, -0.0601, true
2018-10-07 01:27:00, 2018-10-07 01:27:59, false, -0.0238, 0.0088, 0.9191, true
2018-10-07 01:28:00, 2018-10-07 01:28:58, true, 0.0086, 0.0115, -0.9483, true
2018-10-07 01:29:01, 2018-10-07 01:29:59, true, 0.0011, 0.0117, -0.0027, true
2018-10-07 01:30:00, 2018-10-07 01:30:59, false, -0.0677, 0.0011, 0.0569, true
2018-10-07 01:31:00, 2018-10-07 01:31:58, true, 0.0279, 0.0439, -0.0783, true
2018-10-07 01:32:02, 2018-10-07 01:32:57, false, -0.0079, 0.0293, 0.0287, true
2018-10-07 01:33:00, 2018-10-07 01:33:59, true, 0.0121, 0.0141, -0.0642, true
2018-10-07 01:34:00, 2018-10-07 01:34:59, false, -0.0061, 0.0126, 0.1018, true
2018-10-07 01:35:00, 2018-10-07 01:35:59, true, 0.0062, 0.0076, -0.0304, true
2018-10-07 01:36:00, 2018-10-07 01:36:59, false, -0.0067, 0.0062, -0.0027, true
2018-10-07 01:37:01, 2018-10-07 01:37:59, true, 0.0153, 0.0247, -0.0979, true
2018-10-07 01:38:00, 2018-10-07 01:38:59, false, -0.0332, 0.0159, 0.0123, true
2018-10-07 01:39:02, 2018-10-07 01:39:59, false, -0.0190, 0.0239, 0.7480, true
2018-10-07 01:40:00, 2018-10-07 01:40:59, true, 0.0053, 0.1579, -0.7132, true
2018-10-07 01:41:00, 2018-10-07 01:41:58, false, -0.0082, 0.0070, 0.0726, true
2018-10-07 01:42:00, 2018-10-07 01:42:59, false, -0.0014, 0.0008, -0.0035, true
2018-10-07 01:43:00, 2018-10-07 01:43:59, false, -0.0021, 0.0029, 0.0272, true
2018-10-07 01:44:00, 2018-10-07 01:44:59, false, -0.0202, 0.0087, -0.1192, true
2018-10-07 01:45:01, 2018-10-07 01:45:59, false, -0.0014, 0.0002, 0.0975, true
2018-10-07 01:46:00, 2018-10-07 01:46:57, true, 0.0014, 0.0038, -0.0290, true
2018-10-07 01:47:00, 2018-10-07 01:47:58, false, -0.0053, 0.0021, 0.0460, true
2018-10-07 01:48:00, 2018-10-07 01:48:58, false, -0.0494, 0.0084, -0.1112, true
2018-10-07 01:49:00, 2018-10-07 01:49:59, false, -0.0205, 0.0006, 0.1757, true
2018-10-07 01:50:01, 2018-10-07 01:50:59, true, 0.0403, 0.0404, -0.1367, true
2018-10-07 01:51:01, 2018-10-07 01:51:59, false, -0.0239, 0.0477, 0.5200, true
2018-10-07 01:52:00, 2018-10-07 01:52:58, true, 0.0070, 0.0172, -0.5379, true
2018-10-07 01:53:00, 2018-10-07 01:53:59, false, -0.0026, 0.0062, -0.0038, true
2018-10-07 01:54:00, 2018-10-07 01:54:59, false, -0.0015, 0.0020, 0.3834, true
2018-10-07 01:55:00, 2018-10-07 01:55:56, false, -0.0386, 0.0084, -0.3780, true
2018-10-07 01:56:00, 2018-10-07 01:56:59, false, -0.0012, 0.0014, 0.0743, true
2018-10-07 01:57:00, 2018-10-07 01:57:59, true, 0.0691, 0.0720, -0.2070, true
2018-10-07 01:58:00, 2018-10-07 01:58:57, false, -0.0029, 0.1888, 0.0308, true
2018-10-07 01:59:00, 2018-10-07 01:59:59, false, -0.0205, 0.0044, 0.5891, true
2018-10-07 02:00:00, 2018-10-07 02:00:59, false, -0.0430, 0.0018, -0.6155, true
2018-10-07 02:01:00, 2018-10-07 02:01:59, false, -0.0126, 0.0052, -0.0090, true
2018-10-07 02:02:00, 2018-10-07 02:02:59, false, -0.0012, 0.0085, 0.0576, true
2018-10-07 02:03:00, 2018-10-07 02:03:59, true, 0.0106, 0.0109, 0.0629, true
2018-10-07 02:04:01, 2018-10-07 02:04:58, true, 0.0283, 0.0420, 0.0099, true
2018-10-07 02:05:01, 2018-10-07 02:05:58, false, -0.0377, 0.0366, 0.2204, true
2018-10-07 02:06:01, 2018-10-07 02:06:59, false, -0.0187, 0.0000, -0.1648, true
2018-10-07 02:07:00, 2018-10-07 02:07:59, true, 0.0091, 0.0116, -0.1177, true
2018-10-07 02:08:01, 2018-10-07 02:08:59, true, 0.1427, 0.1568, 0.2935, true
2018-10-07 02:09:00, 2018-10-07 02:09:59, false, -0.0003, 0.1483, 0.0020, true
2018-10-07 02:10:00, 2018-10-07 02:10:58, true, 0.0073, 0.0131, -0.0518, true
2018-10-07 02:11:00, 2018-10-07 02:11:58, false, -0.0114, 0.0077, -0.0931, true
2018-10-07 02:12:00, 2018-10-07 02:12:58, false, -0.0097, 0.0125, -0.1031, true
2018-10-07 02:13:02, 2018-10-07 02:13:59, false, -0.0046, 0.0070, 0.0440, true
2018-10-07 02:14:00, 2018-10-07 02:14:59, true, 0.0167, 0.0519, -0.0197, true
2018-10-07 02:15:00, 2018-10-07 02:15:59, false, -0.0015, 0.1688, 0.0141, true
2018-10-07 02:16:01, 2018-10-07 02:16:58, false, -0.0036, 0.0011, -0.0653, true
2018-10-07 02:17:00, 2018-10-07 02:17:55, false, -0.0041, 0.0000, 0.0765, true
2018-10-07 02:18:00, 2018-10-07 02:18:59, true, 0.0002, 0.0018, -0.0592, true
2018-10-07 02:19:00, 2018-10-07 02:19:59, false, -0.0020, -0.0003, 0.0109, true
2018-10-07 02:20:00, 2018-10-07 02:20:59, false, -0.0014, 0.0058, -0.0814, true
2018-10-07 02:21:00, 2018-10-07 02:21:59, false, -0.0020, 0.0150, 0.2700, true
2018-10-07 02:22:00, 2018-10-07 02:22:54, false, -0.0017, 0.0018, -0.1436, true
2018-10-07 02:23:00, 2018-10-07 02:23:57, true, 0.0093, 0.0231, 0.0015, true
2018-10-07 02:24:00, 2018-10-07 02:24:59, false, -0.0062, 0.0038, -0.0065, true
2018-10-07 02:25:00, 2018-10-07 02:25:59, false, -0.0041, 0.0014, 0.1453, true
2018-10-07 02:26:01, 2018-10-07 02:26:59, false, -0.0377, 0.0058, -0.1206, true
2018-10-07 02:27:00, 2018-10-07 02:27:58, false, -0.0123, 0.0003, -0.0228, true
2018-10-07 02:28:01, 2018-10-07 02:28:58, true, 0.0339, 0.0488, 0.0050, true
2018-10-07 02:29:01, 2018-10-07 02:29:57, false, -0.0087, 0.0310, 0.0694, true
2018-10-07 02:30:00, 2018-10-07 02:30:59, true, 0.0111, 0.0260, -0.0677, true
2018-10-07 02:31:00, 2018-10-07 02:31:58, true, 0.0590, 0.0766, -0.0237, true
2018-10-07 02:32:00, 2018-10-07 02:32:58, false, -0.0460, 0.1988, 0.4631, true
2018-10-07 02:33:00, 2018-10-07 02:33:58, false, -0.0030, 0.0044, -0.2984, true
2018-10-07 02:34:00, 2018-10-07 02:34:59, true, 0.0059, 0.0094, -0.2032, true
2018-10-07 02:35:00, 2018-10-07 02:35:55, false, -0.0125, 0.0090, 0.1831, true
2018-10-07 02:36:01, 2018-10-07 02:36:54, false, -0.0055, -0.0008, -0.1824, true
2018-10-07 02:37:00, 2018-10-07 02:37:59, false, -0.0237, 0.0302, 1.1774, true
2018-10-07 02:38:00, 2018-10-07 02:38:57, false, 0.0000, 0.0043, -0.9807, true
2018-10-07 02:39:01, 2018-10-07 02:39:59, true, 0.0018, 0.0029, 1.4698, true
2018-10-07 02:40:00, 2018-10-07 02:40:59, false, -0.0117, -0.0049, 0.0403, true
2018-10-07 02:41:00, 2018-10-07 02:41:58, false, -0.0228, 0.0085, -1.3840, true
2018-10-07 02:42:00, 2018-10-07 02:42:58, false, -0.0372, 0.0041, 1.3537, true
2018-10-07 02:43:02, 2018-10-07 02:43:59, false, -0.0100, 0.0140, 0.6440, true
2018-10-07 02:44:00, 2018-10-07 02:44:59, true, 0.0023, 0.0181, -1.9224, true
2018-10-07 02:45:01, 2018-10-07 02:45:59, false, -0.0079, 0.0113, -0.1789, true
2018-10-07 02:46:00, 2018-10-07 02:46:59, false, -0.0186, 0.0023, -0.1581, true
2018-10-07 02:47:00, 2018-10-07 02:47:59, false, -0.0476, 0.0030, 0.0079, true
2018-10-07 02:48:00, 2018-10-07 02:48:58, true, 0.0207, 0.0632, -0.0169, true
2018-10-07 02:49:00, 2018-10-07 02:49:56, true, 0.0018, 0.1650, -0.0724, true
2018-10-07 02:50:01, 2018-10-07 02:50:59, false, -0.0108, 0.0052, -0.0146, true
2018-10-07 02:51:00, 2018-10-07 02:51:59, true, 0.0081, 0.0123, 0.0984, true
2018-10-07 02:52:00, 2018-10-07 02:52:59, false, -0.0336, 0.0164, 0.0189, true
2018-10-07 02:53:01, 2018-10-07 02:53:59, true, 0.0021, 0.0024, -0.0866, true
2018-10-07 02:54:00, 2018-10-07 02:54:59, true, 0.0120, 0.0259, 0.6194, true
2018-10-07 02:55:00, 2018-10-07 02:55:59, true, 0.0002, 0.0126, 0.1292, true
2018-10-07 02:56:00, 2018-10-07 02:56:59, true, 0.2006, 0.2162, -0.7450, true
2018-10-07 02:57:00, 2018-10-07 02:57:59, false, -0.0024, 0.2082, 0.1236, true
2018-10-07 02:58:00, 2018-10-07 02:58:59, false, -0.0143, 0.0000, 0.2074, true
2018-10-07 02:59:00, 2018-10-07 02:59:59, false, -0.0064, 0.0049, 0.0261, true
2018-10-07 03:00:00, 2018-10-07 03:00:59, true, 0.0011, 0.0015, -0.1705, true
2018-10-07 03:01:00, 2018-10-07 03:01:59, true, 0.0039, 0.0061, 0.0371, true
2018-10-07 03:02:00, 2018-10-07 03:02:59, false, -0.0005, 0.0085, -0.1183, true
2018-10-07 03:03:00, 2018-10-07 03:03:59, false, -0.0005, 0.0080, 0.2498, true
2018-10-07 03:04:00, 2018-10-07 03:04:58, true, 0.0112, 0.0156, 0.1778, true
2018-10-07 03:05:00, 2018-10-07 03:05:59, false, -0.0038, 0.0125, -0.2823, true
2018-10-07 03:06:00, 2018-10-07 03:06:59, false, -0.0021, 0.0452, -0.2206, true
2018-10-07 03:07:00, 2018-10-07 03:07:59, false, -0.0152, 0.1531, 0.1614, true
2018-10-07 03:08:00, 2018-10-07 03:08:58, false, -0.0349, 0.0002, -0.1664, true
2018-10-07 03:09:01, 2018-10-07 03:09:59, true, 0.0009, 0.0012, 0.1686, true
2018-10-07 03:10:00, 2018-10-07 03:10:59, false, -0.0448, 0.0032, 0.0936, true
2018-10-07 03:11:00, 2018-10-07 03:11:58, true, 0.0091, 0.0097, 0.0129, true
2018-10-07 03:12:01, 2018-10-07 03:12:59, false, -0.0043, 0.0091, 0.0207, true
2018-10-07 03:13:00, 2018-10-07 03:13:59, true, 0.0071, 0.0140, -0.0351, true
2018-10-07 03:14:03, 2018-10-07 03:14:59, false, -0.0062, 0.0111, -0.0275, true
2018-10-07 03:15:00, 2018-10-07 03:15:59, false, -0.0538, 0.0046, -0.2249, true
2018-10-07 03:16:00, 2018-10-07 03:16:59, true, 0.0011, 0.0012, 0.0106, true
2018-10-07 03:17:00, 2018-10-07 03:17:59, false, -0.0044, 0.0015, -0.1037, true
2018-10-07 03:18:00, 2018-10-07 03:18:59, true, 0.0108, 0.0120, -0.0265, true
2018-10-07 03:19:00, 2018-10-07 03:19:59, true, 0.0479, 0.0598, 0.0325, true
2018-10-07 03:20:00, 2018-10-07 03:20:58, false, -0.0838, 0.0485, 0.0452, true
2018-10-07 03:21:00, 2018-10-07 03:21:59, false, -0.0006, 0.0006, -0.0438, true
2018-10-07 03:22:00, 2018-10-07 03:22:59, false, -0.0167, 0.0006, 0.0102, true
2018-10-07 03:23:00, 2018-10-07 03:23:59, true, 0.0482, 0.0491, 0.0625, true
2018-10-07 03:24:00, 2018-10-07 03:24:58, false, -0.0075, 0.1819, -0.0126, true
2018-10-07 03:25:00, 2018-10-07 03:25:59, false, -0.0371, 0.0030, 0.1331, true
2018-10-07 03:26:00, 2018-10-07 03:26:59, true, 0.0015, 0.0072, -0.1056, true
2018-10-07 03:27:00, 2018-10-07 03:27:59, true, 0.0179, 0.0195, 0.0450, true
2018-10-07 03:28:02, 2018-10-07 03:28:59, false, -0.0123, 0.0207, -0.0207, true
2018-10-07 03:29:00, 2018-10-07 03:29:59, false, -0.0091, 0.0006, -0.0449, true
2018-10-07 03:30:00, 2018-10-07 03:30:59, false, -0.0412, 0.0008, -0.0023, true
2018-10-07 03:31:01, 2018-10-07 03:31:59, true, 0.0102, 0.0215, 0.0656, true
2018-10-07 03:32:00, 2018-10-07 03:32:59, false, -0.0053, 0.0137, 0.0254, true
2018-10-07 03:33:00, 2018-10-07 03:33:59, false, -0.0079, 0.0123, -0.0801, true
2018-10-07 03:34:00, 2018-10-07 03:34:58, true, 0.0120, 0.0216, 0.1456, true
2018-10-07 03:35:00, 2018-10-07 03:35:56, false, -0.0055, 0.0254, -0.1355, true
2018-10-07 03:36:01, 2018-10-07 03:36:59, true, 0.0067, 0.0070, -0.0545, true
2018-10-07 03:37:00, 2018-10-07 03:37:59, false, -0.0020, 0.0068, 0.0781, true
2018-10-07 03:38:02, 2018-10-07 03:38:59, false, -0.0149, 0.0056, 0.0297, true
2018-10-07 03:39:01, 2018-10-07 03:39:59, false, -0.0020, 0.0000, -0.0164, true
2018-10-07 03:40:00, 2018-10-07 03:40:59, true, 0.0277, 0.0781, -0.0698, true
2018-10-07 03:41:00, 2018-10-07 03:41:59, true, 0.0038, 0.1141, -0.1105, true
2018-10-07 03:42:00, 2018-10-07 03:42:59, false, -0.0032, 0.0169, 0.0645, true
2018-10-07 03:43:00, 2018-10-07 03:43:58, true, 0.0189, 0.0195, -0.0389, true
2018-10-07 03:44:00, 2018-10-07 03:44:59, false, -0.0061, 0.0198, 0.0949, true
2018-10-07 03:45:00, 2018-10-07 03:45:59, false, -0.0294, 0.0087, -0.0731, true
2018-10-07 03:46:00, 2018-10-07 03:46:59, true, 0.2203, 0.2208, 0.2623, true
2018-10-07 03:47:01, 2018-10-07 03:47:59, false, -0.0137, 0.2271, -0.2476, true
2018-10-07 03:48:00, 2018-10-07 03:48:58, false, -0.0008, 0.0032, -0.0515, true
2018-10-07 03:49:00, 2018-10-07 03:49:59, false, -0.0062, -0.0003, 0.0723, true
2018-10-07 03:50:00, 2018-10-07 03:50:59, true, 0.0065, 0.0065, -0.0082, true
2018-10-07 03:51:00, 2018-10-07 03:51:57, true, 0.0047, 0.0140, -0.0659, true
2018-10-07 03:52:00, 2018-10-07 03:52:57, true, 0.0036, 0.0513, 0.0094, true
2018-10-07 03:53:00, 2018-10-07 03:53:59, false, -0.0030, 0.0059, 0.0515, true
2018-10-07 03:54:00, 2018-10-07 03:54:59, false, -0.0073, 0.0003, -0.0260, true
2018-10-07 03:55:01, 2018-10-07 03:55:57, true, 0.0099, 0.0122, 0.0049, true
2018-10-07 03:56:00, 2018-10-07 03:56:59, true, 0.0074, 0.0176, -0.0094, true
2018-10-07 03:57:02, 2018-10-07 03:57:57, false, -0.0006, 0.0270, -0.0223, true
2018-10-07 03:58:00, 2018-10-07 03:58:58, false, -0.0135, 0.0073, 0.1081, true
2018-10-07 03:59:00, 2018-10-07 03:59:59, false, -0.0122, 0.0043, -0.0324, true
2018-10-07 04:00:00, 2018-10-07 04:00:59, false, 0.0000, 0.0012, 0.0377, true
2018-10-07 04:01:00, 2018-10-07 04:01:59, false, -0.0021, 0.0052, -0.0223, true
2018-10-07 04:02:01, 2018-10-07 04:02:59, false, -0.0058, 0.0008, -0.0081, true
2018-10-07 04:03:01, 2018-10-07 04:03:59, false, -0.0009, 0.0021, 0.0409, true
2018-10-07 04:04:00, 2018-10-07 04:04:57, true, 0.0008, 0.0053, 0.0281, true
2018-10-07 04:05:01, 2018-10-07 04:05:58, false, -0.0029, 0.0005, -0.0389, true
2018-10-07 04:06:00, 2018-10-07 04:06:58, true, 0.0286, 0.0293, -0.0188, true
2018-10-07 04:07:00, 2018-10-07 04:07:59, false, -0.0108, 0.0251, 0.1039, true
2018-10-07 04:08:00, 2018-10-07 04:08:59, false, -0.0087, 0.0011, -0.0746, true
2018-10-07 04:09:00, 2018-10-07 04:09:59, false, -0.0008, 0.0017, -0.0196, true
2018-10-07 04:10:00, 2018-10-07 04:10:57, false, -0.0214, -0.0076, 0.0456, true
2018-10-07 04:11:02, 2018-10-07 04:11:57, true, 0.0199, 0.0202, -0.0684, true
2018-10-07 04:12:00, 2018-10-07 04:12:59, false, -0.0014, 0.0264, 0.0296, true
2018-10-07 04:13:01, 2018-10-07 04:13:59, false, -0.0076, 0.0088, 0.0324, true
2018-10-07 04:14:00, 2018-10-07 04:14:59, false, -0.0448, 0.0044, 0.7152, true
2018-10-07 04:15:00, 2018-10-07 04:15:59, false, -0.0484, 0.0236, 0.1747, true
2018-10-07 04:16:00, 2018-10-07 04:16:59, false, -0.0117, 0.0000, -0.7809, true
2018-10-07 04:17:00, 2018-10-07 04:17:59, false, -0.0078, -0.0064, -0.0859, true
2018-10-07 04:18:00, 2018-10-07 04:18:58, true, 0.0470, 0.0478, -0.0056, true
2018-10-07 04:19:01, 2018-10-07 04:19:58, false, -0.0147, 0.0509, -0.0692, true
2018-10-07 04:20:00, 2018-10-07 04:20:59, false, -0.0430, 0.0027, 0.0052, true
2018-10-07 04:21:00, 2018-10-07 04:21:58, false, 0.0000, 0.0011, 0.0806, true
2018-10-07 04:22:00, 2018-10-07 04:22:58, false, -0.0059, 0.0049, -0.0811, true
2018-10-07 04:23:00, 2018-10-07 04:23:59, true, 0.0053, 0.0055, 0.0434, true
2018-10-07 04:24:00, 2018-10-07 04:24:59, false, -0.0071, 0.0070, 0.2315, true
2018-10-07 04:25:00, 2018-10-07 04:25:59, false, -0.0371, 0.0002, -0.2491, true
2018-10-07 04:26:00, 2018-10-07 04:26:59, false, -0.0103, 0.0108, -0.1085, true
2018-10-07 04:27:00, 2018-10-07 04:27:59, true, 0.0040, 0.0041, -0.0110, true
2018-10-07 04:28:00, 2018-10-07 04:28:59, false, -0.0539, 0.0075, 0.7671, true
2018-10-07 04:29:00, 2018-10-07 04:29:59, true, 0.0062, 0.0072, -0.7663, true
2018-10-07 04:30:00, 2018-10-07 04:30:59, false, -0.0455, 0.0062, -0.0110, true
2018-10-07 04:31:00, 2018-10-07 04:31:58, false, -0.0097, 0.0020, 0.0510, true
2018-10-07 04:32:00, 2018-10-07 04:32:59, true, 0.0585, 0.0603, -0.0213, true
2018-10-07 04:33:01, 2018-10-07 04:33:59, false, -0.0142, 0.0608, 0.0700, true
2018-10-07 04:34:00, 2018-10-07 04:34:59, true, 0.0041, 0.0046, 0.0544, true
2018-10-07 04:35:00, 2018-10-07 04:35:59, false, -0.0492, 0.0062, 0.0606, true
2018-10-07 04:36:01, 2018-10-07 04:36:59, true, 0.0035, 0.0108, -0.1028, true
2018-10-07 04:37:00, 2018-10-07 04:37:58, false, -0.0041, 0.0081, 0.0881, true
2018-10-07 04:38:01, 2018-10-07 04:38:57, false, -0.0009, 0.0066, -0.0134, true
2018-10-07 04:39:00, 2018-10-07 04:39:59, true, 0.0005, 0.0061, -0.0056, true
2018-10-07 04:40:00, 2018-10-07 04:40:57, false, -0.0137, 0.0067, -0.0917, true
2018-10-07 04:41:02, 2018-10-07 04:41:59, false, -0.0081, 0.0059, 0.0180, true
2018-10-07 04:42:00, 2018-10-07 04:42:59, true, 0.0073, 0.0073, 0.0311, true
2018-10-07 04:43:00, 2018-10-07 04:43:59, false, 0.0000, 0.0098, 0.0148, true
2018-10-07 04:44:00, 2018-10-07 04:44:59, false, -0.0076, 0.0018, 0.0285, true
2018-10-07 04:45:00, 2018-10-07 04:45:59, false, -0.0172, 0.0000, -0.0887, true
2018-10-07 04:46:02, 2018-10-07 04:46:57, true, 0.0020, 0.0020, -0.0189, true
2018-10-07 04:47:00, 2018-10-07 04:47:58, true, 0.0026, 0.0058, 0.0943, true
2018-10-07 04:48:00, 2018-10-07 04:48:58, false, -0.0133, 0.0047, 0.1407, true
2018-10-07 04:49:01, 2018-10-07 04:49:57, true, 0.0158, 0.0442, -0.0511, true
2018-10-07 04:50:00, 2018-10-07 04:50:58, false, -0.0059, 0.0384, -0.1364, true
2018-10-07 04:51:00, 2018-10-07 04:51:59, true, 0.0017, 0.0079, 0.0005, true
2018-10-07 04:52:01, 2018-10-07 04:52:59, false, -0.0152, 0.0024, 0.1317, true
2018-10-07 04:53:00, 2018-10-07 04:53:58, false, -0.0374, 0.0026, 0.7014, true
2018-10-07 04:54:02, 2018-10-07 04:54:59, false, -0.0116, -0.0035, -0.5347, true
2018-10-07 04:55:00, 2018-10-07 04:55:59, false, -0.0098, 0.0072, 0.0909, true
2018-10-07 04:56:02, 2018-10-07 04:56:58, true, 0.1935, 0.2044, 0.1649, true
2018-10-07 04:57:01, 2018-10-07 04:57:59, true, 0.0009, 0.2113, -0.3280, true
2018-10-07 04:58:01, 2018-10-07 04:58:59, false, -0.0123, 0.0024, 0.3885, true
2018-10-07 04:59:00, 2018-10-07 04:59:59, true, 0.0072, 0.0145, -0.4733, true
2018-10-07 05:00:00, 2018-10-07 05:00:59, true, 0.0065, 0.0137, -0.0831, true
2018-10-07 05:01:00, 2018-10-07 05:01:59, false, -0.0225, 0.0076, 0.0311, true
2018-10-07 05:02:00, 2018-10-07 05:02:59, false, -0.0032, 0.0230, 0.0719, true
2018-10-07 05:03:00, 2018-10-07 05:03:59, false, -0.0247, -0.0055, -0.2385, true
2018-10-07 05:04:00, 2018-10-07 05:04:59, false, -0.0280, 0.0000, 1.9657, true
2018-10-07 05:05:00, 2018-10-07 05:05:59, false, -0.0448, 0.0040, -0.7527, true
2018-10-07 05:06:00, 2018-10-07 05:06:57, false, -0.2039, 0.0110, 4.6812, true
2018-10-07 05:07:00, 2018-10-07 05:07:58, false, -0.1012, 0.0168, 3.7903, true
2018-10-07 05:08:00, 2018-10-07 05:08:58, false, -0.0382, 0.1017, -7.7169, true
2018-10-07 05:09:00, 2018-10-07 05:09:58, false, -0.0190, 0.0456, -1.1606, true
2018-10-07 05:10:00, 2018-10-07 05:10:59, true, 0.0055, 0.0324, -0.2594, true
2018-10-07 05:11:00, 2018-10-07 05:11:58, true, 0.0035, 0.0511, -0.0531, true
2018-10-07 05:12:00, 2018-10-07 05:12:59, true, 0.0485, 0.0905, 0.5051, true
2018-10-07 05:13:00, 2018-10-07 05:13:58, true, 0.0564, 0.1122, -0.6925, true
2018-10-07 05:14:00, 2018-10-07 05:14:59, false, -0.0003, 0.0574, -0.0481, true
2018-10-07 05:15:00, 2018-10-07 05:15:59, false, -0.0157, 0.0093, -0.0811, true
2018-10-07 05:16:00, 2018-10-07 05:16:59, false, -0.0463, 0.0079, -0.0057, true
2018-10-07 05:17:01, 2018-10-07 05:17:58, false, -0.0089, 0.0037, 0.1301, true
2018-10-07 05:18:00, 2018-10-07 05:18:59, true, 0.0098, 0.0735, 1.2017, true
2018-10-07 05:19:00, 2018-10-07 05:19:59, false, -0.0084, 0.0113, -1.2078, true
2018-10-07 05:20:00, 2018-10-07 05:20:58, true, 0.0188, 0.0265, 0.9807, true
2018-10-07 05:21:01, 2018-10-07 05:21:59, true, 0.0938, 0.1453, 0.1970, true
2018-10-07 05:22:00, 2018-10-07 05:22:59, true, 0.0073, 0.1565, -1.4015, true
2018-10-07 05:23:00, 2018-10-07 05:23:59, true, 0.0144, 0.0467, -0.0140, true
2018-10-07 05:24:01, 2018-10-07 05:24:59, true, 0.0087, 0.0351, 0.1319, true
2018-10-07 05:25:00, 2018-10-07 05:25:59, false, -0.0014, 0.0082, 0.0649, true
2018-10-07 05:26:02, 2018-10-07 05:26:59, true, 0.0009, 0.0095, -0.0385, true
2018-10-07 05:27:00, 2018-10-07 05:27:59, false, -0.0060, 0.0189, -0.1047, true
2018-10-07 05:28:00, 2018-10-07 05:28:58, false, -0.0173, 0.0104, 0.0104, true
2018-10-07 05:29:03, 2018-10-07 05:29:59, true, 0.0131, 0.0226, 0.3529, true
2018-10-07 05:30:00, 2018-10-07 05:30:57, false, -0.0056, 0.0183, -0.3034, true
2018-10-07 05:31:01, 2018-10-07 05:31:59, true, 0.0058, 0.0185, -0.0260, true
2018-10-07 05:32:01, 2018-10-07 05:32:58, true, 0.0316, 0.0385, 1.3455, true
2018-10-07 05:33:00, 2018-10-07 05:33:58, true, 0.0031, 0.0510, -0.2714, true
2018-10-07 05:34:00, 2018-10-07 05:34:59, true, 0.0165, 0.0385, -1.1033, true
2018-10-07 05:35:02, 2018-10-07 05:35:59, true, 0.0113, 0.0452, 0.3612, true
2018-10-07 05:36:00, 2018-10-07 05:36:59, true, 0.0058, 0.0183, -0.2531, true
2018-10-07 05:37:00, 2018-10-07 05:37:59, false, -0.0157, 0.0064, -0.0223, true
2018-10-07 05:38:00, 2018-10-07 05:38:58, false, -0.0209, 0.0012, 0.1229, true
2018-10-07 05:39:00, 2018-10-07 05:39:59, false, -0.0496, 0.0009, -0.2469, true
2018-10-07 05:40:00, 2018-10-07 05:40:59, true, 0.0185, 0.0185, 0.0174, true
2018-10-07 05:41:00, 2018-10-07 05:41:58, true, 0.0519, 0.0727, 0.0156, true
2018-10-07 05:42:01, 2018-10-07 05:42:59, true, 0.0011, 0.0606, 0.0119, true
2018-10-07 05:43:00, 2018-10-07 05:43:59, true, 0.0153, 0.0166, 0.1434, true
2018-10-07 05:44:00, 2018-10-07 05:44:59, false, -0.0443, 0.0153, 0.2207, true
2018-10-07 05:45:00, 2018-10-07 05:45:59, false, -0.0073, 0.0005, -0.4094, true
2018-10-07 05:46:00, 2018-10-07 05:46:58, true, 0.0118, 0.0118, -0.0453, true
2018-10-07 05:47:00, 2018-10-07 05:47:59, true, 0.0012, 0.0188, 0.1439, true
2018-10-07 05:48:02, 2018-10-07 05:48:59, false, -0.0319, 0.0041, -0.1160, true
2018-10-07 05:49:00, 2018-10-07 05:49:58, true, 0.0003, 0.0089, -0.0405, true
2018-10-07 05:50:00, 2018-10-07 05:50:59, false, -0.0052, 0.0005, 0.0994, true
2018-10-07 05:51:00, 2018-10-07 05:51:59, true, 0.0027, 0.0072, 0.0295, true
2018-10-07 05:52:00, 2018-10-07 05:52:59, false, -0.0393, 0.0047, 0.3968, true
2018-10-07 05:53:00, 2018-10-07 05:53:59, false, -0.0374, 0.0046, -0.3930, true
2018-10-07 05:54:00, 2018-10-07 05:54:59, true, 0.0118, 0.0290, 0.3835, true
2018-10-07 05:55:00, 2018-10-07 05:55:59, true, 0.0603, 0.0842, -0.4146, true
2018-10-07 05:56:00, 2018-10-07 05:56:57, true, 0.0040, 0.0646, 0.0834, true
2018-10-07 05:57:00, 2018-10-07 05:57:59, true, 0.0040, 0.0089, -0.1144, true
2018-10-07 05:58:00, 2018-10-07 05:58:59, true, 0.0276, 0.0322, -0.0188, true
2018-10-07 05:59:02, 2018-10-07 05:59:59, false, -0.0061, 0.0350, 0.1369, true
2018-10-07 06:00:00, 2018-10-07 06:00:59, true, 0.0171, 0.0256, -0.2021, true
2018-10-07 06:01:00, 2018-10-07 06:01:59, true, 0.0061, 0.0238, 0.0111, true
2018-10-07 06:02:00, 2018-10-07 06:02:59, false, -0.0049, 0.0061, 0.1372, true
2018-10-07 06:03:00, 2018-10-07 06:03:59, true, 0.0003, 0.0043, -0.0817, true
2018-10-07 06:04:00, 2018-10-07 06:04:59, false, -0.0040, 0.0043, -0.0398, true
2018-10-07 06:05:00, 2018-10-07 06:05:59, false, -0.0015, 0.0000, 0.0951, true
2018-10-07 06:06:00, 2018-10-07 06:06:58, false, -0.0394, 0.0015, -0.0353, true
2018-10-07 06:07:00, 2018-10-07 06:07:59, true, 0.0037, 0.0081, 0.0840, true
2018-10-07 06:08:00, 2018-10-07 06:08:59, true, 0.0151, 0.0392, 0.0788, true
2018-10-07 06:09:01, 2018-10-07 06:09:58, true, 0.0075, 0.0302, -0.1623, true
2018-10-07 06:10:00, 2018-10-07 06:10:59, true, 0.0035, 0.0131, 0.0720, true
2018-10-07 06:11:00, 2018-10-07 06:11:57, false, -0.0038, 0.0064, -0.1027, true
2018-10-07 06:12:00, 2018-10-07 06:12:59, true, 0.0032, 0.0047, 0.0295, true
2018-10-07 06:13:00, 2018-10-07 06:13:58, false, -0.0344, 0.0058, 0.5806, true
2018-10-07 06:14:01, 2018-10-07 06:14:59, false, -0.0057, 0.0014, -0.6452, true
2018-10-07 06:15:01, 2018-10-07 06:15:59, true, 0.0318, 0.0324, -0.0485, true
2018-10-07 06:16:00, 2018-10-07 06:16:57, true, 0.0194, 0.0763, -0.0354, true
2018-10-07 06:17:00, 2018-10-07 06:17:55, true, 0.0012, 0.0143, 0.1143, true
2018-10-07 06:18:00, 2018-10-07 06:18:58, true, 0.0072, 0.0090, 0.2640, true
2018-10-07 06:19:00, 2018-10-07 06:19:58, false, -0.0060, 0.0157, 0.5319, true
2018-10-07 06:20:00, 2018-10-07 06:20:58, true, 0.0003, 0.0008, -0.7193, true
2018-10-07 06:21:00, 2018-10-07 06:21:59, false, -0.0073, 0.0021, 0.2604, true
2018-10-07 06:22:00, 2018-10-07 06:22:59, true, 0.0021, 0.0031, -0.3477, true
2018-10-07 06:23:00, 2018-10-07 06:23:59, false, -0.0113, 0.0023, 0.1385, true
2018-10-07 06:24:00, 2018-10-07 06:24:59, false, -0.0063, 0.0000, 0.0979, true
2018-10-07 06:25:01, 2018-10-07 06:25:58, false, 0.0000, 0.0009, -0.2549, true
2018-10-07 06:26:01, 2018-10-07 06:26:57, true, 0.0044, 0.0046, 0.1153, true
2018-10-07 06:27:00, 2018-10-07 06:27:59, true, 0.0032, 0.0085, -0.1041, true
2018-10-07 06:28:00, 2018-10-07 06:28:59, false, -0.0078, 0.0038, 0.0046, true
2018-10-07 06:29:00, 2018-10-07 06:29:59, false, -0.0040, 0.0037, -0.0104, true
2018-10-07 06:30:00, 2018-10-07 06:30:59, false, -0.0009, 0.0008, 0.1111, true
2018-10-07 06:31:02, 2018-10-07 06:31:59, false, 0.0000, 0.0012, -0.1011, true
2018-10-07 06:32:00, 2018-10-07 06:32:59, false, -0.0113, 0.0270, 0.1756, true
2018-10-07 06:33:00, 2018-10-07 06:33:58, true, 0.0018, 0.0217, -0.1417, true
2018-10-07 06:34:00, 2018-10-07 06:34:59, false, -0.0061, 0.0060, -0.0272, true
2018-10-07 06:35:00, 2018-10-07 06:35:59, false, -0.0018, 0.0047, 0.1527, true
2018-10-07 06:36:00, 2018-10-07 06:36:59, false, -0.0148, 0.0076, -0.1162, true
2018-10-07 06:37:01, 2018-10-07 06:37:59, false, -0.0026, 0.0000, -0.0489, true
2018-10-07 06:38:01, 2018-10-07 06:38:59, true, 0.0067, 0.0116, 0.0350, true
2018-10-07 06:39:00, 2018-10-07 06:39:58, true, 0.0130, 0.0159, 0.0512, true
2018-10-07 06:40:00, 2018-10-07 06:40:59, false, -0.0457, 0.0147, -0.0483, true
2018-10-07 06:41:00, 2018-10-07 06:41:55, true, 0.0095, 0.0137, 0.2731, true
2018-10-07 06:42:00, 2018-10-07 06:42:58, true, 0.0316, 0.0579, -0.2668, true
2018-10-07 06:43:00, 2018-10-07 06:43:59, true, 0.0250, 0.0567, 0.2111, true
2018-10-07 06:44:00, 2018-10-07 06:44:59, true, 0.0044, 0.0296, -0.2533, true
2018-10-07 06:45:01, 2018-10-07 06:45:58, true, 0.0159, 0.0209, 0.1822, true
2018-10-07 06:46:01, 2018-10-07 06:46:59, true, 0.0118, 0.0343, -0.1203, true
2018-10-07 06:47:00, 2018-10-07 06:47:59, true, 0.0052, 0.0176, -0.1042, true
2018-10-07 06:48:00, 2018-10-07 06:48:59, true, 0.0203, 0.0273, 0.1362, true
2018-10-07 06:49:00, 2018-10-07 06:49:59, false, -0.0038, 0.0327, 0.0896, true
2018-10-07 06:50:00, 2018-10-07 06:50:59, true, 0.0508, 0.0568, 0.0140, true
2018-10-07 06:51:00, 2018-10-07 06:51:59, false, -0.0031, 0.0749, 0.0102, true
2018-10-07 06:52:00, 2018-10-07 06:52:59, false, -0.0017, 0.0093, -0.3058, true
2018-10-07 06:53:00, 2018-10-07 06:53:57, true, 0.0023, 0.0111, 0.0424, true
2018-10-07 06:54:00, 2018-10-07 06:54:58, false, -0.0096, 0.0053, -0.0300, true
2018-10-07 06:55:00, 2018-10-07 06:55:58, true, 0.0073, 0.0117, 0.2939, true
2018-10-07 06:56:00, 2018-10-07 06:56:59, true, 0.0076, 0.0160, -0.1642, true
2018-10-07 06:57:00, 2018-10-07 06:57:59, false, -0.0238, 0.0082, 0.0392, true
2018-10-07 06:58:00, 2018-10-07 06:58:58, false, -0.0023, 0.0153, 0.0195, true
2018-10-07 06:59:00, 2018-10-07 06:59:59, true, 0.0034, 0.0061, 0.1522, true
2018-10-07 07:00:00, 2018-10-07 07:00:59, true, 0.0011, 0.0067, 0.2016, true
2018-10-07 07:01:00, 2018-10-07 07:01:59, false, -0.0087, 0.0017, -0.2160, true
2018-10-07 07:02:00, 2018-10-07 07:02:58, false, -0.0360, 0.0027, -0.0468, true
2018-10-07 07:03:00, 2018-10-07 07:03:59, true, 0.0017, 0.0107, 0.1657, true
2018-10-07 07:04:00, 2018-10-07 07:04:59, true, 0.0009, 0.0073, 0.4653, true
2018-10-07 07:05:00, 2018-10-07 07:05:59, false, -0.0003, 0.0015, -0.7477, true
2018-10-07 07:06:01, 2018-10-07 07:06:59, false, -0.0058, 0.0037, -0.0862, true
2018-10-07 07:07:00, 2018-10-07 07:07:59, false, -0.0148, 0.0139, 0.0159, true
2018-10-07 07:08:00, 2018-10-07 07:08:59, true, 0.0604, 0.1026, -0.0761, true
2018-10-07 07:09:00, 2018-10-07 07:09:59, false, -0.0157, 0.0604, -0.0085, true
2018-10-07 07:10:00, 2018-10-07 07:10:59, true, 0.0137, 0.0143, 0.1956, true
2018-10-07 07:11:00, 2018-10-07 07:11:59, true, 0.0104, 0.0241, -0.1014, true
2018-10-07 07:12:01, 2018-10-07 07:12:59, false, -0.0006, 0.0107, 0.1023, true
2018-10-07 07:13:00, 2018-10-07 07:13:59, false, -0.0153, 0.0000, -0.0264, true
2018-10-07 07:14:00, 2018-10-07 07:14:58, true, 0.0018, 0.0029, -0.1522, true
2018-10-07 07:15:00, 2018-10-07 07:15:59, false, 0.0000, 0.0125, -0.0035, true
2018-10-07 07:16:00, 2018-10-07 07:16:59, true, 0.0171, 0.0230, 0.0271, true
2018-10-07 07:17:00, 2018-10-07 07:17:58, false, -0.0012, 0.0175, -0.0302, true
2018-10-07 07:18:00, 2018-10-07 07:18:57, true, 0.0156, 0.0214, 0.1281, true
2018-10-07 07:19:00, 2018-10-07 07:19:58, true, 0.0117, 0.0512, 0.0281, true
2018-10-07 07:20:00, 2018-10-07 07:20:59, true, 0.0032, 0.0181, 0.0084, true
2018-10-07 07:21:02, 2018-10-07 07:21:59, true, 0.0023, 0.0236, 0.0861, true
2018-10-07 07:22:02, 2018-10-07 07:22:59, true, 0.0053, 0.0221, -0.2016, true
2018-10-07 07:23:01, 2018-10-07 07:23:59, false, -0.0079, 0.0053, 0.0486, true
2018-10-07 07:24:00, 2018-10-07 07:24:59, true, 0.0437, 0.0607, 0.1233, true
2018-10-07 07:25:00, 2018-10-07 07:25:59, false, -0.0056, 0.0474, -0.0946, true
2018-10-07 07:26:00, 2018-10-07 07:26:59, true, 0.0003, 0.0040, -0.0873, true
2018-10-07 07:27:00, 2018-10-07 07:27:39, true, 0.0070, 0.0393, 0.1978, true
