2018-10-07 07:27:40, 2018-10-07 07:27:59, true, 0.0070, 0.0393, 0.1978, true
2018-10-07 07:28:01, 2018-10-07 07:28:59, true, 0.0183, 0.0258, -0.1208, true
2018-10-07 07:29:00, 2018-10-07 07:29:58, true, 0.0032, 0.0288, 0.1406, true
2018-10-07 07:30:00, 2018-10-07 07:30:59, false, -0.0008, 0.0032, -0.0673, true
2018-10-07 07:31:00, 2018-10-07 07:31:59, false, -0.0104, 0.0265, 0.0951, true
2018-10-07 07:32:02, 2018-10-07 07:32:59, false, -0.0003, 0.0194, 0.0346, true
2018-10-07 07:33:00, 2018-10-07 07:33:59, true, 0.0200, 0.0245, -0.0935, true
2018-10-07 07:34:00, 2018-10-07 07:34:59, false, -0.0064, 0.0210, -0.1205, true
2018-10-07 07:35:01, 2018-10-07 07:35:59, false, -0.0062, 0.0023, 0.1469, true
2018-10-07 07:36:00, 2018-10-07 07:36:58, true, 0.0023, 0.0168, -0.1742, true
2018-10-07 07:37:00, 2018-10-07 07:37:55, false, -0.0035, 0.0029, -0.0244, true
2018-10-07 07:38:00, 2018-10-07 07:38:58, true, 0.0002, 0.0035, 0.1420, true
2018-10-07 07:39:02, 2018-10-07 07:39:58, false, -0.0175, 0.0044, -0.0187, true
2018-10-07 07:40:00, 2018-10-07 07:40:59, false, -0.0239, 0.0102, 0.5957, true
2018-10-07 07:41:00, 2018-10-07 07:41:59, true, 0.0248, 0.0434, -0.3435, true
2018-10-07 07:42:00, 2018-10-07 07:42:59, true, 0.0186, 0.0485, 0.1307, true
2018-10-07 07:43:00, 2018-10-07 07:43:57, false, -0.0117, 0.0186, -0.1338, true
2018-10-07 07:44:00, 2018-10-07 07:44:59, false, -0.0212, 0.0027, -0.3693, true
2018-10-07 07:45:00, 2018-10-07 07:45:59, false, -0.0012, 0.0009, 0.0500, true
2018-10-07 07:46:00, 2018-10-07 07:46:59, false, -0.0700, 0.0000, 0.0886, true
2018-10-07 07:47:00, 2018-10-07 07:47:58, false, -0.0052, 0.0084, 0.0166, true
2018-10-07 07:48:00, 2018-10-07 07:48:59, false, -0.0150, 0.0075, 0.0088, true
2018-10-07 07:49:01, 2018-10-07 07:49:57, false, -0.0041, 0.0169, -0.0951, true
2018-10-07 07:50:00, 2018-10-07 07:50:59, false, -0.0014, 0.0000, -0.0482, true
2018-10-07 07:51:00, 2018-10-07 07:51:59, false, -0.0035, 0.0002, 0.0493, true
2018-10-07 07:52:00, 2018-10-07 07:52:57, false, -0.0011, 0.0012, -0.0337, true
2018-10-07 07:53:00, 2018-10-07 07:53:59, false, -0.0072, 0.0069, 0.0775, true
2018-10-07 07:54:00, 2018-10-07 07:54:57, false, -0.0037, 0.0003, 0.0439, true
2018-10-07 07:55:00, 2018-10-07 07:55:59, false, -0.0131, 0.0052, -0.1117, true
2018-10-07 07:56:01, 2018-10-07 07:56:59, false, -0.0122, 0.0089, -0.0098, true
2018-10-07 07:57:00, 2018-10-07 07:57:56, false, -0.0032, 0.0027, -0.0032, true
2018-10-07 07:58:00, 2018-10-07 07:58:58, true, 0.0604, 0.0604, 0.1889, true
2018-10-07 07:59:00, 2018-10-07 07:59:59, true, 0.0017, 0.0720, -0.2346, true
2018-10-07 08:00:00, 2018-10-07 08:00:59, true, 0.0029, 0.0117, 0.0355, true
2018-10-07 08:01:00, 2018-10-07 08:01:59, true, 0.0125, 0.0316, 0.0453, true
2018-10-07 08:02:01, 2018-10-07 08:02:59, true, 0.0249, 0.0487, 0.1211, true
2018-10-07 08:03:00, 2018-10-07 08:03:59, false, -0.0119, 0.0378, -0.0009, true
2018-10-07 08:04:00, 2018-10-07 08:04:59, true, 0.0072, 0.0238, -0.1238, true
2018-10-07 08:05:01, 2018-10-07 08:05:58, true, 0.0046, 0.0212, -0.0337, true
2018-10-07 08:06:02, 2018-10-07 08:06:58, false, -0.0015, 0.0017, 0.0050, true
2018-10-07 08:07:00, 2018-10-07 08:07:59, true, 0.0133, 0.0316, 0.0113, true
2018-10-07 08:08:00, 2018-10-07 08:08:58, false, -0.0163, 0.0180, 0.0072, true
2018-10-07 08:09:00, 2018-10-07 08:09:59, true, 0.0041, 0.0059, -0.1244, true
2018-10-07 08:10:00, 2018-10-07 08:10:59, false, -0.0099, 0.0117, 0.1510, true
2018-10-07 08:11:00, 2018-10-07 08:11:59, false, -0.0085, 0.0044, -0.1403, true
2018-10-07 08:12:00, 2018-10-07 08:12:59, false, -0.0012, 0.0009, -0.0082, true
2018-10-07 08:13:00, 2018-10-07 08:13:59, false, -0.0233, -0.0087, -0.0015, true
2018-10-07 08:14:00, 2018-10-07 08:14:59, true, 0.0055, 0.0108, 0.0526, true
2018-10-07 08:15:00, 2018-10-07 08:15:58, true, 0.0008, 0.0075, -0.0413, true
2018-10-07 08:16:00, 2018-10-07 08:16:58, true, 0.0098, 0.0296, -0.0363, true
2018-10-07 08:17:01, 2018-10-07 08:17:59, true, 0.0056, 0.0243, 0.0799, true
2018-10-07 08:18:00, 2018-10-07 08:18:59, false, -0.0049, 0.0056, -0.0484, true
2018-10-07 08:19:00, 2018-10-07 08:19:59, true, 0.0037, 0.0125, 0.1469, true
2018-10-07 08:20:00, 2018-10-07 08:20:59, false, -0.0047, 0.0104, -0.1422, true
2018-10-07 08:21:00, 2018-10-07 08:21:59, true, 0.0069, 0.0082, 0.3839, true
2018-10-07 08:22:00, 2018-10-07 08:22:59, true, 0.0040, 0.0120, -0.2719, true
2018-10-07 08:23:01, 2018-10-07 08:23:59, false, -0.0049, 0.0114, 0.0168, true
2018-10-07 08:24:00, 2018-10-07 08:24:59, true, 0.0300, 0.0319, 0.1994, true
2018-10-07 08:25:03, 2018-10-07 08:25:59, true, 0.0050, 0.0401, -0.2449, true
2018-10-07 08:26:00, 2018-10-07 08:26:59, false, -0.0029, 0.0066, 0.0360, true
2018-10-07 08:27:00, 2018-10-07 08:27:59, false, -0.0087, 0.0093, 0.1645, true
2018-10-07 08:28:00, 2018-10-07 08:28:57, false, -0.0146, 0.0011, 0.1243, true
2018-10-07 08:29:00, 2018-10-07 08:29:58, true, 0.0050, 0.0262, -0.2228, true
2018-10-07 08:30:00, 2018-10-07 08:30:59, true, 0.0113, 0.0294, 0.0131, true
2018-10-07 08:31:00, 2018-10-07 08:31:59, true, 0.0024, 0.0137, -0.0800, true
2018-10-07 08:32:00, 2018-10-07 08:32:59, true, 0.0067, 0.0099, 0.1281, true
2018-10-07 08:33:00, 2018-10-07 08:33:59, false, -0.0029, 0.0178, -0.0470, true
2018-10-07 08:34:00, 2018-10-07 08:34:58, false, -0.0024, 0.0003, -0.0913, true
2018-10-07 08:35:00, 2018-10-07 08:35:59, true, 0.0021, 0.0162, 0.0793, true
2018-10-07 08:36:00, 2018-10-07 08:36:59, true, 0.0003, 0.0032, -0.1157, true
2018-10-07 08:37:00, 2018-10-07 08:37:59, false, -0.0002, 0.0091, 0.1856, true
2018-10-07 08:38:00, 2018-10-07 08:38:58, false, -0.0288, 0.0162, -0.1830, true
2018-10-07 08:39:00, 2018-10-07 08:39:59, true, 0.0049, 0.0143, 0.1174, true
2018-10-07 08:40:00, 2018-10-07 08:40:59, false, -0.0169, 0.0073, -0.0683, true
2018-10-07 08:41:00, 2018-10-07 08:41:59, false, -0.0017, 0.0005, 0.1326, true
2018-10-07 08:42:00, 2018-10-07 08:42:58, false, -0.0200, 0.0000, -0.0963, true
2018-10-07 08:43:00, 2018-10-07 08:43:59, false, -0.0023, 0.0026, -0.0531, true
2018-10-07 08:44:00, 2018-10-07 08:44:58, true, 0.0084, 0.0084, -0.0116, true
2018-10-07 08:45:00, 2018-10-07 08:45:59, true, 0.0192, 0.0337, 0.0159, true
2018-10-07 08:46:00, 2018-10-07 08:46:59, false, -0.0201, 0.0198, 0.0583, true
2018-10-07 08:47:00, 2018-10-07 08:47:58, false, -0.0056, 0.0002, -0.1077, true
2018-10-07 08:48:00, 2018-10-07 08:48:59, false, -0.0435, 0.0000, 0.8282, true
2018-10-07 08:49:00, 2018-10-07 08:49:59, false, -0.0260, -0.0078, -0.6889, true
2018-10-07 08:50:01, 2018-10-07 08:50:59, false, -0.0263, 0.0076, 0.1246, true
2018-10-07 08:51:01, 2018-10-07 08:51:59, true, 0.0015, 0.0073, -0.1574, true
2018-10-07 08:52:00, 2018-10-07 08:52:59, true, 0.0502, 0.0518, 0.1662, true
2018-10-07 08:53:00, 2018-10-07 08:53:59, false, 0.0000, 0.0502, -0.2178, true
2018-10-07 08:54:00, 2018-10-07 08:54:58, false, -0.0011, 0.0012, 0.0574, true
2018-10-07 08:55:00, 2018-10-07 08:55:58, true, 0.0208, 0.0214, -0.1148, true
2018-10-07 08:56:00, 2018-10-07 08:56:59, true, 0.0084, 0.0290, 0.0565, true
2018-10-07 08:57:00, 2018-10-07 08:57:59, true, 0.0050, 0.0146, 0.1100, true
2018-10-07 08:58:00, 2018-10-07 08:58:58, true, 0.0020, 0.0075, -0.1221, true
2018-10-07 08:59:00, 2018-10-07 08:59:58, false, -0.0157, 0.0095, 0.0201, true
2018-10-07 09:00:00, 2018-10-07 09:00:59, false, -0.0089, 0.0000, 0.0250, true
2018-10-07 09:01:00, 2018-10-07 09:01:59, false, -0.0021, 0.0006, -0.0766, true
2018-10-07 09:02:01, 2018-10-07 09:02:59, false, -0.0227, 0.0021, 0.0913, true
2018-10-07 09:03:00, 2018-10-07 09:03:59, true, 0.0027, 0.0027, 0.0162, true
2018-10-07 09:04:01, 2018-10-07 09:04:59, false, -0.0325, 0.0104, -0.0104, true
2018-10-07 09:05:00, 2018-10-07 09:05:59, false, -0.0027, 0.0076, 0.0811, true
2018-10-07 09:06:01, 2018-10-07 09:06:59, true, 0.0038, 0.0049, -0.1590, true
2018-10-07 09:07:00, 2018-10-07 09:07:58, false, -0.0057, 0.0031, 0.0586, true
2018-10-07 09:08:00, 2018-10-07 09:08:59, false, -0.0348, 0.0107, -0.1761, true
2018-10-07 09:09:00, 2018-10-07 09:09:58, false, -0.0075, 0.0050, 0.0082, true
2018-10-07 09:10:00, 2018-10-07 09:10:59, true, 0.0037, 0.0053, 0.0788, true
2018-10-07 09:11:00, 2018-10-07 09:11:59, true, 0.0049, 0.0095, -0.0582, true
2018-10-07 09:12:00, 2018-10-07 09:12:58, true, 0.0243, 0.0380, -0.0153, true
2018-10-07 09:13:00, 2018-10-07 09:13:59, false, -0.0002, 0.0327, 0.0312, true
2018-10-07 09:14:00, 2018-10-07 09:14:59, true, 0.0024, 0.0128, -0.0574, true
2018-10-07 09:15:00, 2018-10-07 09:15:59, false, 0.0000, 0.0061, 0.0263, true
2018-10-07 09:16:00, 2018-10-07 09:16:59, false, -0.0009, 0.0020, -0.0162, true
2018-10-07 09:17:01, 2018-10-07 09:17:59, true, 0.0220, 0.0226, 0.0064, true
2018-10-07 09:18:00, 2018-10-07 09:18:59, true, 0.0006, 0.0131, 0.0018, true
2018-10-07 09:19:00, 2018-10-07 09:19:58, false, -0.0032, 0.0006, 0.0649, true
2018-10-07 09:20:00, 2018-10-07 09:20:59, true, 0.0034, 0.0049, 0.0516, true
2018-10-07 09:21:00, 2018-10-07 09:21:59, false, -0.0118, 0.0032, -0.0782, true
2018-10-07 09:22:00, 2018-10-07 09:22:59, false, -0.0089, 0.0005, -0.0322, true
2018-10-07 09:23:00, 2018-10-07 09:23:59, false, -0.0153, 0.0023, 0.0718, true
2018-10-07 09:24:00, 2018-10-07 09:24:59, false, -0.0009, 0.0066, 0.1173, true
2018-10-07 09:25:00, 2018-10-07 09:25:59, false, -0.0108, 0.0165, -0.0606, true
2018-10-07 09:26:00, 2018-10-07 09:26:59, true, 0.0093, 0.0102, -0.1023, true
2018-10-07 09:27:00, 2018-10-07 09:27:59, true, 0.0066, 0.0240, -0.0342, true
2018-10-07 09:28:00, 2018-10-07 09:28:58, true, 0.0008, 0.0116, 0.0113, true
2018-10-07 09:29:00, 2018-10-07 09:29:59, true, 0.0156, 0.0182, 0.0628, true
2018-10-07 09:30:00, 2018-10-07 09:30:59, false, -0.0015, 0.0185, -0.0002, true
2018-10-07 09:31:00, 2018-10-07 09:31:58, false, -0.0009, 0.0063, 0.0295, true
2018-10-07 09:32:00, 2018-10-07 09:32:57, false, -0.0115, 0.0012, 0.0739, true
2018-10-07 09:33:00, 2018-10-07 09:33:59, true, 0.0327, 0.0368, 0.2594, true
2018-10-07 09:34:00, 2018-10-07 09:34:59, true, 0.0005, 0.0336, -0.2457, true
2018-10-07 09:35:00, 2018-10-07 09:35:59, false, -0.0020, 0.0151, 0.1614, true
2018-10-07 09:36:00, 2018-10-07 09:36:58, false, -0.0015, 0.0110, -0.2866, true
2018-10-07 09:37:00, 2018-10-07 09:37:59, false, -0.0084, 0.0115, 0.0825, true
2018-10-07 09:38:00, 2018-10-07 09:38:59, false, -0.0026, 0.0044, -0.0249, true
2018-10-07 09:39:00, 2018-10-07 09:39:59, false, -0.0011, 0.0136, -0.0034, true
2018-10-07 09:40:00, 2018-10-07 09:40:59, true, 0.0125, 0.0218, 0.0102, true
2018-10-07 09:41:00, 2018-10-07 09:41:58, true, 0.0037, 0.0177, -0.0147, true
2018-10-07 09:42:00, 2018-10-07 09:42:59, true, 0.0163, 0.0206, 0.0934, true
2018-10-07 09:43:01, 2018-10-07 09:43:59, true, 0.0069, 0.0521, -0.0780, true
2018-10-07 09:44:00, 2018-10-07 09:44:59, true, 0.0064, 0.0133, -0.0174, true
2018-10-07 09:45:00, 2018-10-07 09:45:59, true, 0.0098, 0.0165, -0.0801, true
2018-10-07 09:46:00, 2018-10-07 09:46:59, false, -0.0006, 0.0166, 0.0685, true
2018-10-07 09:47:00, 2018-10-07 09:47:59, false, -0.0002, 0.0017, 0.0174, true
2018-10-07 09:48:00, 2018-10-07 09:48:59, false, -0.0111, 0.0032, 0.0128, true
2018-10-07 09:49:00, 2018-10-07 09:49:59, false, -0.0021, 0.0006, -0.0490, true
2018-10-07 09:50:00, 2018-10-07 09:50:59, true, 0.0014, 0.0031, -0.0055, true
2018-10-07 09:51:00, 2018-10-07 09:51:59, false, -0.0032, 0.0105, -0.0801, true
2018-10-07 09:52:00, 2018-10-07 09:52:59, true, 0.0081, 0.0102, 0.1213, true
2018-10-07 09:53:00, 2018-10-07 09:53:59, false, -0.0003, 0.0081, 0.1528, true
2018-10-07 09:54:00, 2018-10-07 09:54:59, true, 0.0172, 0.0258, 0.4656, true
2018-10-07 09:55:00, 2018-10-07 09:55:59, true, 0.0140, 0.0313, -0.3949, true
2018-10-07 09:56:00, 2018-10-07 09:56:59, true, 0.0015, 0.0168, -0.1498, true
2018-10-07 09:57:00, 2018-10-07 09:57:59, true, 0.0288, 0.0317, 0.0606, true
2018-10-07 09:58:00, 2018-10-07 09:58:58, false, -0.0226, 0.0302, -0.1785, true
2018-10-07 09:59:00, 2018-10-07 09:59:58, false, -0.0085, 0.0034, 0.1753, true
2018-10-07 10:00:00, 2018-10-07 10:00:59, false, -0.0021, 0.0064, -0.0743, true
2018-10-07 10:01:00, 2018-10-07 10:01:58, true, 0.0018, 0.0037, -0.0716, true
2018-10-07 10:02:00, 2018-10-07 10:02:59, true, 0.0114, 0.0136, 0.2375, true
2018-10-07 10:03:00, 2018-10-07 10:03:59, false, -0.0072, 0.0192, -0.2154, true
2018-10-07 10:04:01, 2018-10-07 10:04:59, true, 0.0012, 0.0232, -0.0583, true
2018-10-07 10:05:00, 2018-10-07 10:05:59, true, 0.0323, 0.0337, 0.0921, true
2018-10-07 10:06:00, 2018-10-07 10:06:59, true, 0.0281, 0.0616, 0.1837, true
2018-10-07 10:07:01, 2018-10-07 10:07:59, true, 0.0280, 0.0569, -0.0550, true
2018-10-07 10:08:00, 2018-10-07 10:08:56, true, 0.0044, 0.0325, -0.1111, true
2018-10-07 10:09:00, 2018-10-07 10:09:59, false, -0.0252, 0.0095, -0.0151, true
2018-10-07 10:10:00, 2018-10-07 10:10:59, false, -0.0107, 0.0011, 0.0508, true
2018-10-07 10:11:00, 2018-10-07 10:11:59, true, 0.0041, 0.0070, 0.0791, true
2018-10-07 10:12:00, 2018-10-07 10:12:59, true, 0.0398, 0.0505, 0.2795, true
2018-10-07 10:13:00, 2018-10-07 10:13:59, true, 0.0047, 0.0628, -0.3827, true
2018-10-07 10:14:01, 2018-10-07 10:14:59, true, 0.0297, 0.0309, -0.0306, true
2018-10-07 10:15:00, 2018-10-07 10:15:59, false, -0.0148, 0.0165, -0.0340, true
2018-10-07 10:16:03, 2018-10-07 10:16:59, true, 0.0079, 0.0090, 0.0200, true
2018-10-07 10:17:01, 2018-10-07 10:17:59, true, 0.0099, 0.0463, -0.0442, true
2018-10-07 10:18:00, 2018-10-07 10:18:59, true, 0.0146, 0.0245, 0.0632, true
2018-10-07 10:19:00, 2018-10-07 10:19:59, true, 0.0044, 0.0190, -0.0366, true
2018-10-07 10:20:00, 2018-10-07 10:20:58, true, 0.0035, 0.0082, 0.0618, true
2018-10-07 10:21:00, 2018-10-07 10:21:59, false, -0.0035, 0.0072, -0.0515, true
2018-10-07 10:22:00, 2018-10-07 10:22:59, false, -0.0116, 0.0145, 0.0594, true
2018-10-07 10:23:00, 2018-10-07 10:23:59, true, 0.0227, 0.0238, -0.0297, true
2018-10-07 10:24:00, 2018-10-07 10:24:58, false, -0.0105, 0.0123, 0.1526, true
2018-10-07 10:25:00, 2018-10-07 10:25:58, false, -0.0456, 0.0241, -0.1637, true
2018-10-07 10:26:00, 2018-10-07 10:26:59, true, 0.0087, 0.0108, -0.0149, true
2018-10-07 10:27:01, 2018-10-07 10:27:59, false, -0.0088, 0.0113, 0.0745, true
2018-10-07 10:28:00, 2018-10-07 10:28:59, true, 0.0072, 0.0745, 0.0229, true
2018-10-07 10:29:00, 2018-10-07 10:29:59, false, -0.0009, 0.0174, -0.1717, true
2018-10-07 10:30:00, 2018-10-07 10:30:59, false, -0.0005, 0.0056, 0.0881, true
2018-10-07 10:31:00, 2018-10-07 10:31:59, true, 0.0152, 0.0232, -0.0696, true
2018-10-07 10:32:00, 2018-10-07 10:32:59, true, 0.0034, 0.0158, 0.3081, true
2018-10-07 10:33:00, 2018-10-07 10:33:58, true, 0.0005, 0.0128, -0.3085, true
2018-10-07 10:34:00, 2018-10-07 10:34:59, true, 0.0046, 0.0050, 0.0120, true
2018-10-07 10:35:00, 2018-10-07 10:35:59, false, -0.0005, 0.0070, 0.0370, true
2018-10-07 10:36:00, 2018-10-07 10:36:59, true, 0.0050, 0.0050, 0.0308, true
2018-10-07 10:37:00, 2018-10-07 10:37:59, false, -0.0009, 0.0076, -0.0133, true
2018-10-07 10:38:02, 2018-10-07 10:38:58, false, -0.0002, 0.0081, -0.0419, true
2018-10-07 10:39:00, 2018-10-07 10:39:59, false, -0.0238, 0.0006, 0.0398, true
2018-10-07 10:40:00, 2018-10-07 10:40:59, false, -0.0015, 0.0021, -0.0693, true
2018-10-07 10:41:00, 2018-10-07 10:41:59, true, 0.0140, 0.0143, 0.0725, true
2018-10-07 10:42:00, 2018-10-07 10:42:59, false, -0.0152, 0.0259, -0.0536, true
2018-10-07 10:43:00, 2018-10-07 10:43:59, true, 0.0009, 0.0165, 0.1471, true
2018-10-07 10:44:01, 2018-10-07 10:44:59, false, -0.0290, 0.0056, -0.0404, true
2018-10-07 10:45:00, 2018-10-07 10:45:59, true, 0.0023, 0.0325, -0.0540, true
2018-10-07 10:46:00, 2018-10-07 10:46:59, true, 0.0050, 0.0081, -0.0011, true
2018-10-07 10:47:01, 2018-10-07 10:47:59, true, 0.0008, 0.0087, -0.0090, true
2018-10-07 10:48:01, 2018-10-07 10:48:59, false, -0.0085, 0.0009, -0.0006, true
2018-10-07 10:49:02, 2018-10-07 10:49:58, false, -0.0021, 0.0072, 0.0390, true
2018-10-07 10:50:00, 2018-10-07 10:50:59, true, 0.0050, 0.0146, 0.1337, true
2018-10-07 10:51:00, 2018-10-07 10:51:59, true, 0.0005, 0.0056, -0.1864, true
2018-10-07 10:52:00, 2018-10-07 10:52:59, true, 0.0041, 0.0050, 0.1344, true
2018-10-07 10:53:00, 2018-10-07 10:53:59, true, 0.0186, 0.0233, 0.2249, true
2018-10-07 10:54:00, 2018-10-07 10:54:59, true, 0.0030, 0.0226, -0.3625, true
2018-10-07 10:55:00, 2018-10-07 10:55:57, true, 0.0056, 0.0283, 0.1699, true
2018-10-07 10:56:01, 2018-10-07 10:56:59, false, -0.0026, 0.0073, -0.1592, true
2018-10-07 10:57:00, 2018-10-07 10:57:58, true, 0.0002, 0.0008, -0.0520, true
2018-10-07 10:58:00, 2018-10-07 10:58:59, true, 0.0088, 0.0096, 0.0553, true
2018-10-07 10:59:00, 2018-10-07 10:59:59, true, 0.0232, 0.0419, 0.1362, true
2018-10-07 11:00:00, 2018-10-07 11:00:58, true, 0.0014, 0.0247, -0.0577, true
2018-10-07 11:01:00, 2018-10-07 11:01:59, false, -0.0408, 0.0026, -0.1573, true
2018-10-07 11:02:00, 2018-10-07 11:02:59, false, -0.0175, 0.0090, 0.1216, true
2018-10-07 11:03:00, 2018-10-07 11:03:59, true, 0.0038, 0.0099, -0.0791, true
2018-10-07 11:04:00, 2018-10-07 11:04:59, true, 0.0069, 0.0157, 0.0325, true
2018-10-07 11:05:00, 2018-10-07 11:05:59, false, -0.0104, 0.0002, -0.0175, true
2018-10-07 11:06:00, 2018-10-07 11:06:59, true, 0.0009, 0.0123, 0.0279, true
2018-10-07 11:07:00, 2018-10-07 11:07:59, true, 0.0008, 0.0035, 0.0270, true
2018-10-07 11:08:00, 2018-10-07 11:08:59, true, 0.0180, 0.0194, -0.0283, true
2018-10-07 11:09:02, 2018-10-07 11:09:59, true, 0.0128, 0.0314, 0.1653, true
2018-10-07 11:10:00, 2018-10-07 11:10:59, true, 0.0014, 0.0154, -0.0011, true
2018-10-07 11:11:00, 2018-10-07 11:11:58, false, -0.0069, 0.0035, -0.1754, true
2018-10-07 11:12:00, 2018-10-07 11:12:59, true, 0.0003, 0.0114, -0.0215, true
2018-10-07 11:13:00, 2018-10-07 11:13:59, true, 0.0114, 0.0131, 0.0174, true
2018-10-07 11:14:00, 2018-10-07 11:14:59, true, 0.0126, 0.0247, -0.1263, true
2018-10-07 11:15:00, 2018-10-07 11:15:58, true, 0.0142, 0.0282, 0.1494, true
2018-10-07 11:16:00, 2018-10-07 11:16:58, false, -0.0210, 0.0148, 0.0443, true
2018-10-07 11:17:00, 2018-10-07 11:17:59, true, 0.0090, 0.0122, -0.0714, true
2018-10-07 11:18:00, 2018-10-07 11:18:59, true, 0.0015, 0.0328, 0.0117, true
2018-10-07 11:19:00, 2018-10-07 11:19:59, false, -0.0142, 0.1205, 0.0430, true
2018-10-07 11:20:00, 2018-10-07 11:20:55, false, -0.0062, 0.0023, -0.0323, true
2018-10-07 11:21:00, 2018-10-07 11:21:59, false, -0.0014, 0.0079, 0.1446, true
2018-10-07 11:22:00, 2018-10-07 11:22:57, false, -0.0079, 0.0040, -0.1868, true
2018-10-07 11:23:00, 2018-10-07 11:23:59, false, -0.0163, 0.0006, 0.1533, true
2018-10-07 11:24:01, 2018-10-07 11:24:58, true, 0.0134, 0.0216, -0.0910, true
2018-10-07 11:25:00, 2018-10-07 11:25:59, false, -0.0034, 0.0157, -0.0927, true
2018-10-07 11:26:00, 2018-10-07 11:26:59, false, -0.0009, 0.0076, -0.0012, true
2018-10-07 11:27:00, 2018-10-07 11:27:57, false, -0.0447, 0.0005, 0.8758, true
2018-10-07 11:28:00, 2018-10-07 11:28:59, false, -0.0325, 0.0215, 0.7194, true
2018-10-07 11:29:01, 2018-10-07 11:29:59, true, 0.0024, 0.0111, -1.1576, true
2018-10-07 11:30:00, 2018-10-07 11:30:59, false, -0.0447, 0.0095, 1.5937, true
2018-10-07 11:31:00, 2018-10-07 11:31:59, false, -0.0124, 0.0559, -2.0447, true
2018-10-07 11:32:00, 2018-10-07 11:32:57, false, -0.0255, 0.0006, 0.3672, true
2018-10-07 11:33:00, 2018-10-07 11:33:59, true, 0.0063, 0.0125, 0.0427, true
2018-10-07 11:34:00, 2018-10-07 11:34:59, true, 0.0211, 0.0293, -0.2898, true
2018-10-07 11:35:00, 2018-10-07 11:35:58, false, -0.0848, 0.0215, -0.0562, true
2018-10-07 11:36:00, 2018-10-07 11:36:59, true, 0.0286, 0.0669, -0.0515, true
2018-10-07 11:37:00, 2018-10-07 11:37:59, true, 0.0072, 0.0382, 0.1157, true
2018-10-07 11:38:00, 2018-10-07 11:38:59, true, 0.0371, 0.0490, 0.0270, true
2018-10-07 11:39:00, 2018-10-07 11:39:59, true, 0.0031, 0.0411, -0.0751, true
2018-10-07 11:40:00, 2018-10-07 11:40:59, false, -0.0041, 0.0168, 0.2131, true
2018-10-07 11:41:00, 2018-10-07 11:41:58, true, 0.0070, 0.0145, -0.0067, true
2018-10-07 11:42:00, 2018-10-07 11:42:59, true, 0.0221, 0.0418, -0.2139, true
2018-10-07 11:43:00, 2018-10-07 11:43:58, true, 0.0020, 0.0252, 0.0293, true
2018-10-07 11:44:00, 2018-10-07 11:44:58, false, -0.0017, 0.0026, 0.0751, true
2018-10-07 11:45:00, 2018-10-07 11:45:59, false, -0.0002, 0.0006, -0.1883, true
2018-10-07 11:46:01, 2018-10-07 11:46:58, false, -0.0137, 0.0017, 0.0217, true
2018-10-07 11:47:01, 2018-10-07 11:47:59, true, 0.0175, 0.0197, 0.0000, true
2018-10-07 11:48:00, 2018-10-07 11:48:59, true, 0.0061, 0.0238, 0.1184, true
2018-10-07 11:49:00, 2018-10-07 11:49:59, true, 0.0078, 0.0139, -0.0276, true
2018-10-07 11:50:00, 2018-10-07 11:50:59, false, -0.0018, 0.0093, 0.0734, true
2018-10-07 11:51:02, 2018-10-07 11:51:59, true, 0.0066, 0.0096, -0.0307, true
2018-10-07 11:52:00, 2018-10-07 11:52:59, true, 0.0101, 0.0296, 0.0750, true
2018-10-07 11:53:00, 2018-10-07 11:53:59, false, -0.0183, 0.0255, -0.0703, true
2018-10-07 11:54:01, 2018-10-07 11:54:59, false, -0.0015, 0.0191, 0.2329, true
2018-10-07 11:55:00, 2018-10-07 11:55:59, true, 0.0021, 0.0087, -0.2180, true
2018-10-07 11:56:00, 2018-10-07 11:56:57, true, 0.0102, 0.0272, -0.0836, true
2018-10-07 11:57:01, 2018-10-07 11:57:59, false, -0.0017, 0.0125, 0.0139, true
2018-10-07 11:58:00, 2018-10-07 11:58:59, true, 0.0090, 0.0148, -0.0043, true
2018-10-07 11:59:00, 2018-10-07 11:59:59, true, 0.0056, 0.0194, 0.0345, true
2018-10-07 12:00:00, 2018-10-07 12:00:59, true, 0.0183, 0.0441, 0.1685, true
2018-10-07 12:01:00, 2018-10-07 12:01:59, true, 0.0148, 0.0337, -0.2028, true
2018-10-07 12:02:00, 2018-10-07 12:02:59, true, 0.0023, 0.0178, -0.0117, true
2018-10-07 12:03:00, 2018-10-07 12:03:59, false, -0.0021, 0.0244, -0.0023, true
2018-10-07 12:04:00, 2018-10-07 12:04:59, true, 0.0165, 0.0165, 0.0184, true
2018-10-07 12:05:00, 2018-10-07 12:05:59, true, 0.0076, 0.0241, 0.0075, true
2018-10-07 12:06:01, 2018-10-07 12:06:59, true, 0.0146, 0.0227, -0.0533, true
2018-10-07 12:07:01, 2018-10-07 12:07:59, true, 0.0098, 0.0264, 0.0130, true
2018-10-07 12:08:00, 2018-10-07 12:08:59, true, 0.0041, 0.0143, -0.0190, true
2018-10-07 12:09:01, 2018-10-07 12:09:59, true, 0.0015, 0.0084, -0.0349, true
2018-10-07 12:10:00, 2018-10-07 12:10:59, true, 0.0128, 0.0153, 0.1944, true
2018-10-07 12:11:00, 2018-10-07 12:11:59, true, 0.0117, 0.1559, -0.0888, true
2018-10-07 12:12:00, 2018-10-07 12:12:59, true, 0.0163, 0.0329, 0.1078, true
2018-10-07 12:13:00, 2018-10-07 12:13:59, false, -0.0081, 0.0303, -0.0478, true
2018-10-07 12:14:00, 2018-10-07 12:14:58, true, 0.0113, 0.0171, -0.0215, true
2018-10-07 12:15:00, 2018-10-07 12:15:59, false, -0.0008, 0.0177, -0.0265, true
2018-10-07 12:16:01, 2018-10-07 12:16:58, true, 0.0067, 0.0072, -0.0513, true
2018-10-07 12:17:00, 2018-10-07 12:17:59, true, 0.0061, 0.0139, 0.0437, true
2018-10-07 12:18:00, 2018-10-07 12:18:59, true, 0.0005, 0.0228, -0.0472, true
2018-10-07 12:19:00, 2018-10-07 12:19:59, true, 0.0050, 0.0064, 0.0075, true
2018-10-07 12:20:01, 2018-10-07 12:20:59, false, -0.0164, 0.0052, 0.0783, true
2018-10-07 12:21:00, 2018-10-07 12:21:59, true, 0.0008, 0.0029, -0.0379, true
2018-10-07 12:22:00, 2018-10-07 12:22:59, true, 0.0097, 0.0105, -0.0803, true
2018-10-07 12:23:00, 2018-10-07 12:23:59, true, 0.0030, 0.0187, 0.0073, true
2018-10-07 12:24:00, 2018-10-07 12:24:59, true, 0.0107, 0.0142, 0.0375, true
2018-10-07 12:25:00, 2018-10-07 12:25:59, false, -0.0064, 0.0113, 0.0446, true
2018-10-07 12:26:01, 2018-10-07 12:26:59, false, -0.0040, 0.0008, -0.0198, true
2018-10-07 12:27:01, 2018-10-07 12:27:59, true, 0.0117, 0.0161, -0.0507, true
2018-10-07 12:28:00, 2018-10-07 12:28:59, true, 0.0105, 0.0541, 0.0702, true
2018-10-07 12:29:00, 2018-10-07 12:29:59, false, -0.0193, 0.0163, -0.1096, true
2018-10-07 12:30:00, 2018-10-07 12:30:59, true, 0.0056, 0.0070, -0.0116, true
2018-10-07 12:31:00, 2018-10-07 12:31:59, false, -0.0041, 0.0069, 0.0402, true
2018-10-07 12:32:00, 2018-10-07 12:32:59, false, 0.0000, 0.0000, 0.1007, true
2018-10-07 12:33:00, 2018-10-07 12:33:59, false, -0.0105, 0.0094, -0.0774, true
2018-10-07 12:34:00, 2018-10-07 12:34:59, true, 0.0139, 0.0218, -0.0024, true
2018-10-07 12:35:00, 2018-10-07 12:35:59, false, -0.0047, 0.0157, 0.0326, true
2018-10-07 12:36:00, 2018-10-07 12:36:59, false, -0.0027, 0.0136, -0.0830, true
2018-10-07 12:37:00, 2018-10-07 12:37:59, true, 0.0062, 0.0111, 0.0894, true
2018-10-07 12:38:00, 2018-10-07 12:38:59, true, 0.0044, 0.0105, -0.0372, true
2018-10-07 12:39:01, 2018-10-07 12:39:59, true, 0.0132, 0.0181, 0.0008, true
2018-10-07 12:40:00, 2018-10-07 12:40:59, false, -0.0075, 0.0058, 0.1314, true
2018-10-07 12:41:00, 2018-10-07 12:41:59, true, 0.0135, 0.0146, -0.1343, true
2018-10-07 12:42:01, 2018-10-07 12:42:59, false, -0.0154, 0.0046, -0.0710, true
2018-10-07 12:43:00, 2018-10-07 12:43:57, true, 0.0030, 0.0131, 0.0978, true
2018-10-07 12:44:01, 2018-10-07 12:44:59, false, -0.1154, 0.0195, 0.1248, true
2018-10-07 12:45:00, 2018-10-07 12:45:58, true, 0.0084, 0.0117, -0.1514, true
2018-10-07 12:46:01, 2018-10-07 12:46:59, true, 0.0355, 0.0375, 0.1839, true
2018-10-07 12:47:00, 2018-10-07 12:47:59, false, -0.0195, 0.0375, -0.1100, true
2018-10-07 12:48:01, 2018-10-07 12:48:59, true, 0.0171, 0.0270, -0.0594, true
2018-10-07 12:49:00, 2018-10-07 12:49:59, true, 0.0067, 0.0315, 0.0094, true
2018-10-07 12:50:00, 2018-10-07 12:50:59, true, 0.0189, 0.0267, 0.0367, true
2018-10-07 12:51:01, 2018-10-07 12:51:59, true, 0.0245, 0.0497, 0.0938, true
2018-10-07 12:52:00, 2018-10-07 12:52:59, false, -0.0229, 0.0306, -0.0876, true
2018-10-07 12:53:00, 2018-10-07 12:53:59, true, 0.0108, 0.0119, -0.0918, true
2018-10-07 12:54:01, 2018-10-07 12:54:59, false, -0.0009, 0.0129, 0.3168, true
2018-10-07 12:55:00, 2018-10-07 12:55:59, false, -0.0017, 0.0154, -0.2710, true
2018-10-07 12:56:01, 2018-10-07 12:56:59, true, 0.0259, 0.0274, -0.0263, true
2018-10-07 12:57:00, 2018-10-07 12:57:59, false, -0.0126, 0.0263, -0.0102, true
2018-10-07 12:58:00, 2018-10-07 12:58:59, false, -0.0017, 0.0008, 0.2050, true
2018-10-07 12:59:00, 2018-10-07 12:59:59, false, -0.0250, 0.0053, -0.1973, true
2018-10-07 13:00:00, 2018-10-07 13:00:59, true, 0.0062, 0.0116, 0.1208, true
2018-10-07 13:01:00, 2018-10-07 13:01:59, true, 0.0259, 0.0337, 0.1138, true
2018-10-07 13:02:00, 2018-10-07 13:02:59, false, -0.0005, 0.0312, 0.0161, true
2018-10-07 13:03:01, 2018-10-07 13:03:59, false, -0.0091, 0.0314, 0.3899, true
2018-10-07 13:04:00, 2018-10-07 13:04:59, true, 0.0024, 0.0059, -0.4668, true
2018-10-07 13:05:01, 2018-10-07 13:05:59, false, -0.0239, 0.0024, -0.0952, true
2018-10-07 13:06:00, 2018-10-07 13:06:59, false, -0.0024, 0.0014, -0.0387, true
2018-10-07 13:07:00, 2018-10-07 13:07:58, true, 0.0133, 0.0227, -0.0116, true
2018-10-07 13:08:00, 2018-10-07 13:08:59, false, -0.0233, 0.0175, 0.1379, true
2018-10-07 13:09:00, 2018-10-07 13:09:58, false, -0.0012, 0.0052, -0.1272, true
2018-10-07 13:10:01, 2018-10-07 13:10:59, false, -0.0061, 0.0000, -0.1329, true
2018-10-07 13:11:00, 2018-10-07 13:11:59, false, -0.0236, 0.0014, 0.0549, true
2018-10-07 13:12:01, 2018-10-07 13:12:59, true, 0.0014, 0.0067, -0.0209, true
2018-10-07 13:13:00, 2018-10-07 13:13:59, false, -0.0046, 0.0020, -0.0349, true
2018-10-07 13:14:00, 2018-10-07 13:14:59, false, -0.0049, 0.0070, 0.0924, true
2018-10-07 13:15:00, 2018-10-07 13:15:59, false, -0.0038, 0.0056, -0.0546, true
2018-10-07 13:16:00, 2018-10-07 13:16:59, true, 0.0091, 0.0206, -0.0384, true
2018-10-07 13:17:00, 2018-10-07 13:17:59, true, 0.0017, 0.0415, 0.0069, true
2018-10-07 13:18:00, 2018-10-07 13:18:57, true, 0.0084, 0.0102, 0.0440, true
2018-10-07 13:19:00, 2018-10-07 13:19:59, false, -0.0299, 0.0191, 0.1165, true
2018-10-07 13:20:00, 2018-10-07 13:20:59, true, 0.0090, 0.0602, -0.1430, true
2018-10-07 13:21:01, 2018-10-07 13:21:59, true, 0.0027, 0.0160, 0.0093, true
2018-10-07 13:22:01, 2018-10-07 13:22:58, true, 0.0012, 0.0230, 0.1070, true
2018-10-07 13:23:00, 2018-10-07 13:23:59, true, 0.0171, 0.0192, -0.0940, true
2018-10-07 13:24:02, 2018-10-07 13:24:59, true, 0.0014, 0.0194, -0.0398, true
2018-10-07 13:25:00, 2018-10-07 13:25:59, false, -0.0029, 0.0084, 0.1478, true
2018-10-07 13:26:00, 2018-10-07 13:26:59, false, -0.0026, 0.0130, -0.0294, true
2018-10-07 13:27:00, 2018-10-07 13:27:59, true, 0.0015, 0.0062, 0.2737, true
2018-10-07 13:28:00, 2018-10-07 13:28:59, true, 0.0232, 0.0302, -0.3218, true
2018-10-07 13:29:00, 2018-10-07 13:29:58, true, 0.0046, 0.0285, -0.0331, true
2018-10-07 13:30:00, 2018-10-07 13:30:59, false, -0.0158, 0.0079, 0.1161, true
2018-10-07 13:31:00, 2018-10-07 13:31:58, false, -0.0038, 0.0233, -0.0056, true
2018-10-07 13:32:00, 2018-10-07 13:32:59, true, 0.0037, 0.0117, 0.4846, true
2018-10-07 13:33:00, 2018-10-07 13:33:58, true, 0.0154, 0.0273, -0.6181, true
2018-10-07 13:34:00, 2018-10-07 13:34:59, false, -0.0073, 0.0157, -0.0206, true
2018-10-07 13:35:00, 2018-10-07 13:35:59, true, 0.0078, 0.0163, 0.1214, true
2018-10-07 13:36:02, 2018-10-07 13:36:59, false, -0.0122, 0.0200, 0.0413, true
2018-10-07 13:37:00, 2018-10-07 13:37:59, true, 0.0102, 0.0137, -0.1213, true
2018-10-07 13:38:00, 2018-10-07 13:38:59, true, 0.0105, 0.0306, 0.8493, true
2018-10-07 13:39:00, 2018-10-07 13:39:59, false, -0.0401, 0.0105, -0.8914, true
2018-10-07 13:40:00, 2018-10-07 13:40:59, false, -0.0024, 0.0000, 0.0902, true
2018-10-07 13:41:00, 2018-10-07 13:41:59, false, -0.0018, 0.0165, -0.0840, true
2018-10-07 13:42:00, 2018-10-07 13:42:59, false, 0.0000, 0.0084, 0.0191, true
2018-10-07 13:43:00, 2018-10-07 13:43:59, true, 0.0207, 0.0251, 0.1149, true
2018-10-07 13:44:00, 2018-10-07 13:44:59, false, -0.0003, 0.0210, -0.0672, true
2018-10-07 13:45:00, 2018-10-07 13:45:58, false, -0.0319, 0.0059, -0.0639, true
2018-10-07 13:46:00, 2018-10-07 13:46:59, false, -0.0035, 0.0029, 0.0566, true
2018-10-07 13:47:00, 2018-10-07 13:47:59, false, -0.0078, 0.0000, 0.0131, true
2018-10-07 13:48:00, 2018-10-07 13:48:59, false, -0.0095, 0.0073, 0.0767, true
2018-10-07 13:49:00, 2018-10-07 13:49:59, false, -0.0331, 0.0027, -0.0706, true
2018-10-07 13:50:00, 2018-10-07 13:50:59, false, -0.0020, 0.0000, 0.0332, true
2018-10-07 13:51:00, 2018-10-07 13:51:58, true, 0.0009, 0.0078, -0.0345, true
2018-10-07 13:52:01, 2018-10-07 13:52:59, true, 0.0024, 0.0102, 0.2243, true
2018-10-07 13:53:00, 2018-10-07 13:53:58, true, 0.0003, 0.0084, -0.1883, true
2018-10-07 13:54:00, 2018-10-07 13:54:59, false, -0.0473, 0.0121, -0.0189, true
2018-10-07 13:55:00, 2018-10-07 13:55:59, true, 0.0075, 0.0082, 0.0066, true
2018-10-07 13:56:00, 2018-10-07 13:56:59, true, 0.0012, 0.0127, 0.0555, true
2018-10-07 13:57:00, 2018-10-07 13:57:59, true, 0.0049, 0.0117, -0.0412, true
2018-10-07 13:58:00, 2018-10-07 13:58:59, true, 0.1233, 0.1298, -0.0087, true
2018-10-07 13:59:00, 2018-10-07 13:59:59, true, 0.0180, 0.1448, 0.0941, true
2018-10-07 14:00:00, 2018-10-07 14:00:59, false, -0.0270, 0.0290, -0.1053, true
2018-10-07 14:01:00, 2018-10-07 14:01:59, true, 0.0062, 0.0075, -0.0171, true
2018-10-07 14:02:00, 2018-10-07 14:02:59, false, -0.0011, 0.0154, 0.1937, true
2018-10-07 14:03:01, 2018-10-07 14:03:57, true, 0.0067, 0.0067, -0.0149, true
2018-10-07 14:04:00, 2018-10-07 14:04:59, true, 0.0058, 0.0184, -0.0277, true
2018-10-07 14:05:01, 2018-10-07 14:05:59, true, 0.0082, 0.0158, 0.0856, true
2018-10-07 14:06:00, 2018-10-07 14:06:59, true, 0.0119, 0.0232, -0.0395, true
2018-10-07 14:07:00, 2018-10-07 14:07:59, false, -0.0021, 0.0136, -0.0323, true
2018-10-07 14:08:00, 2018-10-07 14:08:59, true, 0.0134, 0.0166, -0.0055, true
2018-10-07 14:09:00, 2018-10-07 14:09:59, true, 0.0009, 0.0198, -0.1986, true
2018-10-07 14:10:00, 2018-10-07 14:10:59, false, -0.0221, 0.0146, 0.0157, true
2018-10-07 14:11:00, 2018-10-07 14:11:59, true, 0.0014, 0.0353, -0.0366, true
2018-10-07 14:12:00, 2018-10-07 14:12:58, true, 0.0021, 0.0091, 0.0413, true
2018-10-07 14:13:00, 2018-10-07 14:13:59, false, -0.0024, 0.0070, -0.0495, true
2018-10-07 14:14:00, 2018-10-07 14:14:59, true, 0.0043, 0.0050, 0.0382, true
2018-10-07 14:15:00, 2018-10-07 14:15:59, true, 0.0043, 0.0090, 0.0038, true
2018-10-07 14:16:00, 2018-10-07 14:16:59, false, -0.0006, 0.0105, 0.7001, true
2018-10-07 14:17:00, 2018-10-07 14:17:59, true, 0.0391, 0.0501, -0.0978, true
2018-10-07 14:18:00, 2018-10-07 14:18:58, true, 0.0279, 0.0713, -0.2839, true
2018-10-07 14:19:02, 2018-10-07 14:19:59, true, 0.0062, 0.0344, -0.1883, true
2018-10-07 14:20:00, 2018-10-07 14:20:59, true, 0.0084, 0.0187, -0.0922, true
2018-10-07 14:21:00, 2018-10-07 14:21:59, true, 0.0230, 0.0420, 0.2756, true
2018-10-07 14:22:00, 2018-10-07 14:22:59, true, 0.0050, 0.0283, -0.2295, true
2018-10-07 14:23:00, 2018-10-07 14:23:59, false, -0.0009, 0.0155, 0.0892, true
2018-10-07 14:24:01, 2018-10-07 14:24:59, true, 0.0110, 0.0129, -0.0388, true
2018-10-07 14:25:00, 2018-10-07 14:25:59, true, 0.0043, 0.0160, -0.0484, true
2018-10-07 14:26:00, 2018-10-07 14:26:58, false, -0.0003, 0.0146, 0.0043, true
2018-10-07 14:27:02, 2018-10-07 14:27:59, false, -0.0067, 0.0061, 0.1432, true
2018-10-07 14:28:00, 2018-10-07 14:28:59, false, -0.0349, 0.0053, 0.4699, true
2018-10-07 14:29:00, 2018-10-07 14:29:58, false, -0.0029, 0.0027, -0.5559, true
2018-10-07 14:30:00, 2018-10-07 14:30:59, true, 0.0128, 0.0164, -0.0957, true
2018-10-07 14:31:00, 2018-10-07 14:31:59, false, -0.0044, 0.0260, 0.1498, true
2018-10-07 14:32:00, 2018-10-07 14:32:59, true, 0.0113, 0.0113, -0.0545, true
2018-10-07 14:33:00, 2018-10-07 14:33:59, false, -0.0035, 0.0242, -0.0660, true
2018-10-07 14:34:00, 2018-10-07 14:34:59, true, 0.0088, 0.0160, 0.0008, true
2018-10-07 14:35:00, 2018-10-07 14:35:58, false, -0.0018, 0.0204, -0.0049, true
2018-10-07 14:36:00, 2018-10-07 14:36:59, true, 0.0011, 0.0219, 0.0758, true
2018-10-07 14:37:00, 2018-10-07 14:37:59, true, 0.0049, 0.0096, -0.0522, true
2018-10-07 14:38:00, 2018-10-07 14:38:59, true, 0.0006, 0.0122, -0.0265, true
2018-10-07 14:39:00, 2018-10-07 14:39:59, true, 0.0043, 0.0081, -0.0240, true
2018-10-07 14:40:01, 2018-10-07 14:40:59, true, 0.0027, 0.0102, 0.0730, true
2018-10-07 14:41:02, 2018-10-07 14:41:59, false, -0.0002, 0.0075, -0.0571, true
2018-10-07 14:42:00, 2018-10-07 14:42:59, false, -0.0012, 0.0046, -0.0084, true
2018-10-07 14:43:00, 2018-10-07 14:43:59, true, 0.0043, 0.0075, 0.1228, true
2018-10-07 14:44:01, 2018-10-07 14:44:59, true, 0.0096, 0.0187, -0.1018, true
2018-10-07 14:45:00, 2018-10-07 14:45:58, false, -0.0277, 0.0102, 0.0225, true
2018-10-07 14:46:00, 2018-10-07 14:46:59, true, 0.0011, 0.0705, 0.0604, true
2018-10-07 14:47:00, 2018-10-07 14:47:58, false, -0.0132, 0.0017, -0.0183, true
2018-10-07 14:48:00, 2018-10-07 14:48:59, false, -0.0050, 0.0000, -0.0370, true
2018-10-07 14:49:00, 2018-10-07 14:49:58, true, 0.0052, 0.0139, 0.0692, true
2018-10-07 14:50:00, 2018-10-07 14:50:58, true, 0.0044, 0.0154, -0.0175, true
2018-10-07 14:51:00, 2018-10-07 14:51:59, true, 0.0008, 0.0050, -0.0574, true
2018-10-07 14:52:00, 2018-10-07 14:52:59, false, -0.0055, 0.0014, -0.1469, true
2018-10-07 14:53:00, 2018-10-07 14:53:59, true, 0.0067, 0.0140, 0.0272, true
2018-10-07 14:54:00, 2018-10-07 14:54:59, true, 0.0044, 0.0178, 0.1150, true
2018-10-07 14:55:00, 2018-10-07 14:55:59, false, -0.0047, 0.0044, -0.0266, true
2018-10-07 14:56:00, 2018-10-07 14:56:59, true, 0.0053, 0.0058, 0.1289, true
2018-10-07 14:57:01, 2018-10-07 14:57:59, true, 0.0003, 0.0116, -0.2561, true
2018-10-07 14:58:00, 2018-10-07 14:58:59, false, -0.0050, 0.0003, 0.2920, true
2018-10-07 14:59:00, 2018-10-07 14:59:59, true, 0.0082, 0.0242, -0.0463, true
2018-10-07 15:00:00, 2018-10-07 15:00:59, true, 0.0151, 0.0216, -0.1086, true
2018-10-07 15:01:00, 2018-10-07 15:01:59, true, 0.0132, 0.0281, 0.1009, true
2018-10-07 15:02:00, 2018-10-07 15:02:59, false, -0.0527, 0.0137, 0.0266, true
2018-10-07 15:03:00, 2018-10-07 15:03:59, false, -0.0149, 0.0070, -0.0438, true
2018-10-07 15:04:00, 2018-10-07 15:04:59, true, 0.0160, 0.0167, -0.0661, true
2018-10-07 15:05:00, 2018-10-07 15:05:58, true, 0.0030, 0.0193, -0.0170, true
2018-10-07 15:06:00, 2018-10-07 15:06:59, false, -0.0026, 0.0044, -0.0546, true
2018-10-07 15:07:00, 2018-10-07 15:07:59, true, 0.0053, 0.0053, 0.1140, true
2018-10-07 15:08:00, 2018-10-07 15:08:59, true, 0.0021, 0.0093, -0.0205, true
2018-10-07 15:09:00, 2018-10-07 15:09:59, true, 0.0158, 0.0183, -0.0797, true
2018-10-07 15:10:00, 2018-10-07 15:10:59, false, -0.0021, 0.0157, 0.3389, true
2018-10-07 15:11:00, 2018-10-07 15:11:59, true, 0.0033, 0.0046, -0.3078, true
2018-10-07 15:12:00, 2018-10-07 15:12:59, true, 0.0094, 0.0224, 0.7345, true
2018-10-07 15:13:00, 2018-10-07 15:13:59, true, 0.0009, 0.0107, -0.7008, true
2018-10-07 15:14:00, 2018-10-07 15:14:58, true, 0.0120, 0.0164, 0.1581, true
2018-10-07 15:15:00, 2018-10-07 15:15:59, true, 0.0429, 0.0609, 1.4209, true
2018-10-07 15:16:00, 2018-10-07 15:16:58, false, -0.0012, 0.0455, -1.2487, true
2018-10-07 15:17:00, 2018-10-07 15:17:59, false, -0.0032, 0.0038, -0.2502, true
2018-10-07 15:18:00, 2018-10-07 15:18:59, true, 0.0038, 0.0040, 0.8143, true
2018-10-07 15:19:00, 2018-10-07 15:19:59, false, -0.0385, 0.0234, -0.9234, true
2018-10-07 15:20:00, 2018-10-07 15:20:59, true, 0.0059, 0.0059, 0.0347, true
2018-10-07 15:21:00, 2018-10-07 15:21:59, true, 0.0012, 0.0091, 0.0535, true
2018-10-07 15:22:00, 2018-10-07 15:22:59, false, -0.0134, 0.0032, -0.1319, true
2018-10-07 15:23:00, 2018-10-07 15:23:59, true, 0.0125, 0.0186, -0.0586, true
2018-10-07 15:24:00, 2018-10-07 15:24:59, true, 0.0148, 0.0272, 0.0018, true
2018-10-07 15:25:00, 2018-10-07 15:25:59, false, -0.0111, 0.0161, 0.1112, true
2018-10-07 15:26:00, 2018-10-07 15:26:59, true, 0.0018, 0.0026, -0.1436, true
2018-10-07 15:27:00, 2018-10-07 15:27:59, true, 0.0073, 0.0113, 0.2423, true
2018-10-07 15:28:01, 2018-10-07 15:28:59, true, 0.0030, 0.0103, -0.1361, true
2018-10-07 15:29:00, 2018-10-07 15:29:59, true, 0.0170, 0.0283, 0.0230, true
2018-10-07 15:30:00, 2018-10-07 15:30:59, false, -0.0073, 0.0179, 0.0240, true
2018-10-07 15:31:00, 2018-10-07 15:31:59, false, -0.0049, 0.0002, 0.0818, true
2018-10-07 15:32:03, 2018-10-07 15:32:58, false, -0.0073, 0.0014, 0.1974, true
2018-10-07 15:33:00, 2018-10-07 15:33:59, false, -0.0138, 0.0024, -0.0735, true
2018-10-07 15:34:00, 2018-10-07 15:34:58, true, 0.0146, 0.0180, -0.1703, true
2018-10-07 15:35:00, 2018-10-07 15:35:59, false, -0.0017, 0.0152, 0.5092, true
2018-10-07 15:36:00, 2018-10-07 15:36:59, false, -0.0073, 0.0017, -0.5993, true
2018-10-07 15:37:00, 2018-10-07 15:37:59, false, -0.0286, 0.0044, 0.0409, true
2018-10-07 15:38:01, 2018-10-07 15:38:58, true, 0.0149, 0.0313, -0.0707, true
2018-10-07 15:39:00, 2018-10-07 15:39:58, true, 0.0073, 0.0199, 0.1498, true
2018-10-07 15:40:00, 2018-10-07 15:40:59, false, -0.0082, 0.0081, -0.1226, true
2018-10-07 15:41:00, 2018-10-07 15:41:58, false, 0.0000, 0.0012, 0.1255, true
2018-10-07 15:42:00, 2018-10-07 15:42:59, false, -0.0018, 0.0056, 0.1731, true
2018-10-07 15:43:00, 2018-10-07 15:43:59, true, 0.0131, 0.0169, 0.0021, true
2018-10-07 15:44:00, 2018-10-07 15:44:59, true, 0.0135, 0.0269, -0.2002, true
2018-10-07 15:45:01, 2018-10-07 15:45:58, false, -0.0002, 0.0248, -0.0479, true
2018-10-07 15:46:00, 2018-10-07 15:46:59, true, 0.0017, 0.0082, 0.0645, true
2018-10-07 15:47:00, 2018-10-07 15:47:59, false, -0.0027, 0.0009, -0.0920, true
2018-10-07 15:48:00, 2018-10-07 15:48:59, true, 0.0120, 0.0134, 0.1027, true
2018-10-07 15:49:01, 2018-10-07 15:49:58, true, 0.0009, 0.0141, -0.1252, true
2018-10-07 15:50:00, 2018-10-07 15:50:59, true, 0.0114, 0.0128, -0.1054, true
2018-10-07 15:51:00, 2018-10-07 15:51:59, false, -0.0027, 0.0108, 0.2918, true
2018-10-07 15:52:02, 2018-10-07 15:52:56, true, 0.0011, 0.0014, 0.0330, true
2018-10-07 15:53:00, 2018-10-07 15:53:58, true, 0.0091, 0.0155, -0.0572, true
2018-10-07 15:54:00, 2018-10-07 15:54:59, false, -0.0248, 0.0199, 0.0385, true
2018-10-07 15:55:00, 2018-10-07 15:55:59, false, -0.0027, 0.0075, 0.1691, true
2018-10-07 15:56:00, 2018-10-07 15:56:59, true, 0.0032, 0.0110, -0.3290, true
2018-10-07 15:57:00, 2018-10-07 15:57:59, true, 0.0065, 0.0100, 0.0704, true
2018-10-07 15:58:00, 2018-10-07 15:58:59, true, 0.0079, 0.0146, 0.0179, true
2018-10-07 15:59:00, 2018-10-07 15:59:59, true, 0.0065, 0.0333, -0.0293, true
2018-10-07 16:00:00, 2018-10-07 16:00:59, true, 0.0036, 0.0052, 0.6403, true
2018-10-07 16:01:00, 2018-10-07 16:01:59, false, -0.0011, 0.0061, -0.7551, true
2018-10-07 16:02:00, 2018-10-07 16:02:59, false, -0.0075, 0.0056, 0.1464, true
2018-10-07 16:03:00, 2018-10-07 16:03:58, false, -0.0043, 0.0015, -0.0696, true
2018-10-07 16:04:00, 2018-10-07 16:04:59, false, -0.0047, 0.0099, -0.0458, true
2018-10-07 16:05:00, 2018-10-07 16:05:59, true, 0.0111, 0.0116, 0.1747, true
2018-10-07 16:06:00, 2018-10-07 16:06:58, true, 0.0065, 0.0179, 0.2188, true
2018-10-07 16:07:00, 2018-10-07 16:07:59, true, 0.0017, 0.0094, -0.2877, true
2018-10-07 16:08:00, 2018-10-07 16:08:57, true, 0.0043, 0.0058, -0.1256, true
2018-10-07 16:09:00, 2018-10-07 16:09:59, true, 0.0199, 0.0251, 0.0014, true
2018-10-07 16:10:01, 2018-10-07 16:10:59, false, -0.0061, 0.0103, 0.2825, true
2018-10-07 16:11:00, 2018-10-07 16:11:58, false, -0.0338, 0.0005, -0.3195, true
2018-10-07 16:12:00, 2018-10-07 16:12:59, false, -0.0067, 0.0155, 0.0134, true
2018-10-07 16:13:00, 2018-10-07 16:13:59, false, -0.0026, 0.0011, 0.0135, true
2018-10-07 16:14:00, 2018-10-07 16:14:59, true, 0.0068, 0.0096, 0.0129, true
2018-10-07 16:15:00, 2018-10-07 16:15:59, true, 0.0138, 0.0211, 0.2101, true
2018-10-07 16:16:00, 2018-10-07 16:16:59, true, 0.0002, 0.0315, -0.2142, true
2018-10-07 16:17:00, 2018-10-07 16:17:59, true, 0.0062, 0.0111, 0.0896, true
2018-10-07 16:18:00, 2018-10-07 16:18:59, true, 0.0030, 0.0106, -0.0958, true
2018-10-07 16:19:01, 2018-10-07 16:19:59, true, 0.0090, 0.0122, 0.0499, true
2018-10-07 16:20:00, 2018-10-07 16:20:59, true, 0.0144, 0.0236, -0.0125, true
2018-10-07 16:21:00, 2018-10-07 16:21:59, true, 0.0020, 0.0192, 0.0293, true
2018-10-07 16:22:00, 2018-10-07 16:22:59, false, -0.0029, 0.0030, 0.0011, true
2018-10-07 16:23:00, 2018-10-07 16:23:58, true, 0.0014, 0.0032, -0.0544, true
2018-10-07 16:24:00, 2018-10-07 16:24:59, false, -0.0008, 0.0154, 0.0274, true
2018-10-07 16:25:00, 2018-10-07 16:25:58, false, -0.0029, 0.0027, 0.1488, true
2018-10-07 16:26:00, 2018-10-07 16:26:59, false, -0.0141, 0.0158, -0.0838, true
2018-10-07 16:27:00, 2018-10-07 16:27:58, false, -0.0096, -0.0084, -0.0023, true
2018-10-07 16:28:00, 2018-10-07 16:28:58, false, -0.0458, 0.0199, 0.0823, true
2018-10-07 16:29:00, 2018-10-07 16:29:59, true, 0.0062, 0.0119, -0.0102, true
2018-10-07 16:30:00, 2018-10-07 16:30:59, true, 0.0018, 0.0144, -0.0590, true
2018-10-07 16:31:00, 2018-10-07 16:31:59, false, 0.0000, 0.0035, -0.1478, true
2018-10-07 16:32:00, 2018-10-07 16:32:59, true, 0.0018, 0.0075, 0.1503, true
2018-10-07 16:33:00, 2018-10-07 16:33:59, true, 0.0038, 0.0170, 0.0424, true
2018-10-07 16:34:00, 2018-10-07 16:34:59, false, -0.0041, 0.0099, -0.1910, true
2018-10-07 16:35:00, 2018-10-07 16:35:59, false, -0.0313, 0.0009, 0.0111, true
2018-10-07 16:36:00, 2018-10-07 16:36:59, true, 0.0116, 0.0283, 0.0015, true
2018-10-07 16:37:00, 2018-10-07 16:37:59, true, 0.0047, 0.0128, 0.0742, true
2018-10-07 16:38:00, 2018-10-07 16:38:59, true, 0.0005, 0.0180, 0.3067, true
2018-10-07 16:39:00, 2018-10-07 16:39:59, true, 0.0020, 0.0040, -0.3318, true
2018-10-07 16:40:00, 2018-10-07 16:40:59, false, -0.0018, 0.0116, 0.2212, true
2018-10-07 16:41:00, 2018-10-07 16:41:59, false, -0.0053, 0.0021, -0.1546, true
2018-10-07 16:42:00, 2018-10-07 16:42:59, false, -0.0081, -0.0009, -0.0199, true
2018-10-07 16:43:00, 2018-10-07 16:43:59, false, -0.0040, 0.0062, 0.3426, true
2018-10-07 16:44:00, 2018-10-07 16:44:58, true, 0.0023, 0.0126, -0.1976, true
2018-10-07 16:45:00, 2018-10-07 16:45:59, true, 0.0068, 0.0277, -0.1909, true
2018-10-07 16:46:01, 2018-10-07 16:46:59, false, -0.0358, -0.0245, -0.0371, true
2018-10-07 16:47:00, 2018-10-07 16:47:59, false, -0.0116, 0.0029, 0.2693, true
2018-10-07 16:48:00, 2018-10-07 16:48:59, false, -0.0119, 0.0142, -0.2296, true
2018-10-07 16:49:00, 2018-10-07 16:49:59, true, 0.0070, 0.0085, -0.0248, true
2018-10-07 16:50:00, 2018-10-07 16:50:59, false, -0.0096, 0.0102, 0.0257, true
2018-10-07 16:51:00, 2018-10-07 16:51:58, false, -0.0105, 0.0082, 0.0070, true
2018-10-07 16:52:00, 2018-10-07 16:52:59, true, 0.0012, 0.0018, 0.0020, true
2018-10-07 16:53:00, 2018-10-07 16:53:58, true, 0.0024, 0.0094, -0.0040, true
2018-10-07 16:54:00, 2018-10-07 16:54:59, true, 0.0012, 0.0059, 0.0614, true
2018-10-07 16:55:00, 2018-10-07 16:55:59, true, 0.0018, 0.0108, -0.1101, true
2018-10-07 16:56:00, 2018-10-07 16:56:59, true, 0.0023, 0.0047, -0.0052, true
2018-10-07 16:57:01, 2018-10-07 16:57:59, false, -0.0062, 0.0012, -0.0206, true
2018-10-07 16:58:00, 2018-10-07 16:58:59, false, -0.0021, 0.0062, 0.0009, true
2018-10-07 16:59:00, 2018-10-07 16:59:55, true, 0.0111, 0.0125, -0.0003, true
2018-10-07 17:00:00, 2018-10-07 17:00:58, true, 0.0117, 0.0359, 0.1932, true
2018-10-07 17:01:00, 2018-10-07 17:01:59, false, -0.0096, 0.0142, -0.1044, true
2018-10-07 17:02:00, 2018-10-07 17:02:59, false, -0.0163, 0.0012, -0.0534, true
2018-10-07 17:03:00, 2018-10-07 17:03:59, true, 0.0321, 0.0327, 0.0711, true
2018-10-07 17:04:00, 2018-10-07 17:04:59, true, 0.0006, 0.0339, -0.0041, true
2018-10-07 17:05:00, 2018-10-07 17:05:59, true, 0.0053, 0.0161, -0.0478, true
2018-10-07 17:06:00, 2018-10-07 17:06:59, false, -0.0143, 0.0094, -0.0062, true
2018-10-07 17:07:00, 2018-10-07 17:07:59, true, 0.0029, 0.0037, 0.0253, true
2018-10-07 17:08:00, 2018-10-07 17:08:59, true, 0.0053, 0.0082, 0.0922, true
2018-10-07 17:09:00, 2018-10-07 17:09:59, false, -0.0158, 0.0113, 0.8386, true
2018-10-07 17:10:00, 2018-10-07 17:10:59, true, 0.0137, 0.0142, -0.9147, true
2018-10-07 17:11:00, 2018-10-07 17:11:59, false, -0.0225, 0.0146, 0.0423, true
2018-10-07 17:12:00, 2018-10-07 17:12:58, true, 0.0047, 0.0107, 0.0288, true
2018-10-07 17:13:00, 2018-10-07 17:13:59, false, -0.0142, 0.0093, -0.0939, true
2018-10-07 17:14:00, 2018-10-07 17:14:59, true, 0.0064, 0.0090, -0.0720, true
2018-10-07 17:15:00, 2018-10-07 17:15:58, false, -0.0024, 0.0207, 0.0498, true
2018-10-07 17:16:00, 2018-10-07 17:16:59, false, -0.0006, 0.0021, -0.0773, true
2018-10-07 17:17:00, 2018-10-07 17:17:58, false, -0.0014, 0.0067, -0.0020, true
2018-10-07 17:18:00, 2018-10-07 17:18:59, true, 0.0018, 0.0154, -0.0139, true
2018-10-07 17:19:00, 2018-10-07 17:19:59, true, 0.0026, 0.0046, 0.0420, true
2018-10-07 17:20:00, 2018-10-07 17:20:58, false, -0.0161, 0.0300, 0.1584, true
2018-10-07 17:21:00, 2018-10-07 17:21:59, true, 0.0266, 0.0268, 0.3553, true
2018-10-07 17:22:00, 2018-10-07 17:22:59, false, -0.0155, 0.0282, -0.0547, true
2018-10-07 17:23:00, 2018-10-07 17:23:59, true, 0.0008, 0.0132, -0.4042, true
2018-10-07 17:24:00, 2018-10-07 17:24:59, false, -0.0037, 0.0018, 0.0052, true
2018-10-07 17:25:00, 2018-10-07 17:25:59, true, 0.0237, 0.0239, 0.0623, true
2018-10-07 17:26:00, 2018-10-07 17:26:59, false, -0.0014, 0.0262, 0.0021, true
2018-10-07 17:27:00, 2018-10-07 17:27:59, false, -0.0199, 0.0006, -0.0400, true
2018-10-07 17:28:00, 2018-10-07 17:28:59, true, 0.0104, 0.0104, 0.0623, true
2018-10-07 17:29:00, 2018-10-07 17:29:59, false, -0.0050, 0.0108, -0.0781, true
2018-10-07 17:30:00, 2018-10-07 17:30:59, false, -0.0020, 0.0055, 0.0306, true
2018-10-07 17:31:01, 2018-10-07 17:31:59, true, 0.0003, 0.0011, -0.0184, true
2018-10-07 17:32:00, 2018-10-07 17:32:59, false, -0.0108, 0.0012, 0.2584, true
2018-10-07 17:33:00, 2018-10-07 17:33:59, true, 0.0145, 0.0155, -0.2002, true
2018-10-07 17:34:02, 2018-10-07 17:34:59, true, 0.0012, 0.0209, -0.1084, true
2018-10-07 17:35:00, 2018-10-07 17:35:59, true, 0.0029, 0.0087, 0.0381, true
2018-10-07 17:36:00, 2018-10-07 17:36:59, true, 0.0027, 0.0093, -0.0519, true
2018-10-07 17:37:00, 2018-10-07 17:37:58, false, -0.0110, 0.0119, 0.0347, true
2018-10-07 17:38:00, 2018-10-07 17:38:59, false, -0.0032, 0.0215, 0.0082, true
2018-10-07 17:39:00, 2018-10-07 17:39:59, false, -0.0043, 0.0002, 0.0146, true
2018-10-07 17:40:00, 2018-10-07 17:40:59, true, 0.0082, 0.0116, 0.1825, true
2018-10-07 17:41:00, 2018-10-07 17:41:59, true, 0.0009, 0.0129, -0.1474, true
2018-10-07 17:42:00, 2018-10-07 17:42:58, false, -0.0017, 0.0038, -0.0242, true
2018-10-07 17:43:00, 2018-10-07 17:43:59, false, -0.0062, 0.0017, 0.0749, true
2018-10-07 17:44:00, 2018-10-07 17:44:59, false, -0.0126, 0.0067, -0.1066, true
2018-10-07 17:45:00, 2018-10-07 17:45:59, true, 0.0076, 0.0126, -0.0058, true
2018-10-07 17:46:00, 2018-10-07 17:46:59, true, 0.0002, 0.0256, 0.0111, true
2018-10-07 17:47:00, 2018-10-07 17:47:59, false, -0.0047, -0.0005, -0.0719, true
2018-10-07 17:48:00, 2018-10-07 17:48:59, false, -0.0062, 0.0012, 0.0790, true
2018-10-07 17:49:00, 2018-10-07 17:49:59, true, 0.0076, 0.0078, -0.0166, true
2018-10-07 17:50:00, 2018-10-07 17:50:58, true, 0.0178, 0.0276, 0.0091, true
2018-10-07 17:51:00, 2018-10-07 17:51:59, false, -0.0072, 0.0178, 0.1507, true
2018-10-07 17:52:00, 2018-10-07 17:52:58, true, 0.0011, 0.0081, -0.1315, true
2018-10-07 17:53:00, 2018-10-07 17:53:59, false, -0.0073, 0.0012, 0.3272, true
2018-10-07 17:54:00, 2018-10-07 17:54:58, false, -0.0228, -0.0003, -0.2534, true
2018-10-07 17:55:01, 2018-10-07 17:55:57, true, 0.0011, 0.0062, -0.0816, true
2018-10-07 17:56:00, 2018-10-07 17:56:58, true, 0.0193, 0.0215, 0.0676, true
2018-10-07 17:57:00, 2018-10-07 17:57:58, false, -0.0005, 0.0195, -0.0437, true
2018-10-07 17:58:00, 2018-10-07 17:58:59, false, -0.0149, 0.0012, -0.0199, true
2018-10-07 17:59:01, 2018-10-07 17:59:57, true, 0.0050, 0.0075, -0.0475, true
2018-10-07 18:00:00, 2018-10-07 18:00:58, false, -0.0035, 0.0055, 0.0034, true
2018-10-07 18:01:00, 2018-10-07 18:01:59, true, 0.0187, 0.0193, 0.0522, true
2018-10-07 18:02:00, 2018-10-07 18:02:58, false, -0.0145, 0.0196, 0.0367, true
2018-10-07 18:03:02, 2018-10-07 18:03:58, true, 0.0008, 0.0014, -0.0425, true
2018-10-07 18:04:00, 2018-10-07 18:04:58, true, 0.0099, 0.0110, 0.0700, true
2018-10-07 18:05:00, 2018-10-07 18:05:59, false, -0.0312, 0.0108, 0.3738, true
2018-10-07 18:06:00, 2018-10-07 18:06:59, false, -0.0142, 0.0129, -0.4491, true
2018-10-07 18:07:00, 2018-10-07 18:07:58, true, 0.0372, 0.0428, 0.0107, true
2018-10-07 18:08:00, 2018-10-07 18:08:59, true, 0.0005, 0.0477, -0.0228, true
2018-10-07 18:09:00, 2018-10-07 18:09:59, true, 0.0065, 0.0114, -0.0766, true
2018-10-07 18:10:00, 2018-10-07 18:10:59, true, 0.0250, 0.0314, 0.3535, true
2018-10-07 18:11:00, 2018-10-07 18:11:58, false, -0.0061, 0.0250, -0.4094, true
2018-10-07 18:12:00, 2018-10-07 18:12:59, false, -0.0067, 0.0047, 0.0192, true
2018-10-07 18:13:00, 2018-10-07 18:13:59, true, 0.0064, 0.0257, 0.1880, true
2018-10-07 18:14:00, 2018-10-07 18:14:58, true, 0.0012, 0.0102, -0.0944, true
2018-10-07 18:15:00, 2018-10-07 18:15:58, false, -0.0073, 0.0012, 0.1923, true
2018-10-07 18:16:00, 2018-10-07 18:16:59, true, 0.0008, 0.0102, -0.1713, true
2018-10-07 18:17:00, 2018-10-07 18:17:59, false, -0.0020, 0.0014, 0.0180, true
2018-10-07 18:18:00, 2018-10-07 18:18:59, false, -0.0161, 0.0064, -0.0554, true
2018-10-07 18:19:01, 2018-10-07 18:19:59, false, -0.0101, 0.0000, 0.0186, true
2018-10-07 18:20:00, 2018-10-07 18:20:59, true, 0.0102, 0.0126, 0.0423, true
2018-10-07 18:21:00, 2018-10-07 18:21:59, true, 0.0120, 0.0248, 0.1956, true
2018-10-07 18:22:00, 2018-10-07 18:22:59, true, 0.0204, 0.0338, -0.1848, true
2018-10-07 18:23:00, 2018-10-07 18:23:59, false, -0.0011, 0.0209, -0.0511, true
2018-10-07 18:24:01, 2018-10-07 18:24:59, true, 0.0084, 0.0104, 0.0775, true
2018-10-07 18:25:00, 2018-10-07 18:25:58, true, 0.0050, 0.0199, -0.1186, true
2018-10-07 18:26:00, 2018-10-07 18:26:59, false, -0.0123, 0.0094, 0.0183, true
2018-10-07 18:27:00, 2018-10-07 18:27:59, true, 0.0006, 0.0006, 0.0163, true
2018-10-07 18:28:01, 2018-10-07 18:28:59, false, -0.0070, 0.0024, -0.0679, true
2018-10-07 18:29:00, 2018-10-07 18:29:58, false, -0.0081, 0.0009, 0.0002, true
2018-10-07 18:30:00, 2018-10-07 18:30:58, true, 0.0157, 0.0158, 0.0760, true
2018-10-07 18:31:00, 2018-10-07 18:31:59, true, 0.0052, 0.0256, 0.0209, true
2018-10-07 18:32:02, 2018-10-07 18:32:59, false, -0.0027, 0.0064, 0.3603, true
2018-10-07 18:33:00, 2018-10-07 18:33:59, true, 0.0009, 0.0027, -0.1883, true
2018-10-07 18:34:00, 2018-10-07 18:34:57, false, -0.0088, 0.0061, -0.1446, true
2018-10-07 18:35:00, 2018-10-07 18:35:59, true, 0.0079, 0.0216, 0.3073, true
2018-10-07 18:36:01, 2018-10-07 18:36:41, true, 0.0181, 0.0271, -0.3619, true
2018-10-07 18:37:00, 2018-10-07 18:37:59, false, -0.0053, 0.0274, 0.8937, true
2018-10-07 18:38:00, 2018-10-07 18:38:59, false, -0.0035, 0.0123, -0.8240, true
2018-10-07 18:39:00, 2018-10-07 18:39:59, true, 0.0327, 0.0327, -0.0397, true
2018-10-07 18:40:00, 2018-10-07 18:40:57, false, -0.0046, 0.0351, -0.0221, true
2018-10-07 18:41:00, 2018-10-07 18:41:59, true, 0.0075, 0.0076, 0.0132, true
2018-10-07 18:42:00, 2018-10-07 18:42:59, true, 0.0131, 0.0259, 0.0079, true
2018-10-07 18:43:00, 2018-10-07 18:43:59, true, 0.0076, 0.0307, -0.0907, true
2018-10-07 18:44:00, 2018-10-07 18:44:58, true, 0.0005, 0.0087, 0.3343, true
2018-10-07 18:45:00, 2018-10-07 18:45:59, true, 0.0179, 0.0265, -0.2538, true
2018-10-07 18:46:00, 2018-10-07 18:46:59, false, -0.0216, 0.0228, 0.1024, true
2018-10-07 18:47:01, 2018-10-07 18:47:58, false, -0.0047, 0.0674, -0.0280, true
2018-10-07 18:48:00, 2018-10-07 18:48:59, true, 0.0055, 0.0056, -0.0939, true
2018-10-07 18:49:00, 2018-10-07 18:49:59, true, 0.0082, 0.0140, -0.0052, true
2018-10-07 18:50:01, 2018-10-07 18:50:59, false, -0.0033, 0.0084, 0.0729, true
2018-10-07 18:51:00, 2018-10-07 18:51:59, false, -0.0081, 0.0026, 0.0073, true
2018-10-07 18:52:00, 2018-10-07 18:52:59, true, 0.0014, 0.0015, -0.0783, true
2018-10-07 18:53:00, 2018-10-07 18:53:59, false, -0.0030, 0.0138, -0.0062, true
2018-10-07 18:54:00, 2018-10-07 18:54:58, true, 0.0046, 0.0157, 0.1717, true
2018-10-07 18:55:01, 2018-10-07 18:55:59, true, 0.0033, 0.0138, -0.1276, true
2018-10-07 18:56:00, 2018-10-07 18:56:59, false, -0.0120, 0.0072, 0.0429, true
2018-10-07 18:57:01, 2018-10-07 18:57:59, true, 0.0023, 0.0129, -0.0444, true
2018-10-07 18:58:00, 2018-10-07 18:58:58, true, 0.0079, 0.0160, -0.0050, true
2018-10-07 18:59:00, 2018-10-07 18:59:59, true, 0.0021, 0.0236, -0.0446, true
2018-10-07 19:00:00, 2018-10-07 19:00:59, true, 0.0026, 0.0094, 0.0484, true
2018-10-07 19:01:00, 2018-10-07 19:01:58, true, 0.0020, 0.0100, -0.0461, true
2018-10-07 19:02:00, 2018-10-07 19:02:57, false, -0.0024, 0.0026, 0.0672, true
2018-10-07 19:03:00, 2018-10-07 19:03:59, false, -0.0496, 0.0003, -0.1108, true
2018-10-07 19:04:01, 2018-10-07 19:04:55, false, -0.0017, 0.0015, 0.0116, true
2018-10-07 19:05:00, 2018-10-07 19:05:59, true, 0.0116, 0.0237, 0.0458, true
2018-10-07 19:06:00, 2018-10-07 19:06:59, false, -0.0088, 0.0122, -0.0100, true
2018-10-07 19:07:00, 2018-10-07 19:07:59, false, -0.0023, 0.0000, 0.0377, true
2018-10-07 19:08:00, 2018-10-07 19:08:59, true, 0.0023, 0.0055, 0.0828, true
2018-10-07 19:09:00, 2018-10-07 19:09:59, false, -0.0014, 0.0052, -0.0516, true
2018-10-07 19:10:00, 2018-10-07 19:10:59, true, 0.0017, 0.0145, 0.1613, true
2018-10-07 19:11:00, 2018-10-07 19:11:59, true, 0.0032, 0.0135, -0.1741, true
2018-10-07 19:12:00, 2018-10-07 19:12:59, true, 0.0026, 0.0082, 0.0492, true
2018-10-07 19:13:00, 2018-10-07 19:13:59, true, 0.0024, 0.0123, -0.1160, true
2018-10-07 19:14:00, 2018-10-07 19:14:59, false, -0.0163, 0.0052, 0.0265, true
2018-10-07 19:15:00, 2018-10-07 19:15:59, true, 0.0043, 0.0093, -0.0323, true
2018-10-07 19:16:00, 2018-10-07 19:16:59, false, -0.0009, 0.0046, -0.0111, true
2018-10-07 19:17:01, 2018-10-07 19:17:58, true, 0.0003, 0.0014, 0.1015, true
2018-10-07 19:18:00, 2018-10-07 19:18:59, false, -0.0065, 0.0020, -0.0423, true
2018-10-07 19:19:00, 2018-10-07 19:19:59, true, 0.0056, 0.0065, 0.0081, true
2018-10-07 19:20:00, 2018-10-07 19:20:59, true, 0.0177, 0.0268, 0.0132, true
2018-10-07 19:21:00, 2018-10-07 19:21:58, false, -0.0125, 0.0128, 0.0225, true
2018-10-07 19:22:00, 2018-10-07 19:22:59, true, 0.0015, 0.0049, -0.0094, true
2018-10-07 19:23:00, 2018-10-07 19:23:59, true, 0.0050, 0.0070, -0.0589, true
2018-10-07 19:24:02, 2018-10-07 19:24:59, true, 0.0033, 0.0091, 0.0565, true
2018-10-07 19:25:00, 2018-10-07 19:25:59, true, 0.0052, 0.0085, -0.0450, true
2018-10-07 19:26:00, 2018-10-07 19:26:58, false, -0.0078, 0.0073, 0.0327, true
2018-10-07 19:27:00, 2018-10-07 19:27:59, false, -0.0038, 0.0043, 0.2739, true
2018-10-07 19:28:00, 2018-10-07 19:28:58, false, -0.0005, 0.0081, -0.2876, true
2018-10-07 19:29:00, 2018-10-07 19:29:59, true, 0.0116, 0.0333, 0.0113, true
2018-10-07 19:30:00, 2018-10-07 19:30:59, true, 0.0062, 0.0183, -0.0388, true
2018-10-07 19:31:00, 2018-10-07 19:31:59, false, -0.0107, 0.0081, 0.0368, true
2018-10-07 19:32:00, 2018-10-07 19:32:59, true, 0.0015, 0.0018, 0.1764, true
2018-10-07 19:33:00, 2018-10-07 19:33:59, true, 0.0035, 0.0075, -0.1500, true
2018-10-07 19:34:01, 2018-10-07 19:34:58, true, 0.0132, 0.0183, -0.0946, true
2018-10-07 19:35:00, 2018-10-07 19:35:59, false, -0.0030, 0.0161, 0.0647, true
2018-10-07 19:36:00, 2018-10-07 19:36:59, true, 0.0008, 0.0116, 0.1029, true
2018-10-07 19:37:00, 2018-10-07 19:37:59, false, -0.0044, 0.0032, -0.1272, true
2018-10-07 19:38:01, 2018-10-07 19:38:58, false, -0.0143, 0.0032, 0.4195, true
2018-10-07 19:39:00, 2018-10-07 19:39:59, true, 0.0030, 0.0247, -0.3835, true
2018-10-07 19:40:01, 2018-10-07 19:40:59, false, -0.0067, 0.0164, 0.0259, true
2018-10-07 19:41:00, 2018-10-07 19:41:59, false, -0.0146, 0.0026, -0.0755, true
2018-10-07 19:42:00, 2018-10-07 19:42:59, true, 0.0215, 0.0234, 0.1904, true
2018-10-07 19:43:00, 2018-10-07 19:43:58, false, -0.0024, 0.0259, -0.0128, true
2018-10-07 19:44:00, 2018-10-07 19:44:59, true, 0.0091, 0.0094, -0.2608, true
2018-10-07 19:45:00, 2018-10-07 19:45:58, true, 0.0008, 0.0099, 0.0861, true
2018-10-07 19:46:00, 2018-10-07 19:46:59, false, -0.0190, 0.0014, -0.0715, true
2018-10-07 19:47:00, 2018-10-07 19:47:59, true, 0.0097, 0.0097, 0.1192, true
2018-10-07 19:48:02, 2018-10-07 19:48:59, false, -0.0044, 0.0131, -0.0601, true
2018-10-07 19:49:00, 2018-10-07 19:49:59, false, -0.0009, 0.0006, -0.0100, true
2018-10-07 19:50:00, 2018-10-07 19:50:59, true, 0.0186, 0.0219, 0.0507, true
2018-10-07 19:51:00, 2018-10-07 19:51:58, true, 0.0224, 0.0425, -0.0029, true
2018-10-07 19:52:00, 2018-10-07 19:52:57, true, 0.0117, 0.0341, -0.0367, true
2018-10-07 19:53:00, 2018-10-07 19:53:59, false, -0.0091, 0.0129, 0.1117, true
2018-10-07 19:54:00, 2018-10-07 19:54:59, true, 0.0052, 0.0140, 0.2972, true
2018-10-07 19:55:01, 2018-10-07 19:55:58, false, -0.0123, 0.0056, -0.3864, true
2018-10-07 19:56:00, 2018-10-07 19:56:59, false, -0.0079, 0.0202, 0.0957, true
2018-10-07 19:57:00, 2018-10-07 19:57:59, true, 0.0006, 0.0009, -0.1082, true
2018-10-07 19:58:01, 2018-10-07 19:58:59, false, -0.0055, 0.0011, -0.0113, true
2018-10-07 19:59:02, 2018-10-07 19:59:59, true, 0.0113, 0.0116, 0.0102, true
2018-10-07 20:00:00, 2018-10-07 20:00:59, false, -0.0009, 0.0128, -0.0368, true
2018-10-07 20:01:00, 2018-10-07 20:01:59, true, 0.0002, 0.0005, -0.0461, true
2018-10-07 20:02:00, 2018-10-07 20:02:59, false, -0.0032, 0.0052, 0.0204, true
2018-10-07 20:03:00, 2018-10-07 20:03:58, true, 0.0011, 0.0012, -0.0581, true
2018-10-07 20:04:00, 2018-10-07 20:04:57, true, 0.0056, 0.0072, 0.0691, true
2018-10-07 20:05:01, 2018-10-07 20:05:59, false, -0.0017, 0.0059, 0.0972, true
2018-10-07 20:06:00, 2018-10-07 20:06:59, true, 0.0018, 0.0027, -0.0312, true
2018-10-07 20:07:00, 2018-10-07 20:07:59, true, 0.0011, 0.0084, 0.0364, true
2018-10-07 20:08:01, 2018-10-07 20:08:59, false, -0.0082, 0.0017, -0.0256, true
2018-10-07 20:09:00, 2018-10-07 20:09:56, true, 0.0021, 0.0047, 0.0070, true
2018-10-07 20:10:00, 2018-10-07 20:10:58, false, -0.0038, 0.0029, 0.7920, true
2018-10-07 20:11:00, 2018-10-07 20:11:59, true, 0.0064, 0.0078, -0.5501, true
2018-10-07 20:12:01, 2018-10-07 20:12:59, false, -0.0103, 0.0184, -0.2842, true
2018-10-07 20:13:00, 2018-10-07 20:13:59, true, 0.0145, 0.0283, 0.0332, true
2018-10-07 20:14:01, 2018-10-07 20:14:58, true, 0.0049, 0.0224, -0.0237, true
2018-10-07 20:15:00, 2018-10-07 20:15:59, false, -0.0053, 0.0049, -0.0088, true
2018-10-07 20:16:00, 2018-10-07 20:16:58, true, 0.0052, 0.0084, 0.0361, true
2018-10-07 20:17:00, 2018-10-07 20:17:57, true, 0.0046, 0.0100, 0.0716, true
2018-10-07 20:18:01, 2018-10-07 20:18:59, false, -0.0175, 0.0046, -0.0307, true
2018-10-07 20:19:00, 2018-10-07 20:19:58, true, 0.0037, 0.0043, -0.0815, true
2018-10-07 20:20:00, 2018-10-07 20:20:57, false, -0.0046, 0.0055, 0.0338, true
2018-10-07 20:21:01, 2018-10-07 20:21:59, false, -0.0073, 0.0064, 0.0776, true
2018-10-07 20:22:00, 2018-10-07 20:22:59, false, -0.0078, 0.0038, -0.0720, true
2018-10-07 20:23:00, 2018-10-07 20:23:59, false, -0.0005, 0.0021, 0.0024, true
2018-10-07 20:24:00, 2018-10-07 20:24:58, true, 0.0009, 0.0033, -0.0362, true
2018-10-07 20:25:00, 2018-10-07 20:25:59, true, 0.0088, 0.0201, 0.0469, true
2018-10-07 20:26:00, 2018-10-07 20:26:58, true, 0.0138, 0.0228, 0.2163, true
2018-10-07 20:27:00, 2018-10-07 20:27:58, true, 0.0138, 0.0283, -0.1837, true
2018-10-07 20:28:00, 2018-10-07 20:28:59, true, 0.0078, 0.0230, -0.0438, true
2018-10-07 20:29:00, 2018-10-07 20:29:59, true, 0.2455, 0.2590, 5.1877, true
2018-10-07 20:30:00, 2018-10-07 20:30:59, true, 0.2144, 0.5510, 0.8384, true
2018-10-07 20:31:00, 2018-10-07 20:31:58, true, 0.0888, 0.3287, -2.6680, true
2018-10-07 20:32:00, 2018-10-07 20:32:59, true, 0.0089, 0.1010, -2.4663, true
2018-10-07 20:33:01, 2018-10-07 20:33:59, true, 0.0348, 0.0484, -0.4546, true
2018-10-07 20:34:00, 2018-10-07 20:34:58, true, 0.0039, 0.0612, 0.1955, true
2018-10-07 20:35:00, 2018-10-07 20:35:59, true, 0.0503, 0.0544, 2.7314, true
2018-10-07 20:36:00, 2018-10-07 20:36:59, true, 0.0600, 0.1103, -1.7788, true
2018-10-07 20:37:00, 2018-10-07 20:37:59, false, -0.0685, 0.0709, 0.3106, true
2018-10-07 20:38:00, 2018-10-07 20:38:59, true, 0.0106, 0.0387, 1.6747, true
2018-10-07 20:39:01, 2018-10-07 20:39:58, false, -0.0316, 0.0582, 1.2558, true
2018-10-07 20:40:00, 2018-10-07 20:40:59, false, -0.0953, 0.0032, -1.8950, true
2018-10-07 20:41:00, 2018-10-07 20:41:58, true, 0.0573, 0.0747, -2.3138, true
2018-10-07 20:42:00, 2018-10-07 20:42:59, false, -0.0275, 0.0599, -0.5740, true
2018-10-07 20:43:00, 2018-10-07 20:43:58, true, 0.0023, 0.0038, 0.2449, true
2018-10-07 20:44:00, 2018-10-07 20:44:58, true, 0.0002, 0.0151, 0.0386, true
2018-10-07 20:45:01, 2018-10-07 20:45:56, true, 0.0006, 0.0135, -0.1202, true
2018-10-07 20:46:02, 2018-10-07 20:46:59, false, -0.0216, 0.0189, 0.3103, true
2018-10-07 20:47:00, 2018-10-07 20:47:59, false, -0.2753, 0.0005, 4.3893, true
2018-10-07 20:48:00, 2018-10-07 20:48:59, true, 0.0187, 0.0633, -3.6405, true
2018-10-07 20:49:00, 2018-10-07 20:49:59, false, -0.0408, 0.0672, -0.9277, true
2018-10-07 20:50:00, 2018-10-07 20:50:59, false, -0.0296, -0.0012, 0.0660, true
2018-10-07 20:51:01, 2018-10-07 20:51:59, false, -0.0030, 0.0096, 0.5247, true
2018-10-07 20:52:00, 2018-10-07 20:52:58, true, 0.0020, 0.0058, -0.7897, true
2018-10-07 20:53:00, 2018-10-07 20:53:59, true, 0.0120, 0.0232, 0.4413, true
2018-10-07 20:54:00, 2018-10-07 20:54:57, false, -0.0047, 0.0156, 0.2753, true
2018-10-07 20:55:01, 2018-10-07 20:55:59, true, 0.0764, 0.1170, -0.5112, true
2018-10-07 20:56:00, 2018-10-07 20:56:59, true, 0.0577, 0.1350, 0.2999, true
2018-10-07 20:57:00, 2018-10-07 20:57:59, true, 0.0180, 0.0758, -0.4643, true
2018-10-07 20:58:00, 2018-10-07 20:58:58, true, 0.0297, 0.0462, 0.1376, true
2018-10-07 20:59:00, 2018-10-07 20:59:58, true, 0.0746, 0.1059, 0.2340, true
2018-10-07 21:00:00, 2018-10-07 21:00:59, true, 0.0345, 0.1045, -0.0507, true
2018-10-07 21:01:00, 2018-10-07 21:01:59, true, 0.0422, 0.0897, 0.0200, true
2018-10-07 21:02:00, 2018-10-07 21:02:59, false, -0.0198, 0.0449, -0.0368, true
2018-10-07 21:03:00, 2018-10-07 21:03:59, false, -0.0268, 0.0051, 0.5837, true
2018-10-07 21:04:00, 2018-10-07 21:04:59, false, -0.1241, 0.0045, -0.1139, true
2018-10-07 21:05:01, 2018-10-07 21:05:59, false, -0.0083, 0.0000, -0.6728, true
2018-10-07 21:06:01, 2018-10-07 21:06:59, true, 0.0064, 0.0423, 0.0376, true
2018-10-07 21:07:00, 2018-10-07 21:07:58, true, 0.0124, 0.0198, -0.1833, true
2018-10-07 21:08:00, 2018-10-07 21:08:57, true, 0.0118, 0.0253, -0.0791, true
2018-10-07 21:09:01, 2018-10-07 21:09:58, true, 0.0044, 0.0179, 0.0701, true
2018-10-07 21:10:00, 2018-10-07 21:10:59, false, -0.0035, 0.0236, 0.0086, true
2018-10-07 21:11:01, 2018-10-07 21:11:59, false, -0.0008, 0.0083, -0.0323, true
2018-10-07 21:12:00, 2018-10-07 21:12:59, false, -0.0018, 0.0127, 0.2134, true
2018-10-07 21:13:01, 2018-10-07 21:13:59, false, -0.0232, 0.0064, -0.2374, true
2018-10-07 21:14:01, 2018-10-07 21:14:58, true, 0.0017, 0.0062, -0.1179, true
2018-10-07 21:15:00, 2018-10-07 21:15:57, false, -0.0080, 0.0229, 0.1497, true
2018-10-07 21:16:01, 2018-10-07 21:16:59, true, 0.0108, 0.0255, -0.0305, true
2018-10-07 21:17:00, 2018-10-07 21:17:59, false, -0.0055, 0.0100, 0.0994, true
2018-10-07 21:18:00, 2018-10-07 21:18:59, false, -0.0221, -0.0012, 0.0270, true
2018-10-07 21:19:00, 2018-10-07 21:19:59, true, 0.0436, 0.0437, 0.0408, true
2018-10-07 21:20:00, 2018-10-07 21:20:59, true, 0.0188, 0.0683, -0.2172, true
2018-10-07 21:21:01, 2018-10-07 21:21:59, true, 0.0129, 0.0580, 1.3939, true
2018-10-07 21:22:00, 2018-10-07 21:22:59, true, 0.0056, 0.0189, -0.2278, true
2018-10-07 21:23:00, 2018-10-07 21:23:58, true, 0.0274, 0.0678, -0.8838, true
2018-10-07 21:24:00, 2018-10-07 21:24:59, true, 0.0020, 0.0341, -0.1959, true
2018-10-07 21:25:00, 2018-10-07 21:25:59, true, 0.0005, 0.0045, 1.1758, true
2018-10-07 21:26:01, 2018-10-07 21:26:59, true, 0.0058, 0.0103, 3.0238, true
2018-10-07 21:27:00, 2018-10-07 21:27:59, false, -0.0301, 0.0064, -4.0355, true
2018-10-07 21:28:01, 2018-10-07 21:28:59, true, 0.0130, 0.0214, -0.0854, true
2018-10-07 21:29:00, 2018-10-07 21:29:56, false, -0.0185, -0.0018, 0.1393, true
2018-10-07 21:30:00, 2018-10-07 21:30:59, false, -0.0148, 0.0367, -0.0626, true
2018-10-07 21:31:00, 2018-10-07 21:31:59, false, -0.0303, 0.0106, -0.0620, true
2018-10-07 21:32:00, 2018-10-07 21:32:59, false, -0.0253, 0.0073, 0.1284, true
2018-10-07 21:33:00, 2018-10-07 21:33:59, true, 0.0301, 0.0308, -0.1713, true
2018-10-07 21:34:00, 2018-10-07 21:34:58, false, -0.0359, 0.0412, 0.2548, true
2018-10-07 21:35:00, 2018-10-07 21:35:59, true, 0.0212, 0.0289, -0.3996, true
2018-10-07 21:36:00, 2018-10-07 21:36:58, true, 0.0262, 0.0491, -0.0124, true
2018-10-07 21:37:01, 2018-10-07 21:37:59, true, 0.0094, 0.0356, 0.1174, true
2018-10-07 21:38:00, 2018-10-07 21:38:59, false, -0.0232, 0.0141, -0.0903, true
2018-10-07 21:39:00, 2018-10-07 21:39:58, false, -0.0209, 0.0235, 0.0768, true
2018-10-07 21:40:00, 2018-10-07 21:40:59, false, -0.0026, 0.0121, -0.0182, true
2018-10-07 21:41:00, 2018-10-07 21:41:59, true, 0.0359, 0.0361, 0.1301, true
2018-10-07 21:42:00, 2018-10-07 21:42:59, true, 0.0003, 0.0527, -0.1904, true
2018-10-07 21:43:00, 2018-10-07 21:43:58, false, -0.0073, 0.0058, 0.1642, true
2018-10-07 21:44:01, 2018-10-07 21:44:59, false, -0.0050, 0.0044, -0.1276, true
2018-10-07 21:45:00, 2018-10-07 21:45:59, false, -0.0074, 0.0008, 0.0006, true
2018-10-07 21:46:00, 2018-10-07 21:46:59, true, 0.0068, 0.0433, 0.5002, true
2018-10-07 21:47:00, 2018-10-07 21:47:58, true, 0.0212, 0.0283, -0.6271, true
2018-10-07 21:48:00, 2018-10-07 21:48:59, true, 0.0002, 0.0224, 0.0244, true
2018-10-07 21:49:00, 2018-10-07 21:49:56, false, -0.0150, 0.0083, 0.1189, true
2018-10-07 21:50:00, 2018-10-07 21:50:59, false, -0.0074, 0.0000, -0.0647, true
2018-10-07 21:51:00, 2018-10-07 21:51:59, true, 0.0073, 0.0074, 0.0006, true
2018-10-07 21:52:00, 2018-10-07 21:52:59, true, 0.0070, 0.0148, 0.0583, true
2018-10-07 21:53:00, 2018-10-07 21:53:59, true, 0.0011, 0.0097, -0.0070, true
2018-10-07 21:54:00, 2018-10-07 21:54:58, true, 0.0006, 0.0053, -0.0777, true
2018-10-07 21:55:00, 2018-10-07 21:55:59, false, -0.0171, 0.0020, 0.0230, true
2018-10-07 21:56:01, 2018-10-07 21:56:58, false, -0.0305, -0.0070, 0.0740, true
2018-10-07 21:57:00, 2018-10-07 21:57:59, true, 0.0062, 0.0068, -0.0426, true
2018-10-07 21:58:00, 2018-10-07 21:58:58, false, -0.0026, 0.0114, 0.1746, true
2018-10-07 21:59:00, 2018-10-07 21:59:59, false, -0.0017, 0.0145, -0.0199, true
2018-10-07 22:00:00, 2018-10-07 22:00:58, false, -0.0065, 0.0129, -0.1970, true
2018-10-07 22:01:00, 2018-10-07 22:01:59, true, 0.0150, 0.0306, 0.2017, true
2018-10-07 22:02:00, 2018-10-07 22:02:57, false, -0.0089, 0.0156, -0.2282, true
2018-10-07 22:03:00, 2018-10-07 22:03:56, true, 0.0088, 0.0099, 0.2114, true
2018-10-07 22:04:02, 2018-10-07 22:04:59, true, 0.0409, 0.0611, 0.2237, true
2018-10-07 22:05:01, 2018-10-07 22:05:59, true, 0.0283, 0.0888, 0.5385, true
2018-10-07 22:06:00, 2018-10-07 22:06:58, true, 0.0101, 0.0456, -0.7987, true
2018-10-07 22:07:00, 2018-10-07 22:07:59, true, 0.0020, 0.0183, -0.1067, true
2018-10-07 22:08:00, 2018-10-07 22:08:59, true, 0.0014, 0.0036, -0.0525, true
2018-10-07 22:09:00, 2018-10-07 22:09:59, false, -0.0062, 0.0015, 0.1048, true
2018-10-07 22:10:00, 2018-10-07 22:10:58, true, 0.0065, 0.0070, 0.5820, true
2018-10-07 22:11:00, 2018-10-07 22:11:59, false, -0.0005, 0.0241, -0.6888, true
2018-10-07 22:12:00, 2018-10-07 22:12:58, true, 0.0026, 0.0074, 0.1149, true
2018-10-07 22:13:00, 2018-10-07 22:13:58, false, -0.0464, 0.0145, 0.2315, true
2018-10-07 22:14:00, 2018-10-07 22:14:59, false, -0.0135, 0.0002, -0.2775, true
2018-10-07 22:15:00, 2018-10-07 22:15:58, false, -0.0223, 0.0041, 0.0949, true
2018-10-07 22:16:00, 2018-10-07 22:16:59, true, 0.0253, 0.0315, -0.0521, true
2018-10-07 22:17:01, 2018-10-07 22:17:59, true, 0.0183, 0.0438, 0.0015, true
2018-10-07 22:18:00, 2018-10-07 22:18:59, true, 0.0032, 0.0250, -0.0532, true
2018-10-07 22:19:01, 2018-10-07 22:19:59, true, 0.0047, 0.0083, -0.1177, true
2018-10-07 22:20:00, 2018-10-07 22:20:59, true, 0.0136, 0.0188, 0.1048, true
2018-10-07 22:21:01, 2018-10-07 22:21:59, true, 0.0020, 0.0289, 0.2226, true
2018-10-07 22:22:01, 2018-10-07 22:22:58, false, -0.0108, 0.0026, -0.1736, true
2018-10-07 22:23:00, 2018-10-07 22:23:57, false, -0.0083, 0.0030, -0.0220, true
2018-10-07 22:24:00, 2018-10-07 22:24:58, false, -0.0023, 0.0014, -0.0523, true
2018-10-07 22:25:02, 2018-10-07 22:25:59, true, 0.0070, 0.0097, 0.0571, true
2018-10-07 22:26:01, 2018-10-07 22:26:59, false, -0.0138, 0.0123, 0.0503, true
2018-10-07 22:27:00, 2018-10-07 22:27:59, false, -0.0062, 0.0000, 0.0350, true
2018-10-07 22:28:02, 2018-10-07 22:28:59, false, -0.0070, 0.0014, -0.0841, true
2018-10-07 22:29:01, 2018-10-07 22:29:57, true, 0.0083, 0.0139, 0.0723, true
2018-10-07 22:30:01, 2018-10-07 22:30:59, false, -0.0386, 0.0091, -0.0218, true
2018-10-07 22:31:00, 2018-10-07 22:31:59, false, -0.0132, 0.0047, -0.0921, true
2018-10-07 22:32:00, 2018-10-07 22:32:59, true, 0.0005, 0.0012, 1.5860, true
2018-10-07 22:33:00, 2018-10-07 22:33:59, false, -0.0021, 0.0065, 0.1396, true
2018-10-07 22:34:01, 2018-10-07 22:34:58, true, 0.0108, 0.0427, -0.0589, true
2018-10-07 22:35:00, 2018-10-07 22:35:56, true, 0.0020, 0.0229, -1.7319, true
2018-10-07 22:36:00, 2018-10-07 22:36:57, false, -0.0120, 0.0155, 0.1631, true
2018-10-07 22:37:00, 2018-10-07 22:37:59, false, -0.0074, 0.0023, -0.0424, true
2018-10-07 22:38:00, 2018-10-07 22:38:59, true, 0.0391, 0.0438, 0.0855, true
2018-10-07 22:39:00, 2018-10-07 22:39:59, false, -0.0044, 0.0539, 0.0388, true
2018-10-07 22:40:00, 2018-10-07 22:40:57, false, -0.0336, 0.0068, -0.1516, true
2018-10-07 22:41:00, 2018-10-07 22:41:59, false, -0.0056, 0.0005, -0.0508, true
2018-10-07 22:42:01, 2018-10-07 22:42:58, true, 0.0027, 0.0050, -0.0038, true
2018-10-07 22:43:00, 2018-10-07 22:43:58, true, 0.0059, 0.0105, 0.2211, true
2018-10-07 22:44:00, 2018-10-07 22:44:58, false, -0.0138, 0.0094, -0.0852, true
2018-10-07 22:45:00, 2018-10-07 22:45:58, true, 0.0014, 0.0120, -0.0952, true
2018-10-07 22:46:00, 2018-10-07 22:46:59, false, -0.0023, 0.0135, 0.0226, true
2018-10-07 22:47:00, 2018-10-07 22:47:56, false, -0.0247, 0.0109, -0.1782, true
2018-10-07 22:48:00, 2018-10-07 22:48:59, false, -0.0036, 0.0042, 0.6170, true
2018-10-07 22:49:02, 2018-10-07 22:49:57, true, 0.0035, 0.0089, -0.6019, true
2018-10-07 22:50:00, 2018-10-07 22:50:59, false, -0.0293, 0.0165, 2.3226, true
2018-10-07 22:51:00, 2018-10-07 22:51:59, false, -0.0108, 0.0329, -2.0658, true
2018-10-07 22:52:00, 2018-10-07 22:52:59, true, 0.0049, 0.0094, -0.1013, true
2018-10-07 22:53:00, 2018-10-07 22:53:59, true, 0.0052, 0.0124, -0.1007, true
2018-10-07 22:54:00, 2018-10-07 22:54:59, true, 0.0067, 0.0193, 0.2869, true
2018-10-07 22:55:00, 2018-10-07 22:55:59, false, -0.0036, 0.0083, -0.3482, true
2018-10-07 22:56:00, 2018-10-07 22:56:59, true, 0.0024, 0.0033, 0.0180, true
2018-10-07 22:57:00, 2018-10-07 22:57:59, false, -0.0020, 0.0047, -0.0050, true
2018-10-07 22:58:00, 2018-10-07 22:58:59, false, -0.0056, 0.0000, 0.1811, true
2018-10-07 22:59:01, 2018-10-07 22:59:59, true, 0.0024, 0.0284, -0.0620, true
2018-10-07 23:00:00, 2018-10-07 23:00:59, true, 0.0005, 0.0112, 0.0437, true
2018-10-07 23:01:00, 2018-10-07 23:01:59, true, 0.0064, 0.0093, -0.0091, true
2018-10-07 23:02:00, 2018-10-07 23:02:58, false, -0.0033, 0.0079, 0.0878, true
2018-10-07 23:03:00, 2018-10-07 23:03:59, false, -0.0046, 0.0052, -0.1649, true
2018-10-07 23:04:01, 2018-10-07 23:04:58, false, -0.0055, 0.0165, 0.1409, true
2018-10-07 23:05:00, 2018-10-07 23:05:58, true, 0.0026, 0.0223, -0.0149, true
2018-10-07 23:06:00, 2018-10-07 23:06:21, true, 0.0073, 0.0100, -0.0413, true
