2018-10-09 00:00:00, 2018-10-09 00:00:59, true, 0.0029, 0.0029, 0.0196, true
2018-10-09 00:01:00, 2018-10-09 00:01:56, false, -0.0027, 0.0092, -0.0435, true
2018-10-09 00:02:00, 2018-10-09 00:02:58, true, 0.0024, 0.0068, -0.0020, true
2018-10-09 00:03:00, 2018-10-09 00:03:27, false, -0.0069, 0.0039, 1.6150, true
2018-10-09 00:04:00, 2018-10-09 00:04:59, false, -0.0093, 0.0101, -1.3300, true
2018-10-09 00:05:00, 2018-10-09 00:05:59, true, 0.0166, 0.0282, -0.2493, true
2018-10-09 00:06:01, 2018-10-09 00:06:54, false, -0.0009, 0.0160, -0.0458, true
2018-10-09 00:07:19, 2018-10-09 00:07:33, true, 0.0008, 0.0020, 0.0456, true
2018-10-09 00:08:01, 2018-10-09 00:08:59, false, -0.0006, 0.0015, -0.0848, true
2018-10-09 00:09:00, 2018-10-09 00:09:49, true, 0.0087, 0.0090, -0.0403, true
2018-10-09 00:10:00, 2018-10-09 00:10:34, false, -0.0003, 0.0105, 0.0167, true
2018-10-09 00:11:00, 2018-10-09 00:11:50, false, -0.0134, 0.0006, 0.0179, true
2018-10-09 00:12:00, 2018-10-09 00:12:59, false, -0.0093, -0.0050, -0.0202, true
2018-10-09 00:13:00, 2018-10-09 00:13:40, true, 0.0066, 0.0066, -0.0634, true
2018-10-09 00:14:06, 2018-10-09 00:14:31, false, -0.0157, 0.0081, 0.2343, true
2018-10-09 00:15:09, 2018-10-09 00:15:59, true, 0.0063, 0.0126, -0.1042, true
2018-10-09 00:16:02, 2018-10-09 00:16:59, true, 0.0027, 0.0199, 0.2969, true
2018-10-09 00:17:00, 2018-10-09 00:17:59, false, -0.0078, 0.0114, 1.5359, true
2018-10-09 00:18:00, 2018-10-09 00:18:50, false, -0.0149, 0.0125, -1.6437, true
2018-10-09 00:19:00, 2018-10-09 00:19:57, false, -0.0301, 0.0273, 1.1869, true
2018-10-09 00:20:00, 2018-10-09 00:20:59, false, -0.0279, 0.0005, -0.5455, true
2018-10-09 00:21:00, 2018-10-09 00:21:43, false, -0.0184, 0.0148, -0.7253, true
2018-10-09 00:22:01, 2018-10-09 00:22:58, false, -0.0045, 0.0068, 1.5002, true
2018-10-09 00:23:11, 2018-10-09 00:23:59, false, -0.0075, 0.0047, -0.0276, true
2018-10-09 00:24:24, 2018-10-09 00:24:50, false, -0.0011, 0.0015, 0.0595, true
2018-10-09 00:25:00, 2018-10-09 00:25:57, false, -0.0044, 0.0041, -1.5608, true
2018-10-09 00:26:00, 2018-10-09 00:26:53, true, 0.0017, 0.0024, -0.0942, true
2018-10-09 00:27:00, 2018-10-09 00:27:59, false, -0.0044, 0.0020, 0.0463, true
2018-10-09 00:28:00, 2018-10-09 00:28:59, true, 0.0009, 0.0036, -0.0014, true
2018-10-09 00:29:01, 2018-10-09 00:29:52, true, 0.0087, 0.0096, 0.0974, true
2018-10-09 00:30:00, 2018-10-09 00:30:41, true, 0.0268, 0.0393, -0.0672, true
2018-10-09 00:31:00, 2018-10-09 00:31:57, true, 0.0045, 0.0309, 0.1240, true
2018-10-09 00:32:01, 2018-10-09 00:32:47, false, -0.0047, 0.0090, -0.1120, true
2018-10-09 00:33:00, 2018-10-09 00:33:30, true, 0.0012, 0.0018, -0.0710, true
2018-10-09 00:34:00, 2018-10-09 00:34:59, true, 0.0185, 0.0282, 0.6754, true
2018-10-09 00:35:01, 2018-10-09 00:35:59, true, 0.0044, 0.0240, -0.5726, true
2018-10-09 00:36:18, 2018-10-09 00:36:22, true, 0.0033, 0.0080, 0.0011, true
2018-10-09 00:37:00, 2018-10-09 00:37:49, false, -0.0021, 0.0053, -0.0723, true
2018-10-09 00:38:00, 2018-10-09 00:38:55, true, 0.0050, 0.0071, -0.0672, true
2018-10-09 00:39:00, 2018-10-09 00:39:49, true, 0.0042, 0.0179, 0.0182, true
2018-10-09 00:40:13, 2018-10-09 00:40:59, false, -0.0011, 0.0042, 0.0765, true
2018-10-09 00:41:00, 2018-10-09 00:41:43, false, -0.0026, 0.0012, -0.0081, true
2018-10-09 00:42:00, 2018-10-09 00:42:59, false, -0.0021, 0.0008, 0.0032, true
2018-10-09 00:43:00, 2018-10-09 00:43:57, true, 0.0005, 0.0044, -0.0594, true
2018-10-09 00:44:00, 2018-10-09 00:44:34, true, 0.0051, 0.0059, -0.1219, true
2018-10-09 00:45:14, 2018-10-09 00:45:35, true, 0.0084, 0.0136, 0.0726, true
2018-10-09 00:46:18, 2018-10-09 00:46:42, true, 0.0145, 0.0235, 0.1203, true
2018-10-09 00:47:01, 2018-10-09 00:47:44, false, -0.0018, 0.0196, -0.1318, true
2018-10-09 00:48:29, 2018-10-09 00:48:59, true, 0.0039, 0.0050, -0.0184, true
2018-10-09 00:49:22, 2018-10-09 00:49:56, true, 0.0047, 0.0090, 0.0458, true
2018-10-09 00:50:00, 2018-10-09 00:50:42, true, 0.0023, 0.0099, -0.0342, true
2018-10-09 00:51:01, 2018-10-09 00:51:59, true, 0.0039, 0.0041, 0.0714, true
2018-10-09 00:52:00, 2018-10-09 00:52:59, true, 0.0021, 0.0063, -0.0914, true
2018-10-09 00:53:00, 2018-10-09 00:53:42, true, 0.0069, 0.0090, 0.2057, true
2018-10-09 00:54:00, 2018-10-09 00:54:59, true, 0.0030, 0.0178, -0.1334, true
2018-10-09 00:55:00, 2018-10-09 00:55:59, true, 0.0024, 0.0068, 0.0730, true
2018-10-09 00:56:04, 2018-10-09 00:56:42, true, 0.0015, 0.0114, -0.0592, true
2018-10-09 00:57:29, 2018-10-09 00:57:52, false, -0.0015, 0.0071, 0.0316, true
2018-10-09 00:58:00, 2018-10-09 00:58:20, true, 0.0011, 0.0012, -0.0355, true
2018-10-09 00:59:00, 2018-10-09 00:59:59, false, -0.0012, 0.0011, -0.0113, true
2018-10-09 01:00:00, 2018-10-09 01:00:59, false, -0.0005, 0.0178, 0.1021, true
2018-10-09 01:01:00, 2018-10-09 01:01:59, false, -0.0005, 0.0129, 0.0098, true
2018-10-09 01:02:04, 2018-10-09 01:02:46, false, -0.0057, -0.0030, -0.0979, true
2018-10-09 01:03:00, 2018-10-09 01:03:57, true, 0.0018, 0.0030, -0.0924, true
2018-10-09 01:04:00, 2018-10-09 01:04:26, false, -0.0045, 0.0090, 0.0102, true
2018-10-09 01:05:00, 2018-10-09 01:05:59, true, 0.0054, 0.0054, 0.0586, true
2018-10-09 01:06:00, 2018-10-09 01:06:53, false, -0.0011, 0.0066, 0.1024, true
2018-10-09 01:07:00, 2018-10-09 01:07:59, true, 0.0002, 0.0026, 0.0524, true
2018-10-09 01:08:00, 2018-10-09 01:08:59, true, 0.0054, 0.0089, -0.1888, true
2018-10-09 01:09:00, 2018-10-09 01:09:55, true, 0.0074, 0.0134, -0.0566, true
2018-10-09 01:10:00, 2018-10-09 01:10:27, true, 0.0038, 0.0131, 0.1183, true
2018-10-09 01:11:00, 2018-10-09 01:11:59, false, -0.0051, 0.0051, -0.0867, true
2018-10-09 01:12:00, 2018-10-09 01:12:59, true, 0.0318, 0.0333, 0.5764, true
2018-10-09 01:13:00, 2018-10-09 01:13:58, true, 0.0134, 0.0459, -0.1664, true
2018-10-09 01:14:02, 2018-10-09 01:14:47, false, -0.0178, 0.0158, 0.7715, true
2018-10-09 01:15:00, 2018-10-09 01:15:35, false, -0.0078, 0.0328, -1.0864, true
2018-10-09 01:16:02, 2018-10-09 01:16:59, false, -0.0017, 0.0074, -0.0033, true
2018-10-09 01:17:13, 2018-10-09 01:17:59, true, 0.0035, 0.0044, 0.0033, true
2018-10-09 01:18:00, 2018-10-09 01:18:34, false, -0.0038, 0.0047, 0.1227, true
2018-10-09 01:19:00, 2018-10-09 01:19:59, false, -0.0015, 0.0086, -0.0704, true
2018-10-09 01:20:01, 2018-10-09 01:20:57, false, 0.0000, 0.0045, -0.0935, true
2018-10-09 01:21:02, 2018-10-09 01:21:59, false, -0.0014, 0.0015, 0.1142, true
2018-10-09 01:22:03, 2018-10-09 01:22:49, true, 0.0023, 0.0036, -0.0695, true
2018-10-09 01:23:00, 2018-10-09 01:23:57, false, -0.0050, 0.0030, 0.0367, true
2018-10-09 01:24:00, 2018-10-09 01:24:47, true, 0.0038, 0.0060, 0.0169, true
2018-10-09 01:25:01, 2018-10-09 01:25:43, false, -0.0018, 0.0063, -0.0923, true
2018-10-09 01:26:00, 2018-10-09 01:26:59, true, 0.0020, 0.0020, 0.1103, true
2018-10-09 01:27:00, 2018-10-09 01:27:56, false, -0.0024, 0.0021, 0.0561, true
2018-10-09 01:28:00, 2018-10-09 01:28:40, false, -0.0053, 0.0086, -0.2043, true
2018-10-09 01:29:01, 2018-10-09 01:29:59, true, 0.0039, 0.0050, 0.0336, true
2018-10-09 01:30:00, 2018-10-09 01:30:36, false, -0.0059, 0.0047, 0.0135, true
2018-10-09 01:31:01, 2018-10-09 01:31:33, true, 0.0020, 0.0062, 0.1224, true
2018-10-09 01:32:00, 2018-10-09 01:32:38, true, 0.0066, 0.0108, -0.1353, true
2018-10-09 01:33:25, 2018-10-09 01:33:36, false, -0.0038, 0.0072, 0.0346, true
2018-10-09 01:34:06, 2018-10-09 01:34:26, true, 0.0140, 0.0157, -0.0850, true
2018-10-09 01:35:00, 2018-10-09 01:35:47, true, 0.0120, 0.0284, 0.0349, true
2018-10-09 01:36:01, 2018-10-09 01:36:59, true, 0.0072, 0.0205, -0.0441, true
2018-10-09 01:37:09, 2018-10-09 01:37:59, false, -0.0041, 0.0072, 0.0882, true
2018-10-09 01:38:15, 2018-10-09 01:38:36, true, 0.0054, 0.0126, -0.0254, true
2018-10-09 01:39:13, 2018-10-09 01:39:55, true, 0.0256, 0.0310, 0.6783, true
2018-10-09 01:40:00, 2018-10-09 01:40:59, true, 0.0125, 0.0384, -0.2689, true
2018-10-09 01:41:03, 2018-10-09 01:41:59, true, 0.0005, 0.0135, -0.4297, true
2018-10-09 01:42:00, 2018-10-09 01:42:44, false, -0.0014, 0.0021, -0.0110, true
2018-10-09 01:43:10, 2018-10-09 01:43:59, false, -0.0017, 0.0075, 0.1438, true
2018-10-09 01:44:01, 2018-10-09 01:44:39, false, -0.0114, 0.0029, -0.1404, true
2018-10-09 01:45:01, 2018-10-09 01:45:25, true, 0.0199, 0.0206, 1.0303, true
2018-10-09 01:46:00, 2018-10-09 01:46:31, false, -0.0036, 0.0200, -0.9663, true
2018-10-09 01:47:11, 2018-10-09 01:47:38, true, 0.0011, 0.0039, -0.0901, true
2018-10-09 01:48:00, 2018-10-09 01:48:59, true, 0.0035, 0.0053, 0.0322, true
2018-10-09 01:49:08, 2018-10-09 01:49:45, true, 0.0149, 0.0190, 0.1290, true
2018-10-09 01:50:01, 2018-10-09 01:50:59, false, -0.0241, 0.0197, -0.1011, true
2018-10-09 01:51:01, 2018-10-09 01:51:59, true, 0.0008, 0.0075, 0.0603, true
2018-10-09 01:52:09, 2018-10-09 01:52:59, false, -0.0068, 0.0014, -0.0481, true
2018-10-09 01:53:00, 2018-10-09 01:53:59, true, 0.0041, 0.0054, 0.0366, true
2018-10-09 01:54:06, 2018-10-09 01:54:59, true, 0.0352, 0.0396, -0.1141, true
2018-10-09 01:55:00, 2018-10-09 01:55:58, false, -0.0033, 0.0361, 0.0260, true
2018-10-09 01:56:00, 2018-10-09 01:56:25, true, 0.0011, 0.0044, 0.1176, true
2018-10-09 01:57:00, 2018-10-09 01:57:59, false, -0.0032, 0.0048, -0.0964, true
2018-10-09 01:58:00, 2018-10-09 01:58:59, false, -0.0063, 0.0051, 0.1763, true
2018-10-09 01:59:06, 2018-10-09 01:59:44, true, 0.0141, 0.0208, -0.1051, true
2018-10-09 02:00:00, 2018-10-09 02:00:59, true, 0.0700, 0.0853, 1.8517, true
2018-10-09 02:01:00, 2018-10-09 02:01:59, true, 0.0024, 0.0724, -1.9760, true
2018-10-09 02:02:03, 2018-10-09 02:02:58, true, 0.0041, 0.0060, 0.0642, true
2018-10-09 02:03:00, 2018-10-09 02:03:39, true, 0.0014, 0.0057, -0.0228, true
2018-10-09 02:04:01, 2018-10-09 02:04:59, false, -0.0179, 0.0092, 1.7019, true
2018-10-09 02:05:00, 2018-10-09 02:05:59, false, -0.0251, 0.0298, -0.2301, true
2018-10-09 02:06:18, 2018-10-09 02:06:50, true, 0.0030, 0.0379, -1.4374, true
2018-10-09 02:07:00, 2018-10-09 02:07:59, false, -0.0087, 0.0096, -0.0349, true
2018-10-09 02:08:04, 2018-10-09 02:08:59, true, 0.0078, 0.0078, 0.0522, true
2018-10-09 02:09:00, 2018-10-09 02:09:59, false, -0.0026, 0.0062, -0.0716, true
2018-10-09 02:10:00, 2018-10-09 02:10:57, true, 0.0059, 0.0135, 0.3083, true
2018-10-09 02:11:00, 2018-10-09 02:11:58, false, -0.0068, 0.0189, -0.1918, true
2018-10-09 02:12:00, 2018-10-09 02:12:59, false, -0.0102, 0.0002, -0.0514, true
2018-10-09 02:13:00, 2018-10-09 02:13:39, false, -0.0039, 0.0003, -0.0783, true
2018-10-09 02:14:00, 2018-10-09 02:14:59, false, -0.0102, 0.0009, 0.0039, true
2018-10-09 02:15:00, 2018-10-09 02:15:45, true, 0.0098, 0.0101, 0.0119, true
2018-10-09 02:16:00, 2018-10-09 02:16:45, true, 0.0098, 0.0207, -0.0098, true
2018-10-09 02:17:01, 2018-10-09 02:17:59, false, -0.0002, 0.0099, -0.0254, true
2018-10-09 02:18:01, 2018-10-09 02:18:59, false, -0.0280, 0.0036, 0.0756, true
2018-10-09 02:19:07, 2018-10-09 02:19:26, false, -0.0053, 0.0003, 0.0005, true
2018-10-09 02:20:00, 2018-10-09 02:20:50, true, 0.0005, 0.0009, 0.0023, true
2018-10-09 02:21:02, 2018-10-09 02:21:59, false, -0.0104, 0.0102, 0.2936, true
2018-10-09 02:22:20, 2018-10-09 02:22:59, true, 0.0036, 0.0194, -0.3184, true
2018-10-09 02:23:00, 2018-10-09 02:23:30, true, 0.0023, 0.0077, 0.0668, true
2018-10-09 02:24:00, 2018-10-09 02:24:59, false, -0.0066, 0.0074, -0.0508, true
2018-10-09 02:25:00, 2018-10-09 02:25:59, false, -0.0044, 0.0065, 0.0020, true
2018-10-09 02:26:02, 2018-10-09 02:26:59, false, -0.0063, 0.0023, 0.0996, true
2018-10-09 02:27:00, 2018-10-09 02:27:58, false, -0.0039, 0.0060, -0.0331, true
2018-10-09 02:28:00, 2018-10-09 02:28:59, true, 0.0014, 0.0080, 0.0006, true
2018-10-09 02:29:14, 2018-10-09 02:29:59, true, 0.0072, 0.0123, -0.1342, true
2018-10-09 02:30:00, 2018-10-09 02:30:59, true, 0.0036, 0.0140, 0.0674, true
2018-10-09 02:31:00, 2018-10-09 02:31:38, false, -0.0032, 0.0045, -0.0432, true
2018-10-09 02:32:10, 2018-10-09 02:32:29, false, -0.0122, 0.0009, 0.7978, true
2018-10-09 02:33:00, 2018-10-09 02:33:58, false, -0.0295, 0.0002, -0.7765, true
2018-10-09 02:34:01, 2018-10-09 02:34:58, false, -0.0092, 0.0038, 0.1547, true
2018-10-09 02:35:00, 2018-10-09 02:35:59, false, -0.0205, 0.0000, 0.3106, true
2018-10-09 02:36:00, 2018-10-09 02:36:58, false, -0.0093, 0.0029, -0.4297, true
2018-10-09 02:37:00, 2018-10-09 02:37:33, true, 0.0324, 0.0328, 0.0673, true
2018-10-09 02:38:09, 2018-10-09 02:38:59, false, -0.0035, 0.0360, -0.0810, true
2018-10-09 02:39:25, 2018-10-09 02:39:59, false, -0.0039, 0.0000, 0.1086, true
2018-10-09 02:40:00, 2018-10-09 02:40:32, false, -0.0123, 0.0009, -0.0190, true
2018-10-09 02:41:00, 2018-10-09 02:41:59, false, -0.0056, 0.0048, -0.0558, true
2018-10-09 02:42:01, 2018-10-09 02:42:59, true, 0.0027, 0.0048, 0.0312, true
2018-10-09 02:43:00, 2018-10-09 02:43:59, true, 0.0003, 0.0077, -0.0167, true
2018-10-09 02:44:03, 2018-10-09 02:44:52, false, -0.0111, 0.0024, -0.0554, true
2018-10-09 02:45:00, 2018-10-09 02:45:58, false, -0.0026, 0.0048, 0.1260, true
2018-10-09 02:46:00, 2018-10-09 02:46:50, true, 0.0005, 0.0009, -0.1504, true
2018-10-09 02:47:01, 2018-10-09 02:47:59, false, -0.0102, 0.0026, 0.0032, true
2018-10-09 02:48:00, 2018-10-09 02:48:59, false, -0.0009, 0.0068, 0.0721, true
2018-10-09 02:49:20, 2018-10-09 02:49:35, true, 0.0074, 0.0116, -0.0840, true
2018-10-09 02:50:00, 2018-10-09 02:50:30, true, 0.0029, 0.0148, 0.3306, true
2018-10-09 02:51:08, 2018-10-09 02:51:59, true, 0.0096, 0.0151, -0.3537, true
2018-10-09 02:52:00, 2018-10-09 02:52:24, true, 0.0003, 0.0111, 0.0048, true
2018-10-09 02:53:00, 2018-10-09 02:53:58, false, -0.0182, 0.0026, 0.5465, true
2018-10-09 02:54:19, 2018-10-09 02:54:59, true, 0.0002, 0.0078, -0.3935, true
2018-10-09 02:55:02, 2018-10-09 02:55:59, false, -0.0002, 0.0069, 0.0068, true
2018-10-09 02:56:24, 2018-10-09 02:56:58, true, 0.0154, 0.0160, -0.0060, true
2018-10-09 02:57:01, 2018-10-09 02:57:45, true, 0.0011, 0.0172, 0.2411, true
2018-10-09 02:58:06, 2018-10-09 02:58:53, false, -0.0063, 0.0012, -0.3247, true
2018-10-09 02:59:00, 2018-10-09 02:59:56, false, -0.0188, 0.0008, 0.5986, true
2018-10-09 03:00:00, 2018-10-09 03:00:59, false, -0.0191, 0.0041, -0.2692, true
2018-10-09 03:01:00, 2018-10-09 03:01:59, true, 0.0087, 0.0087, -0.1480, true
2018-10-09 03:02:00, 2018-10-09 03:02:59, true, 0.0045, 0.0133, -0.0413, true
2018-10-09 03:03:08, 2018-10-09 03:03:59, false, -0.0026, 0.0086, -0.1548, true
2018-10-09 03:04:00, 2018-10-09 03:04:59, true, 0.0042, 0.0050, 0.0360, true
2018-10-09 03:05:00, 2018-10-09 03:05:58, true, 0.0023, 0.0065, -0.0318, true
2018-10-09 03:06:00, 2018-10-09 03:06:59, false, -0.0005, 0.0036, 0.1433, true
2018-10-09 03:07:00, 2018-10-09 03:07:59, true, 0.0083, 0.0157, -0.0896, true
2018-10-09 03:08:00, 2018-10-09 03:08:58, false, -0.0027, 0.0111, -0.1191, true
2018-10-09 03:09:13, 2018-10-09 03:09:59, true, 0.0062, 0.0087, 0.0586, true
2018-10-09 03:10:00, 2018-10-09 03:10:59, false, -0.0020, 0.0068, 0.0822, true
2018-10-09 03:11:01, 2018-10-09 03:11:59, true, 0.0035, 0.0042, -0.1683, true
2018-10-09 03:12:20, 2018-10-09 03:12:59, true, 0.0033, 0.0120, 0.1301, true
2018-10-09 03:13:00, 2018-10-09 03:13:59, false, -0.0002, 0.0081, -0.0739, true
2018-10-09 03:14:01, 2018-10-09 03:14:59, true, 0.0072, 0.0089, 0.0095, true
2018-10-09 03:15:08, 2018-10-09 03:15:39, false, -0.0280, 0.0125, 0.0444, true
2018-10-09 03:16:00, 2018-10-09 03:16:59, false, -0.0015, 0.0054, 0.2231, true
2018-10-09 03:17:00, 2018-10-09 03:17:42, true, 0.0087, 0.0158, 0.0947, true
2018-10-09 03:18:01, 2018-10-09 03:18:43, true, 0.0009, 0.0102, -0.0842, true
2018-10-09 03:19:05, 2018-10-09 03:19:51, false, -0.0051, -0.0002, -0.2710, true
2018-10-09 03:20:00, 2018-10-09 03:20:35, true, 0.0051, 0.0054, 0.2525, true
2018-10-09 03:21:00, 2018-10-09 03:21:59, false, -0.0023, 0.0123, -0.2127, true
2018-10-09 03:22:09, 2018-10-09 03:22:21, true, 0.0003, 0.0047, 0.0238, true
2018-10-09 03:23:02, 2018-10-09 03:23:54, false, -0.0096, -0.0035, 0.0527, true
2018-10-09 03:24:12, 2018-10-09 03:24:58, false, -0.0023, 0.0009, -0.1003, true
2018-10-09 03:25:11, 2018-10-09 03:25:46, true, 0.0041, 0.0042, 0.0664, true
2018-10-09 03:26:03, 2018-10-09 03:26:59, false, -0.0023, 0.0051, -0.1426, true
2018-10-09 03:27:17, 2018-10-09 03:27:59, true, 0.0093, 0.0095, 0.0897, true
2018-10-09 03:28:00, 2018-10-09 03:28:45, false, -0.0051, 0.0102, -0.0280, true
2018-10-09 03:29:00, 2018-10-09 03:29:59, false, -0.0014, 0.0006, -0.0057, true
2018-10-09 03:30:00, 2018-10-09 03:30:43, false, -0.0078, 0.0110, 0.0804, true
2018-10-09 03:31:28, 2018-10-09 03:31:56, false, -0.0116, 0.0000, 0.8109, true
2018-10-09 03:32:00, 2018-10-09 03:32:58, true, 0.0005, 0.0011, -0.8313, true
2018-10-09 03:33:01, 2018-10-09 03:33:59, false, -0.0187, 0.0047, 0.1509, true
2018-10-09 03:34:21, 2018-10-09 03:34:36, false, -0.0032, 0.0002, -0.2033, true
2018-10-09 03:35:02, 2018-10-09 03:35:53, false, -0.0077, 0.0348, 0.9168, true
2018-10-09 03:36:00, 2018-10-09 03:36:40, false, -0.0306, -0.0030, -0.1320, true
2018-10-09 03:37:01, 2018-10-09 03:37:35, true, 0.0175, 0.0246, -0.4443, true
2018-10-09 03:38:02, 2018-10-09 03:38:59, false, -0.0086, 0.0211, -0.3163, true
2018-10-09 03:39:02, 2018-10-09 03:39:59, true, 0.0080, 0.0081, 0.0490, true
2018-10-09 03:40:00, 2018-10-09 03:40:51, true, 0.0428, 0.0449, -0.0276, true
2018-10-09 03:41:01, 2018-10-09 03:41:59, true, 0.0089, 0.0507, 0.0968, true
2018-10-09 03:42:00, 2018-10-09 03:42:51, false, -0.0039, 0.0089, -0.1813, true
2018-10-09 03:43:00, 2018-10-09 03:43:59, true, 0.0056, 0.0056, -0.0291, true
2018-10-09 03:44:00, 2018-10-09 03:44:34, false, -0.0005, 0.0081, 0.0146, true
2018-10-09 03:45:00, 2018-10-09 03:45:53, false, -0.0047, -0.0021, 0.0869, true
2018-10-09 03:46:00, 2018-10-09 03:46:56, false, -0.0374, 0.0009, -0.0875, true
2018-10-09 03:47:00, 2018-10-09 03:47:59, true, 0.0026, 0.0029, 0.0541, true
2018-10-09 03:48:05, 2018-10-09 03:48:59, true, 0.0108, 0.0134, -0.0661, true
2018-10-09 03:49:00, 2018-10-09 03:49:59, false, -0.0011, 0.0122, 0.0480, true
2018-10-09 03:50:00, 2018-10-09 03:50:59, false, -0.0303, 0.0081, -0.0244, true
2018-10-09 03:51:00, 2018-10-09 03:51:59, false, -0.0401, 0.0000, 0.2681, true
2018-10-09 03:52:29, 2018-10-09 03:52:59, true, 0.0057, 0.0063, -0.1899, true
2018-10-09 03:53:00, 2018-10-09 03:53:56, true, 0.0779, 0.0861, -0.0224, true
2018-10-09 03:54:01, 2018-10-09 03:54:49, true, 0.0053, 0.0833, 0.0325, true
2018-10-09 03:55:09, 2018-10-09 03:55:59, true, 0.0021, 0.0104, -0.0745, true
2018-10-09 03:56:00, 2018-10-09 03:56:59, false, -0.0221, 0.0038, 0.2303, true
2018-10-09 03:57:00, 2018-10-09 03:57:54, false, -0.0002, 0.0012, -0.1005, true
2018-10-09 03:58:00, 2018-10-09 03:58:36, true, 0.0071, 0.0116, 0.0236, true
2018-10-09 03:59:00, 2018-10-09 03:59:34, true, 0.0107, 0.0167, -0.1343, true
2018-10-09 04:00:00, 2018-10-09 04:00:46, false, -0.0071, 0.0086, -0.0337, true
2018-10-09 04:01:00, 2018-10-09 04:01:59, false, -0.0169, 0.0015, 0.0244, true
2018-10-09 04:02:00, 2018-10-09 04:02:44, false, -0.0029, -0.0003, 0.0545, true
2018-10-09 04:03:00, 2018-10-09 04:03:34, true, 0.0108, 0.0140, 0.2808, true
2018-10-09 04:04:00, 2018-10-09 04:04:50, false, -0.0157, 0.0121, -0.3468, true
2018-10-09 04:05:10, 2018-10-09 04:05:57, false, -0.0059, 0.0041, 0.1017, true
2018-10-09 04:06:00, 2018-10-09 04:06:59, true, 0.0306, 0.0319, 0.1072, true
2018-10-09 04:07:00, 2018-10-09 04:07:59, false, -0.0178, 0.0306, -0.0089, true
2018-10-09 04:08:00, 2018-10-09 04:08:39, false, -0.0068, 0.0167, -0.0012, true
2018-10-09 04:09:00, 2018-10-09 04:09:48, true, 0.0083, 0.0215, 0.3005, true
2018-10-09 04:10:00, 2018-10-09 04:10:59, true, 0.0057, 0.0142, -0.1101, true
2018-10-09 04:11:00, 2018-10-09 04:11:59, false, -0.0154, 0.0134, 0.4920, true
2018-10-09 04:12:00, 2018-10-09 04:12:59, true, 0.0101, 0.0121, -0.5099, true
2018-10-09 04:13:11, 2018-10-09 04:13:45, true, 0.0053, 0.0247, 0.2895, true
2018-10-09 04:14:00, 2018-10-09 04:14:59, false, -0.0158, 0.0086, -0.4477, true
2018-10-09 04:15:00, 2018-10-09 04:15:59, false, -0.0127, 0.0008, 0.1668, true
2018-10-09 04:16:02, 2018-10-09 04:16:51, false, -0.0009, 0.0089, -0.1990, true
2018-10-09 04:17:01, 2018-10-09 04:17:54, false, -0.0014, 0.0023, 0.0045, true
2018-10-09 04:18:01, 2018-10-09 04:18:59, false, -0.0078, 0.0000, 0.2839, true
2018-10-09 04:19:01, 2018-10-09 04:19:45, true, 0.0124, 0.0124, -0.1049, true
2018-10-09 04:20:00, 2018-10-09 04:20:59, true, 0.0078, 0.0224, -0.1751, true
2018-10-09 04:21:00, 2018-10-09 04:21:59, false, -0.0038, 0.0095, -0.2239, true
2018-10-09 04:22:00, 2018-10-09 04:22:59, true, 0.0002, 0.0044, 0.0206, true
2018-10-09 04:23:02, 2018-10-09 04:23:52, true, 0.0063, 0.0071, 0.1281, true
2018-10-09 04:24:04, 2018-10-09 04:24:37, true, 0.0081, 0.0160, -0.1478, true
2018-10-09 04:25:00, 2018-10-09 04:25:59, false, -0.0017, 0.0105, 0.1306, true
2018-10-09 04:26:00, 2018-10-09 04:26:42, false, -0.0202, 0.0002, 0.1960, true
2018-10-09 04:27:00, 2018-10-09 04:27:39, true, 0.0005, 0.0035, -0.2039, true
2018-10-09 04:28:01, 2018-10-09 04:28:34, true, 0.0018, 0.0024, 0.1252, true
2018-10-09 04:29:00, 2018-10-09 04:29:58, false, -0.0092, 0.0020, 0.0732, true
2018-10-09 04:30:00, 2018-10-09 04:30:38, false, -0.0035, -0.0027, 0.0859, true
2018-10-09 04:31:00, 2018-10-09 04:31:58, true, 0.0038, 0.0107, -0.1930, true
2018-10-09 04:32:07, 2018-10-09 04:32:59, false, -0.0029, 0.0041, 0.0871, true
2018-10-09 04:33:00, 2018-10-09 04:33:45, true, 0.0011, 0.0014, 0.3621, true
2018-10-09 04:34:00, 2018-10-09 04:34:59, true, 0.0110, 0.0154, -0.1501, true
2018-10-09 04:35:06, 2018-10-09 04:35:34, false, -0.0081, 0.0116, -0.5001, true
2018-10-09 04:36:00, 2018-10-09 04:36:48, true, 0.0029, 0.0137, 0.2690, true
2018-10-09 04:37:14, 2018-10-09 04:37:59, true, 0.0048, 0.0069, 0.7667, true
2018-10-09 04:38:00, 2018-10-09 04:38:30, true, 0.0027, 0.0154, -0.6986, true
2018-10-09 04:39:25, 2018-10-09 04:39:59, true, 0.0029, 0.0105, 0.0105, true
2018-10-09 04:40:00, 2018-10-09 04:40:41, true, 0.0108, 0.0143, 0.4406, true
2018-10-09 04:41:00, 2018-10-09 04:41:55, true, 0.0291, 0.0441, 0.1105, true
2018-10-09 04:42:20, 2018-10-09 04:42:40, false, -0.0099, 0.0301, -0.1365, true
2018-10-09 04:43:26, 2018-10-09 04:43:59, false, -0.0027, 0.0011, -0.3121, true
2018-10-09 04:44:02, 2018-10-09 04:44:59, false, -0.0050, 0.0027, 0.0432, true
2018-10-09 04:45:02, 2018-10-09 04:45:59, true, 0.0024, 0.0024, -0.1857, true
2018-10-09 04:46:00, 2018-10-09 04:46:59, true, 0.0006, 0.0036, -0.0131, true
2018-10-09 04:47:05, 2018-10-09 04:47:59, true, 0.0116, 0.0152, 0.4896, true
2018-10-09 04:48:01, 2018-10-09 04:48:59, true, 0.0289, 0.0413, -0.1868, true
2018-10-09 04:49:11, 2018-10-09 04:49:36, false, -0.0008, 0.0316, -0.0140, true
2018-10-09 04:50:17, 2018-10-09 04:50:59, true, 0.0036, 0.0075, -0.3664, true
2018-10-09 04:51:02, 2018-10-09 04:51:59, false, 0.0000, 0.0047, -0.1325, true
2018-10-09 04:52:17, 2018-10-09 04:52:50, false, -0.0169, 0.0014, 0.0105, true
2018-10-09 04:53:00, 2018-10-09 04:53:59, false, -0.0062, 0.0012, 0.1271, true
2018-10-09 04:54:03, 2018-10-09 04:54:33, true, 0.0042, 0.0069, -0.1221, true
2018-10-09 04:55:00, 2018-10-09 04:55:59, false, -0.0032, 0.0047, 0.0417, true
2018-10-09 04:56:00, 2018-10-09 04:56:38, true, 0.0023, 0.0042, -0.0727, true
2018-10-09 04:57:18, 2018-10-09 04:57:59, true, 0.0026, 0.0054, 0.0113, true
2018-10-09 04:58:00, 2018-10-09 04:58:37, true, 0.0033, 0.0072, 0.0446, true
2018-10-09 04:59:00, 2018-10-09 04:59:56, true, 0.0051, 0.0175, 0.4576, true
2018-10-09 05:00:00, 2018-10-09 05:00:58, true, 0.0086, 0.0211, -0.3666, true
2018-10-09 05:01:00, 2018-10-09 05:01:59, false, -0.0020, 0.0111, 0.1012, true
2018-10-09 05:02:11, 2018-10-09 05:02:59, false, -0.0011, 0.0024, 0.0119, true
2018-10-09 05:03:00, 2018-10-09 05:03:56, true, 0.0086, 0.0107, 0.3705, true
2018-10-09 05:04:00, 2018-10-09 05:04:52, false, -0.0066, 0.0154, 0.0941, true
2018-10-09 05:05:00, 2018-10-09 05:05:59, true, 0.0014, 0.0041, -0.1030, true
2018-10-09 05:06:00, 2018-10-09 05:06:59, false, -0.0035, 0.0048, 0.2186, true
2018-10-09 05:07:19, 2018-10-09 05:07:59, true, 0.0002, 0.0033, -0.5717, true
2018-10-09 05:08:00, 2018-10-09 05:08:39, false, -0.0669, 0.0011, -0.0148, true
2018-10-09 05:09:00, 2018-10-09 05:09:59, false, -0.0139, 0.0027, 0.2292, true
2018-10-09 05:10:16, 2018-10-09 05:10:44, false, -0.0155, 0.0003, -0.2805, true
2018-10-09 05:11:00, 2018-10-09 05:11:51, false, -0.0682, 0.0008, 1.2932, true
2018-10-09 05:12:01, 2018-10-09 05:12:39, false, -0.0014, 0.0101, -1.5108, true
2018-10-09 05:13:03, 2018-10-09 05:13:49, false, -0.0032, 0.0000, 0.3570, true
2018-10-09 05:14:00, 2018-10-09 05:14:54, false, -0.0424, 0.0083, 0.0400, true
2018-10-09 05:15:00, 2018-10-09 05:15:33, false, -0.0992, 0.0039, 2.9792, true
2018-10-09 05:16:01, 2018-10-09 05:16:58, false, -0.0110, -0.0018, -2.7336, true
2018-10-09 05:17:01, 2018-10-09 05:17:59, false, -0.0047, 0.0026, 0.1923, true
2018-10-09 05:18:23, 2018-10-09 05:18:53, true, 0.0252, 0.0267, -0.1386, true
2018-10-09 05:19:17, 2018-10-09 05:19:52, false, -0.0033, 0.0285, -0.2234, true
2018-10-09 05:20:00, 2018-10-09 05:20:59, false, -0.0036, 0.0014, -0.0349, true
2018-10-09 05:21:01, 2018-10-09 05:21:59, false, -0.0036, 0.0005, 0.1019, true
2018-10-09 05:22:01, 2018-10-09 05:22:59, true, 0.0183, 0.0187, 0.0506, true
2018-10-09 05:23:00, 2018-10-09 05:23:59, true, 0.0029, 0.0290, -0.0723, true
2018-10-09 05:24:12, 2018-10-09 05:24:59, false, -0.0296, 0.0065, -0.5376, true
2018-10-09 05:25:00, 2018-10-09 05:25:58, false, -0.0175, 0.0000, 0.2573, true
2018-10-09 05:26:01, 2018-10-09 05:26:42, false, -0.0106, 0.0071, -0.2573, true
2018-10-09 05:27:00, 2018-10-09 05:27:57, false, -0.0023, 0.0008, -0.0344, true
2018-10-09 05:28:00, 2018-10-09 05:28:59, true, 0.0169, 0.0180, 0.1560, true
2018-10-09 05:29:00, 2018-10-09 05:29:59, false, -0.0358, 0.0172, -0.1176, true
2018-10-09 05:30:00, 2018-10-09 05:30:40, true, 0.0137, 0.0145, -0.0201, true
2018-10-09 05:31:00, 2018-10-09 05:31:49, true, 0.0624, 0.0790, 0.8944, true
2018-10-09 05:32:00, 2018-10-09 05:32:42, true, 0.0193, 0.0818, -0.4722, true
2018-10-09 05:33:00, 2018-10-09 05:33:58, true, 0.0294, 0.0536, 0.0302, true
2018-10-09 05:34:00, 2018-10-09 05:34:58, false, -0.0148, 0.0294, 0.2868, true
2018-10-09 05:35:02, 2018-10-09 05:35:45, false, -0.0026, 0.0086, 0.0610, true
2018-10-09 05:36:00, 2018-10-09 05:36:44, true, 0.0008, 0.0024, -0.0488, true
2018-10-09 05:37:11, 2018-10-09 05:37:57, true, 0.0005, 0.0045, -0.3609, true
2018-10-09 05:38:01, 2018-10-09 05:38:40, true, 0.0154, 0.0186, -0.0139, true
2018-10-09 05:39:17, 2018-10-09 05:39:44, false, -0.0062, 0.0154, -0.2216, true
2018-10-09 05:40:03, 2018-10-09 05:40:42, true, 0.0127, 0.0162, -0.0599, true
2018-10-09 05:41:00, 2018-10-09 05:41:59, false, -0.0066, 0.0127, 0.2919, true
2018-10-09 05:42:00, 2018-10-09 05:42:57, false, -0.0026, 0.0041, 0.5506, true
2018-10-09 05:43:00, 2018-10-09 05:43:55, false, -0.0065, 0.0154, -0.5309, true
2018-10-09 05:44:00, 2018-10-09 05:44:52, true, 0.0009, 0.0020, -0.2177, true
2018-10-09 05:45:00, 2018-10-09 05:45:59, true, 0.0002, 0.0041, -0.1591, true
2018-10-09 05:46:05, 2018-10-09 05:46:59, true, 0.0038, 0.0044, 0.0577, true
2018-10-09 05:47:00, 2018-10-09 05:47:59, true, 0.0094, 0.0157, 0.1782, true
2018-10-09 05:48:02, 2018-10-09 05:48:52, false, -0.0011, 0.0192, 0.2923, true
2018-10-09 05:49:00, 2018-10-09 05:49:43, true, 0.0075, 0.0098, -0.1714, true
2018-10-09 05:50:09, 2018-10-09 05:50:44, true, 0.0050, 0.0097, -0.0047, true
2018-10-09 05:51:00, 2018-10-09 05:51:59, true, 0.0128, 0.0178, 0.2790, true
2018-10-09 05:52:00, 2018-10-09 05:52:59, true, 0.0012, 0.0148, 0.0643, true
2018-10-09 05:53:12, 2018-10-09 05:53:59, true, 0.0113, 0.0142, 0.0160, true
2018-10-09 05:54:06, 2018-10-09 05:54:57, true, 0.0380, 0.0524, -0.1083, true
2018-10-09 05:55:00, 2018-10-09 05:55:47, true, 0.0032, 0.0422, -0.1912, true
2018-10-09 05:56:00, 2018-10-09 05:56:37, true, 0.0259, 0.0290, 0.0488, true
2018-10-09 05:57:00, 2018-10-09 05:57:44, false, -0.0065, 0.0261, 1.2853, true
2018-10-09 05:58:00, 2018-10-09 05:58:28, true, 0.0136, 0.0146, -1.3305, true
2018-10-09 05:59:00, 2018-10-09 05:59:41, false, -0.0134, 0.0139, -0.4522, true
2018-10-09 06:00:00, 2018-10-09 06:00:59, false, -0.0139, 0.0005, 0.0853, true
2018-10-09 06:01:00, 2018-10-09 06:01:59, true, 0.0068, 0.0222, 0.1218, true
2018-10-09 06:02:00, 2018-10-09 06:02:54, true, 0.0005, 0.0081, -0.1356, true
2018-10-09 06:03:00, 2018-10-09 06:03:58, false, -0.0017, 0.0044, -0.0241, true
2018-10-09 06:04:09, 2018-10-09 06:04:45, false, -0.0024, 0.0024, 0.1341, true
2018-10-09 06:05:00, 2018-10-09 06:05:59, true, 0.0030, 0.0032, 0.0308, true
2018-10-09 06:06:01, 2018-10-09 06:06:59, true, 0.0100, 0.0166, 0.3893, true
2018-10-09 06:07:00, 2018-10-09 06:07:59, false, -0.0006, 0.0118, 0.0204, true
2018-10-09 06:08:00, 2018-10-09 06:08:59, false, -0.0081, 0.0020, -0.5071, true
2018-10-09 06:09:10, 2018-10-09 06:09:59, false, -0.0139, 0.0005, 0.2301, true
2018-10-09 06:10:00, 2018-10-09 06:10:58, false, -0.0030, 0.0000, -0.2173, true
2018-10-09 06:11:13, 2018-10-09 06:11:59, false, -0.0027, 0.0035, 1.2371, true
2018-10-09 06:12:00, 2018-10-09 06:12:46, true, 0.0012, 0.0226, -0.8776, true
2018-10-09 06:13:05, 2018-10-09 06:13:59, false, -0.0074, 0.0029, 0.1949, true
2018-10-09 06:14:08, 2018-10-09 06:14:59, true, 0.0050, 0.0050, -0.2511, true
2018-10-09 06:15:00, 2018-10-09 06:15:59, false, -0.0047, 0.0101, -0.4208, true
2018-10-09 06:16:00, 2018-10-09 06:16:59, false, -0.0044, 0.0036, -0.0161, true
2018-10-09 06:17:01, 2018-10-09 06:17:58, true, 0.0005, 0.0018, 0.1080, true
2018-10-09 06:18:12, 2018-10-09 06:18:59, true, 0.0066, 0.0087, -0.0259, true
2018-10-09 06:19:03, 2018-10-09 06:19:59, true, 0.0033, 0.0115, -0.1013, true
2018-10-09 06:20:10, 2018-10-09 06:20:59, true, 0.0035, 0.0107, 0.0182, true
2018-10-09 06:21:00, 2018-10-09 06:21:58, false, -0.0199, 0.0081, 0.0540, true
2018-10-09 06:22:00, 2018-10-09 06:22:59, true, 0.0021, 0.0106, -0.0003, true
2018-10-09 06:23:12, 2018-10-09 06:23:58, false, -0.0026, 0.0009, 0.7183, true
2018-10-09 06:24:03, 2018-10-09 06:24:39, true, 0.0041, 0.0041, -0.3815, true
2018-10-09 06:25:00, 2018-10-09 06:25:56, false, -0.0039, 0.0095, -0.4085, true
2018-10-09 06:26:13, 2018-10-09 06:26:59, true, 0.0106, 0.0107, 0.2778, true
2018-10-09 06:27:00, 2018-10-09 06:27:59, true, 0.0020, 0.0143, -0.0005, true
2018-10-09 06:28:08, 2018-10-09 06:28:59, false, -0.0078, 0.0041, 0.2253, true
2018-10-09 06:29:05, 2018-10-09 06:29:58, true, 0.0116, 0.0124, -0.1244, true
2018-10-09 06:30:00, 2018-10-09 06:30:59, false, -0.0097, 0.0121, -0.3329, true
2018-10-09 06:31:00, 2018-10-09 06:31:58, true, 0.0069, 0.0142, -0.0312, true
2018-10-09 06:32:00, 2018-10-09 06:32:42, false, -0.0002, 0.0161, 0.1641, true
2018-10-09 06:33:00, 2018-10-09 06:33:59, true, 0.0056, 0.0068, 0.2562, true
2018-10-09 06:34:00, 2018-10-09 06:34:59, false, -0.0210, 0.0089, -0.3484, true
2018-10-09 06:35:01, 2018-10-09 06:35:59, true, 0.0005, 0.0068, -0.0612, true
2018-10-09 06:36:00, 2018-10-09 06:36:52, false, -0.0080, 0.0180, 0.0896, true
2018-10-09 06:37:01, 2018-10-09 06:37:59, true, 0.0011, 0.0066, -0.0652, true
2018-10-09 06:38:00, 2018-10-09 06:38:52, true, 0.0033, 0.0083, 0.0089, true
2018-10-09 06:39:20, 2018-10-09 06:39:59, true, 0.0017, 0.0053, 0.0109, true
2018-10-09 06:40:00, 2018-10-09 06:40:43, false, -0.0104, 0.0060, 0.0581, true
2018-10-09 06:41:00, 2018-10-09 06:41:48, true, 0.0112, 0.0139, 0.0100, true
2018-10-09 06:42:11, 2018-10-09 06:42:59, true, 0.0035, 0.0155, -0.0741, true
2018-10-09 06:43:15, 2018-10-09 06:43:59, true, 0.0023, 0.0068, 0.0560, true
2018-10-09 06:44:00, 2018-10-09 06:44:47, false, -0.0305, 0.0042, 0.0039, true
2018-10-09 06:45:00, 2018-10-09 06:45:59, true, 0.0229, 0.0249, 0.4563, true
2018-10-09 06:46:00, 2018-10-09 06:46:59, false, -0.0027, 0.0249, -0.5010, true
2018-10-09 06:47:00, 2018-10-09 06:47:59, true, 0.0012, 0.0059, 0.3720, true
2018-10-09 06:48:00, 2018-10-09 06:48:59, true, 0.0042, 0.0069, -0.2984, true
2018-10-09 06:49:00, 2018-10-09 06:49:59, true, 0.0068, 0.0101, -0.0338, true
2018-10-09 06:50:12, 2018-10-09 06:50:59, false, 0.0000, 0.0068, -0.0486, true
2018-10-09 06:51:00, 2018-10-09 06:51:59, true, 0.0166, 0.0199, 0.2627, true
2018-10-09 06:52:01, 2018-10-09 06:52:58, true, 0.0053, 0.0220, -0.3345, true
2018-10-09 06:53:00, 2018-10-09 06:53:59, true, 0.0323, 0.0416, 0.2923, true
2018-10-09 06:54:03, 2018-10-09 06:54:59, true, 0.0042, 0.0381, -0.1587, true
2018-10-09 06:55:01, 2018-10-09 06:55:40, true, 0.0125, 0.0219, 0.0827, true
2018-10-09 06:56:00, 2018-10-09 06:56:59, true, 0.0096, 0.0222, -0.0240, true
2018-10-09 06:57:00, 2018-10-09 06:57:50, true, 0.0021, 0.0173, 0.2072, true
2018-10-09 06:58:13, 2018-10-09 06:58:52, false, -0.0035, 0.0051, -0.3557, true
2018-10-09 06:59:00, 2018-10-09 06:59:59, true, 0.0176, 0.0217, 0.5069, true
2018-10-09 07:00:00, 2018-10-09 07:00:59, false, -0.0024, 0.0212, -0.4929, true
2018-10-09 07:01:00, 2018-10-09 07:01:59, true, 0.0111, 0.0158, 0.0982, true
2018-10-09 07:02:11, 2018-10-09 07:02:58, false, -0.0075, 0.0136, -0.0991, true
2018-10-09 07:03:00, 2018-10-09 07:03:59, false, -0.0011, 0.0008, 0.1337, true
2018-10-09 07:04:03, 2018-10-09 07:04:44, true, 0.0084, 0.0130, 0.1064, true
2018-10-09 07:05:00, 2018-10-09 07:05:55, false, -0.0026, 0.0096, -0.0226, true
2018-10-09 07:06:00, 2018-10-09 07:06:59, false, -0.0209, 0.0029, 0.3049, true
2018-10-09 07:07:00, 2018-10-09 07:07:58, true, 0.0024, 0.0047, -0.3187, true
2018-10-09 07:08:25, 2018-10-09 07:08:59, true, 0.0003, 0.0047, 0.1151, true
2018-10-09 07:09:00, 2018-10-09 07:09:50, false, -0.0054, 0.0012, 0.3439, true
2018-10-09 07:10:00, 2018-10-09 07:10:47, false, 0.0000, 0.0033, -0.6562, true
2018-10-09 07:11:03, 2018-10-09 07:11:59, true, 0.0084, 0.0417, 0.1099, true
2018-10-09 07:12:01, 2018-10-09 07:12:59, true, 0.0011, 0.0113, -0.0996, true
2018-10-09 07:13:00, 2018-10-09 07:13:58, true, 0.0014, 0.0026, 0.0980, true
2018-10-09 07:14:14, 2018-10-09 07:14:40, false, -0.0027, 0.0131, -0.0436, true
2018-10-09 07:15:00, 2018-10-09 07:15:59, false, -0.0045, 0.0003, 0.1802, true
2018-10-09 07:16:07, 2018-10-09 07:16:38, true, 0.0005, 0.0087, -0.0618, true
2018-10-09 07:17:00, 2018-10-09 07:17:46, true, 0.0038, 0.0226, 0.1952, true
2018-10-09 07:18:01, 2018-10-09 07:18:59, false, -0.0023, 0.0056, -0.2402, true
2018-10-09 07:19:06, 2018-10-09 07:19:41, false, -0.0020, 0.0065, -0.1090, true
2018-10-09 07:20:00, 2018-10-09 07:20:59, false, -0.0018, 0.0023, 0.2077, true
2018-10-09 07:21:01, 2018-10-09 07:21:56, true, 0.0107, 0.0152, -0.1840, true
2018-10-09 07:22:08, 2018-10-09 07:22:59, true, 0.0035, 0.0163, 0.0808, true
2018-10-09 07:23:00, 2018-10-09 07:23:59, false, -0.0014, 0.0060, -0.1377, true
2018-10-09 07:24:11, 2018-10-09 07:24:59, true, 0.0018, 0.0030, 0.0330, true
2018-10-09 07:25:00, 2018-10-09 07:25:57, false, -0.0276, 0.0069, -0.0175, true
2018-10-09 07:26:00, 2018-10-09 07:26:44, false, -0.0048, 0.0020, -0.0362, true
2018-10-09 07:27:00, 2018-10-09 07:27:58, true, 0.0053, 0.0053, 0.0901, true
2018-10-09 07:28:10, 2018-10-09 07:28:44, true, 0.0029, 0.0115, -0.0124, true
2018-10-09 07:29:03, 2018-10-09 07:29:58, false, -0.0089, 0.0036, -0.0081, true
2018-10-09 07:30:00, 2018-10-09 07:30:51, false, -0.0006, 0.0035, 0.0297, true
2018-10-09 07:31:10, 2018-10-09 07:31:53, true, 0.0014, 0.0048, -0.0398, true
2018-10-09 07:32:20, 2018-10-09 07:32:47, true, 0.0109, 0.0125, -0.0074, true
2018-10-09 07:33:04, 2018-10-09 07:33:58, false, -0.0133, 0.0115, 0.0371, true
2018-10-09 07:34:13, 2018-10-09 07:34:52, true, 0.0039, 0.0042, -0.0122, true
2018-10-09 07:35:00, 2018-10-09 07:35:54, true, 0.0023, 0.0066, -0.0003, true
2018-10-09 07:36:18, 2018-10-09 07:36:55, false, -0.0009, 0.0083, 0.0503, true
2018-10-09 07:37:06, 2018-10-09 07:37:59, true, 0.0119, 0.0121, -0.1090, true
2018-10-09 07:38:03, 2018-10-09 07:38:59, false, -0.0005, 0.0128, -0.0050, true
2018-10-09 07:39:02, 2018-10-09 07:39:59, false, -0.0002, 0.0032, 0.0241, true
2018-10-09 07:40:08, 2018-10-09 07:40:59, true, 0.0041, 0.0080, 0.1849, true
2018-10-09 07:41:03, 2018-10-09 07:41:48, true, 0.0015, 0.0066, 0.0984, true
2018-10-09 07:42:00, 2018-10-09 07:42:59, true, 0.0232, 0.0285, 0.3618, true
2018-10-09 07:43:00, 2018-10-09 07:43:55, false, -0.0024, 0.0240, -0.4950, true
2018-10-09 07:44:05, 2018-10-09 07:44:39, false, -0.0014, 0.0005, 0.3511, true
2018-10-09 07:45:00, 2018-10-09 07:45:49, false, -0.0209, 0.0066, -0.1682, true
2018-10-09 07:46:00, 2018-10-09 07:46:59, false, -0.0020, 0.0030, -0.2009, true
2018-10-09 07:47:00, 2018-10-09 07:47:59, true, 0.0075, 0.0093, 0.3796, true
2018-10-09 07:48:00, 2018-10-09 07:48:54, true, 0.0024, 0.0112, -0.2169, true
2018-10-09 07:49:18, 2018-10-09 07:49:59, false, -0.0014, 0.0051, 0.0879, true
2018-10-09 07:50:09, 2018-10-09 07:50:59, false, -0.0006, 0.0014, 0.5124, true
2018-10-09 07:51:00, 2018-10-09 07:51:59, false, 0.0000, 0.0146, -0.2658, true
2018-10-09 07:52:02, 2018-10-09 07:52:59, false, -0.0086, 0.0026, -0.6860, true
2018-10-09 07:53:01, 2018-10-09 07:53:51, false, -0.0035, 0.0000, 0.0826, true
2018-10-09 07:54:16, 2018-10-09 07:54:59, true, 0.0002, 0.0008, 0.3457, true
2018-10-09 07:55:00, 2018-10-09 07:55:56, false, -0.0042, 0.0021, -0.0454, true
2018-10-09 07:56:01, 2018-10-09 07:56:53, true, 0.0021, 0.0026, -0.0959, true
2018-10-09 07:57:00, 2018-10-09 07:57:58, true, 0.0041, 0.0065, 0.2069, true
2018-10-09 07:58:08, 2018-10-09 07:58:51, true, 0.0075, 0.0127, 0.0321, true
2018-10-09 07:59:18, 2018-10-09 07:59:54, false, -0.0332, 0.0106, 0.0274, true
2018-10-09 08:00:00, 2018-10-09 08:00:56, false, 0.0000, 0.0008, -0.1945, true
2018-10-09 08:01:00, 2018-10-09 08:01:49, true, 0.0060, 0.0075, 0.0844, true
2018-10-09 08:02:00, 2018-10-09 08:02:59, true, 0.0009, 0.0099, -0.0571, true
2018-10-09 08:03:09, 2018-10-09 08:03:59, true, 0.0054, 0.0133, 0.0864, true
2018-10-09 08:04:00, 2018-10-09 08:04:52, false, -0.0038, 0.0072, 0.0996, true
2018-10-09 08:05:01, 2018-10-09 08:05:55, true, 0.0003, 0.0047, -0.5588, true
2018-10-09 08:06:00, 2018-10-09 08:06:55, true, 0.0005, 0.0042, 0.0882, true
2018-10-09 08:07:08, 2018-10-09 08:07:57, true, 0.0048, 0.0137, 0.2712, true
2018-10-09 08:08:00, 2018-10-09 08:08:41, true, 0.0018, 0.0151, -0.3551, true
2018-10-09 08:09:08, 2018-10-09 08:09:59, false, -0.0039, 0.0045, -0.0321, true
2018-10-09 08:10:00, 2018-10-09 08:10:59, false, -0.0157, 0.0000, 0.3828, true
2018-10-09 08:11:00, 2018-10-09 08:11:59, false, -0.0060, 0.0053, -0.2406, true
2018-10-09 08:12:02, 2018-10-09 08:12:58, false, -0.0373, 0.0006, 0.3164, true
2018-10-09 08:13:00, 2018-10-09 08:13:44, true, 0.0267, 0.0270, 0.4777, true
2018-10-09 08:14:01, 2018-10-09 08:14:59, false, -0.0537, 0.0355, -0.1708, true
2018-10-09 08:15:04, 2018-10-09 08:15:46, false, -0.0207, 0.0035, -0.4199, true
2018-10-09 08:16:04, 2018-10-09 08:16:59, false, -0.0074, 0.0083, 0.0504, true
2018-10-09 08:17:01, 2018-10-09 08:17:58, true, 0.0069, 0.0112, 0.0990, true
2018-10-09 08:18:04, 2018-10-09 08:18:49, false, -0.0169, 0.0077, -0.0326, true
2018-10-09 08:19:15, 2018-10-09 08:19:42, false, -0.0208, 0.0027, 0.1143, true
2018-10-09 08:20:00, 2018-10-09 08:20:51, false, -0.0145, -0.0023, 0.6348, true
2018-10-09 08:21:13, 2018-10-09 08:21:59, false, -0.0018, 0.0036, -0.4896, true
2018-10-09 08:22:07, 2018-10-09 08:22:50, false, -0.0358, 0.0008, -0.2413, true
2018-10-09 08:23:00, 2018-10-09 08:23:42, false, -0.0027, 0.0047, 0.0646, true
2018-10-09 08:24:01, 2018-10-09 08:24:54, false, -0.0006, 0.0100, 0.0894, true
2018-10-09 08:25:01, 2018-10-09 08:25:50, true, 0.0291, 0.0316, -0.2087, true
2018-10-09 08:26:11, 2018-10-09 08:26:59, true, 0.0018, 0.0072, 0.3835, true
2018-10-09 08:27:00, 2018-10-09 08:27:55, true, 0.0116, 0.0151, -0.0559, true
2018-10-09 08:28:00, 2018-10-09 08:28:43, false, -0.0008, 0.0042, 0.1428, true
2018-10-09 08:29:00, 2018-10-09 08:29:59, true, 0.0041, 0.0057, -0.2852, true
2018-10-09 08:30:02, 2018-10-09 08:30:59, false, -0.0097, 0.0083, 0.1739, true
2018-10-09 08:31:00, 2018-10-09 08:31:54, false, -0.0038, 0.0032, -0.2186, true
2018-10-09 08:32:05, 2018-10-09 08:32:57, false, -0.0057, 0.0000, 0.1646, true
2018-10-09 08:33:00, 2018-10-09 08:33:48, false, -0.0042, 0.0033, -0.5117, true
2018-10-09 08:34:01, 2018-10-09 08:34:59, true, 0.0011, 0.0125, 0.6019, true
2018-10-09 08:35:00, 2018-10-09 08:35:53, false, -0.0137, 0.0027, 0.2104, true
2018-10-09 08:36:00, 2018-10-09 08:36:58, false, -0.0018, 0.0039, -0.3770, true
2018-10-09 08:37:20, 2018-10-09 08:37:59, false, -0.0071, 0.0066, 0.2518, true
2018-10-09 08:38:00, 2018-10-09 08:38:45, false, -0.0073, 0.0005, -0.3764, true
2018-10-09 08:39:00, 2018-10-09 08:39:59, true, 0.0220, 0.0264, 0.3047, true
2018-10-09 08:40:00, 2018-10-09 08:40:49, false, -0.0269, 0.0261, -0.1671, true
2018-10-09 08:41:00, 2018-10-09 08:41:53, true, 0.0406, 0.0566, 0.0196, true
2018-10-09 08:42:00, 2018-10-09 08:42:52, false, -0.0085, 0.0406, -0.4542, true
2018-10-09 08:43:00, 2018-10-09 08:43:59, true, 0.0017, 0.0053, 0.0201, true
2018-10-09 08:44:01, 2018-10-09 08:44:59, false, -0.0008, 0.0041, 0.1785, true
2018-10-09 08:45:00, 2018-10-09 08:45:59, true, 0.0024, 0.0051, -0.2830, true
2018-10-09 08:46:00, 2018-10-09 08:46:58, true, 0.0101, 0.0172, -0.1190, true
2018-10-09 08:47:14, 2018-10-09 08:47:59, false, -0.0041, 0.0106, -0.0205, true
2018-10-09 08:48:00, 2018-10-09 08:48:42, true, 0.0048, 0.0106, 0.4862, true
2018-10-09 08:49:00, 2018-10-09 08:49:57, false, -0.0051, 0.0051, -0.4557, true
2018-10-09 08:50:01, 2018-10-09 08:50:59, false, -0.0332, 0.0000, 0.1436, true
2018-10-09 08:51:01, 2018-10-09 08:51:59, true, 0.0005, 0.0044, 0.0036, true
2018-10-09 08:52:00, 2018-10-09 08:52:47, false, -0.0017, 0.0097, -0.1201, true
2018-10-09 08:53:07, 2018-10-09 08:53:48, true, 0.0334, 0.0456, -0.0429, true
2018-10-09 08:54:00, 2018-10-09 08:54:59, true, 0.0079, 0.0098, -0.0003, true
2018-10-09 08:55:00, 2018-10-09 08:55:45, false, -0.0042, 0.0107, 0.0322, true
2018-10-09 08:56:04, 2018-10-09 08:56:59, true, 0.0009, 0.0020, 0.1252, true
2018-10-09 08:57:00, 2018-10-09 08:57:59, true, 0.0071, 0.0091, -0.0480, true
2018-10-09 08:58:02, 2018-10-09 08:58:59, false, -0.0050, 0.0160, 0.0146, true
2018-10-09 08:59:20, 2018-10-09 08:59:57, false, -0.0427, 0.0166, 0.0110, true
2018-10-09 09:00:00, 2018-10-09 09:00:52, false, -0.0021, 0.0003, -0.1082, true
2018-10-09 09:01:00, 2018-10-09 09:01:56, true, 0.0038, 0.0041, 0.0430, true
2018-10-09 09:02:00, 2018-10-09 09:02:51, false, -0.0450, 0.0077, 0.5204, true
2018-10-09 09:03:00, 2018-10-09 09:03:47, true, 0.0290, 0.0375, -0.5627, true
2018-10-09 09:04:00, 2018-10-09 09:04:43, false, -0.0063, 0.0363, 1.0384, true
2018-10-09 09:05:16, 2018-10-09 09:05:59, true, 0.0175, 0.0366, -0.7285, true
2018-10-09 09:06:00, 2018-10-09 09:06:57, true, 0.0042, 0.0266, -0.0671, true
2018-10-09 09:07:00, 2018-10-09 09:07:57, true, 0.0056, 0.0098, -0.1334, true
2018-10-09 09:08:00, 2018-10-09 09:08:45, false, -0.0021, 0.0134, 0.0334, true
2018-10-09 09:09:00, 2018-10-09 09:09:52, false, -0.0101, 0.0098, 0.2580, true
2018-10-09 09:10:00, 2018-10-09 09:10:59, true, 0.0024, 0.0101, -0.3530, true
2018-10-09 09:11:01, 2018-10-09 09:11:55, true, 0.0029, 0.0032, 0.0523, true
2018-10-09 09:12:00, 2018-10-09 09:12:59, false, -0.0074, 0.0094, 0.4890, true
2018-10-09 09:13:21, 2018-10-09 09:13:49, false, -0.0024, 0.0048, -0.5822, true
2018-10-09 09:14:03, 2018-10-09 09:14:55, false, -0.0020, 0.0029, 0.1273, true
2018-10-09 09:15:00, 2018-10-09 09:15:48, false, -0.0036, 0.0000, -0.1332, true
2018-10-09 09:16:00, 2018-10-09 09:16:59, false, -0.0328, 0.0097, 0.2007, true
2018-10-09 09:17:00, 2018-10-09 09:17:41, false, -0.0094, 0.0002, -0.2208, true
2018-10-09 09:18:00, 2018-10-09 09:18:59, false, -0.0051, 0.0026, 0.1486, true
2018-10-09 09:19:00, 2018-10-09 09:19:59, false, -0.0079, 0.0002, 0.0481, true
2018-10-09 09:20:01, 2018-10-09 09:20:44, false, -0.0337, 0.0109, 0.4687, true
2018-10-09 09:21:00, 2018-10-09 09:21:59, false, -0.0230, 0.0074, -0.3123, true
2018-10-09 09:22:00, 2018-10-09 09:22:59, false, -0.0260, 0.0000, -0.0467, true
2018-10-09 09:23:09, 2018-10-09 09:23:59, false, -0.0163, 0.0126, -0.2336, true
2018-10-09 09:24:00, 2018-10-09 09:24:52, true, 0.0064, 0.0064, 0.0015, true
2018-10-09 09:25:01, 2018-10-09 09:25:59, true, 0.0027, 0.0109, 0.0696, true
2018-10-09 09:26:00, 2018-10-09 09:26:59, false, -0.0083, 0.0068, -0.0460, true
2018-10-09 09:27:00, 2018-10-09 09:27:59, true, 0.0315, 0.0359, -0.0803, true
2018-10-09 09:28:00, 2018-10-09 09:28:59, false, -0.0179, 0.0741, 0.3614, true
2018-10-09 09:29:01, 2018-10-09 09:29:46, false, -0.0340, 0.0000, 0.2635, true
2018-10-09 09:30:00, 2018-10-09 09:30:39, false, -0.0315, 0.0005, 0.3058, true
2018-10-09 09:31:00, 2018-10-09 09:31:57, true, 0.0085, 0.0319, -0.5112, true
2018-10-09 09:32:00, 2018-10-09 09:32:59, true, 0.0065, 0.0226, -0.1948, true
2018-10-09 09:33:00, 2018-10-09 09:33:38, true, 0.0002, 0.0086, -0.0209, true
2018-10-09 09:34:00, 2018-10-09 09:34:58, false, -0.0068, 0.0056, -0.1387, true
2018-10-09 09:35:00, 2018-10-09 09:35:58, true, 0.0058, 0.0076, 0.0029, true
2018-10-09 09:36:00, 2018-10-09 09:36:43, true, 0.0059, 0.0171, 0.2390, true
2018-10-09 09:37:00, 2018-10-09 09:37:59, true, 0.0123, 0.0213, 0.0999, true
2018-10-09 09:38:00, 2018-10-09 09:38:59, true, 0.0064, 0.0186, 0.4384, true
2018-10-09 09:39:00, 2018-10-09 09:39:42, true, 0.0053, 0.0126, -0.7949, true
2018-10-09 09:40:00, 2018-10-09 09:40:57, false, -0.0056, 0.0050, 0.1288, true
2018-10-09 09:41:00, 2018-10-09 09:41:59, true, 0.0244, 0.0275, 0.9480, true
2018-10-09 09:42:00, 2018-10-09 09:42:54, true, 0.0204, 0.0460, -1.0367, true
2018-10-09 09:43:01, 2018-10-09 09:43:56, true, 0.0103, 0.0307, 0.0057, true
2018-10-09 09:44:01, 2018-10-09 09:44:56, false, -0.0006, 0.0157, -0.0268, true
2018-10-09 09:45:00, 2018-10-09 09:45:50, true, 0.0017, 0.0054, 0.0175, true
2018-10-09 09:46:00, 2018-10-09 09:46:58, true, 0.0027, 0.0077, 0.3484, true
2018-10-09 09:47:00, 2018-10-09 09:47:59, true, 0.0006, 0.0048, -0.0959, true
2018-10-09 09:48:00, 2018-10-09 09:48:52, false, -0.0018, 0.0015, -0.2449, true
2018-10-09 09:49:01, 2018-10-09 09:49:59, false, -0.0290, 0.0006, -0.0705, true
2018-10-09 09:50:00, 2018-10-09 09:50:59, true, 0.0005, 0.0036, 0.0599, true
2018-10-09 09:51:00, 2018-10-09 09:51:48, false, -0.0005, 0.0005, -0.1280, true
2018-10-09 09:52:00, 2018-10-09 09:52:59, true, 0.0074, 0.0079, 0.3472, true
2018-10-09 09:53:00, 2018-10-09 09:53:59, true, 0.0116, 0.0191, 0.2598, true
2018-10-09 09:54:11, 2018-10-09 09:54:46, true, 0.0020, 0.0145, -0.3409, true
2018-10-09 09:55:00, 2018-10-09 09:55:58, true, 0.0333, 0.0360, -0.1893, true
2018-10-09 09:56:08, 2018-10-09 09:56:59, false, -0.0070, 0.0381, -0.0732, true
2018-10-09 09:57:07, 2018-10-09 09:57:56, true, 0.0050, 0.0240, 0.9975, true
2018-10-09 09:58:12, 2018-10-09 09:58:59, false, -0.0041, 0.0050, -0.7752, true
2018-10-09 09:59:00, 2018-10-09 09:59:56, false, -0.0116, 0.0057, 0.0513, true
2018-10-09 10:00:00, 2018-10-09 10:00:59, false, -0.0097, 0.0020, 0.0458, true
2018-10-09 10:01:00, 2018-10-09 10:01:59, false, -0.0374, 0.0017, 0.1722, true
2018-10-09 10:02:00, 2018-10-09 10:02:59, true, 0.0018, 0.0127, -0.4787, true
2018-10-09 10:03:00, 2018-10-09 10:03:55, false, -0.0029, 0.0086, 0.4395, true
2018-10-09 10:04:00, 2018-10-09 10:04:42, false, -0.0097, 0.0079, -0.3855, true
2018-10-09 10:05:00, 2018-10-09 10:05:55, false, -0.0624, 0.0006, 0.1092, true
2018-10-09 10:06:00, 2018-10-09 10:06:59, false, -0.0123, 0.0002, 0.3390, true
2018-10-09 10:07:00, 2018-10-09 10:07:58, true, 0.0395, 0.0498, -0.2873, true
2018-10-09 10:08:01, 2018-10-09 10:08:59, false, -0.0036, 0.0466, 0.2902, true
2018-10-09 10:09:00, 2018-10-09 10:09:43, false, -0.0345, 0.0006, 0.5742, true
2018-10-09 10:10:00, 2018-10-09 10:10:59, false, -0.0111, 0.0039, -0.3562, true
2018-10-09 10:11:00, 2018-10-09 10:11:44, false, -0.0185, 0.0148, 0.0573, true
2018-10-09 10:12:04, 2018-10-09 10:12:59, false, -0.0159, -0.0014, 0.3495, true
2018-10-09 10:13:00, 2018-10-09 10:13:59, true, 0.0098, 0.0179, -0.6335, true
2018-10-09 10:14:00, 2018-10-09 10:14:59, false, -0.0189, 0.0127, 0.0612, true
2018-10-09 10:15:00, 2018-10-09 10:15:58, false, -0.0002, 0.0070, -0.3454, true
2018-10-09 10:16:00, 2018-10-09 10:16:40, true, 0.0079, 0.0503, -0.0803, true
2018-10-09 10:17:00, 2018-10-09 10:17:59, true, 0.0041, 0.0165, -0.0547, true
2018-10-09 10:18:00, 2018-10-09 10:18:49, true, 0.0020, 0.0020, 0.1195, true
2018-10-09 10:19:01, 2018-10-09 10:19:59, false, -0.0356, 0.0033, 0.0533, true
2018-10-09 10:20:00, 2018-10-09 10:20:59, false, -0.0062, 0.0012, 0.2028, true
2018-10-09 10:21:00, 2018-10-09 10:21:45, false, -0.0006, 0.0003, 0.1937, true
2018-10-09 10:22:13, 2018-10-09 10:22:56, false, -0.0041, 0.0012, -0.4716, true
2018-10-09 10:23:00, 2018-10-09 10:23:42, true, 0.0195, 0.0280, 1.4340, true
2018-10-09 10:24:00, 2018-10-09 10:24:57, false, -0.0132, 0.0396, -0.5519, true
2018-10-09 10:25:00, 2018-10-09 10:25:45, true, 0.0936, 0.0962, -0.8044, true
2018-10-09 10:26:00, 2018-10-09 10:26:59, true, 0.0058, 0.1002, -0.2173, true
2018-10-09 10:27:03, 2018-10-09 10:27:54, true, 0.0012, 0.0085, 0.2961, true
2018-10-09 10:28:14, 2018-10-09 10:28:59, false, -0.0059, 0.0036, 0.4556, true
2018-10-09 10:29:01, 2018-10-09 10:29:59, false, -0.0011, 0.0044, -0.2992, true
2018-10-09 10:30:00, 2018-10-09 10:30:58, false, -0.0050, 0.0042, 0.2359, true
2018-10-09 10:31:01, 2018-10-09 10:31:59, true, 0.0430, 0.0439, 0.8789, true
2018-10-09 10:32:00, 2018-10-09 10:32:58, false, -0.0221, 0.0433, -0.4773, true
2018-10-09 10:33:00, 2018-10-09 10:33:54, false, -0.0062, 0.0030, -0.5503, true
2018-10-09 10:34:02, 2018-10-09 10:34:59, true, 0.0051, 0.0150, -0.3020, true
2018-10-09 10:35:00, 2018-10-09 10:35:59, false, -0.0344, 0.0082, 0.2430, true
2018-10-09 10:36:00, 2018-10-09 10:36:59, true, 0.0055, 0.0070, -0.4487, true
2018-10-09 10:37:00, 2018-10-09 10:37:59, false, -0.0071, 0.0094, -0.0578, true
2018-10-09 10:38:00, 2018-10-09 10:38:58, true, 0.0086, 0.0086, 0.0721, true
2018-10-09 10:39:00, 2018-10-09 10:39:59, false, -0.0002, 0.0103, 0.1399, true
2018-10-09 10:40:00, 2018-10-09 10:40:59, true, 0.0121, 0.0294, 0.2701, true
2018-10-09 10:41:00, 2018-10-09 10:41:59, true, 0.0024, 0.0191, -0.3131, true
2018-10-09 10:42:00, 2018-10-09 10:42:59, false, -0.0091, 0.0038, 0.1363, true
2018-10-09 10:43:00, 2018-10-09 10:43:59, false, -0.0106, 0.0079, 0.2532, true
2018-10-09 10:44:00, 2018-10-09 10:44:58, false, -0.0009, 0.0033, 0.1434, true
2018-10-09 10:45:00, 2018-10-09 10:45:59, false, -0.0086, 0.0039, -0.5049, true
2018-10-09 10:46:01, 2018-10-09 10:46:58, false, -0.0074, -0.0038, -0.1180, true
2018-10-09 10:47:00, 2018-10-09 10:47:45, false, -0.0003, 0.0006, -0.0168, true
2018-10-09 10:48:07, 2018-10-09 10:48:59, false, 0.0000, 0.0011, 0.0807, true
2018-10-09 10:49:08, 2018-10-09 10:49:59, false, -0.0005, 0.0065, -0.0406, true
2018-10-09 10:50:01, 2018-10-09 10:50:44, true, 0.0003, 0.0012, 1.0251, true
2018-10-09 10:51:09, 2018-10-09 10:51:45, false, -0.0133, 0.0047, 0.9575, true
2018-10-09 10:52:00, 2018-10-09 10:52:59, false, -0.0071, 0.0003, -1.8065, true
2018-10-09 10:53:00, 2018-10-09 10:53:51, true, 0.0012, 0.0074, -0.2304, true
2018-10-09 10:54:00, 2018-10-09 10:54:37, false, -0.0006, 0.0094, 0.2377, true
2018-10-09 10:55:00, 2018-10-09 10:55:55, false, -0.0053, 0.0024, -0.2603, true
2018-10-09 10:56:00, 2018-10-09 10:56:58, false, -0.0102, 0.0027, 0.0671, true
2018-10-09 10:57:01, 2018-10-09 10:57:59, false, -0.1195, 0.0030, 4.9101, true
2018-10-09 10:58:00, 2018-10-09 10:58:37, false, -0.0420, 0.0005, -2.8595, true
2018-10-09 10:59:00, 2018-10-09 10:59:59, true, 0.0096, 0.0200, -1.2931, true
2018-10-09 11:00:00, 2018-10-09 11:00:59, true, 0.0096, 0.0269, 1.3478, true
2018-10-09 11:01:00, 2018-10-09 11:01:59, true, 0.0428, 0.0561, 0.0391, true
2018-10-09 11:02:15, 2018-10-09 11:02:59, true, 0.0021, 0.0482, -1.5959, true
2018-10-09 11:03:00, 2018-10-09 11:03:56, true, 0.0036, 0.0135, 0.1779, true
2018-10-09 11:04:00, 2018-10-09 11:04:59, true, 0.0044, 0.0088, -0.2501, true
2018-10-09 11:05:02, 2018-10-09 11:05:59, false, -0.0052, 0.0118, -0.3133, true
2018-10-09 11:06:00, 2018-10-09 11:06:59, true, 0.0055, 0.0056, 0.0655, true
2018-10-09 11:07:00, 2018-10-09 11:07:48, false, -0.0024, 0.0123, -0.2560, true
2018-10-09 11:08:00, 2018-10-09 11:08:59, true, 0.0011, 0.0052, 0.5781, true
2018-10-09 11:09:11, 2018-10-09 11:09:59, false, -0.0141, 0.0038, -0.5847, true
2018-10-09 11:10:00, 2018-10-09 11:10:45, false, -0.0027, 0.0000, 0.2736, true
2018-10-09 11:11:00, 2018-10-09 11:11:51, true, 0.0064, 0.0171, 0.8191, true
2018-10-09 11:12:00, 2018-10-09 11:12:45, true, 0.0250, 0.0318, -0.8637, true
2018-10-09 11:13:00, 2018-10-09 11:13:57, false, -0.0020, 0.0211, -0.1741, true
2018-10-09 11:14:00, 2018-10-09 11:14:58, true, 0.0153, 0.0290, 0.3507, true
2018-10-09 11:15:00, 2018-10-09 11:15:59, true, 0.0514, 0.0673, 0.7917, true
2018-10-09 11:16:00, 2018-10-09 11:16:46, true, 0.0142, 0.0656, -1.1625, true
2018-10-09 11:17:00, 2018-10-09 11:17:59, true, 0.0048, 0.0206, -0.0059, true
2018-10-09 11:18:00, 2018-10-09 11:18:59, false, -0.0065, 0.0138, -0.0239, true
2018-10-09 11:19:15, 2018-10-09 11:19:59, true, 0.0105, 0.0136, -0.0044, true
2018-10-09 11:20:00, 2018-10-09 11:20:58, true, 0.0048, 0.0153, 0.5143, true
2018-10-09 11:21:01, 2018-10-09 11:21:59, true, 0.0268, 0.0382, 0.5784, true
2018-10-09 11:22:14, 2018-10-09 11:22:59, true, 0.0369, 0.0665, -0.5035, true
2018-10-09 11:23:12, 2018-10-09 11:23:46, true, 0.0136, 0.0616, -0.5732, true
2018-10-09 11:24:00, 2018-10-09 11:24:59, true, 0.0085, 0.0333, 0.0029, true
2018-10-09 11:25:00, 2018-10-09 11:25:50, true, 0.0117, 0.0203, -0.0502, true
2018-10-09 11:26:05, 2018-10-09 11:26:48, false, -0.0017, 0.0150, 0.1451, true
2018-10-09 11:27:00, 2018-10-09 11:27:55, false, -0.0024, 0.0159, 0.3717, true
2018-10-09 11:28:00, 2018-10-09 11:28:59, false, -0.0494, 0.0009, 0.2726, true
2018-10-09 11:29:02, 2018-10-09 11:29:47, false, -0.0277, 0.0011, -0.3811, true
2018-10-09 11:30:00, 2018-10-09 11:30:57, true, 0.0026, 0.0077, -0.3111, true
2018-10-09 11:31:07, 2018-10-09 11:31:50, false, -0.0030, 0.0651, 1.2511, true
2018-10-09 11:32:00, 2018-10-09 11:32:40, true, 0.0083, 0.0142, -1.1281, true
2018-10-09 11:33:00, 2018-10-09 11:33:50, false, -0.0136, 0.0067, 0.1013, true
2018-10-09 11:34:01, 2018-10-09 11:34:59, false, -0.0009, 0.0101, -0.1724, true
2018-10-09 11:35:14, 2018-10-09 11:35:57, true, 0.0108, 0.0114, -0.0033, true
2018-10-09 11:36:00, 2018-10-09 11:36:59, false, -0.0065, 0.0101, -0.0203, true
2018-10-09 11:37:12, 2018-10-09 11:37:59, true, 0.0015, 0.0030, 0.0204, true
2018-10-09 11:38:00, 2018-10-09 11:38:47, true, 0.0289, 0.0404, 0.0777, true
2018-10-09 11:39:00, 2018-10-09 11:39:44, true, 0.0017, 0.0324, -0.0930, true
2018-10-09 11:40:00, 2018-10-09 11:40:59, true, 0.0316, 0.0335, 0.0501, true
2018-10-09 11:41:00, 2018-10-09 11:41:50, false, -0.0033, 0.0330, -0.0655, true
2018-10-09 11:42:00, 2018-10-09 11:42:44, false, -0.0070, 0.0077, 0.1402, true
2018-10-09 11:43:00, 2018-10-09 11:43:45, false, -0.0156, 0.0088, 0.0966, true
2018-10-09 11:44:00, 2018-10-09 11:44:55, false, -0.0035, 0.0073, -0.0918, true
2018-10-09 11:45:07, 2018-10-09 11:45:59, false, -0.0018, 0.0015, -0.0893, true
2018-10-09 11:46:00, 2018-10-09 11:46:59, false, -0.0106, 0.0024, 0.6958, true
2018-10-09 11:47:08, 2018-10-09 11:47:59, false, 0.0000, 0.0030, -0.7349, true
2018-10-09 11:48:00, 2018-10-09 11:48:44, false, -0.0214, 0.0071, 0.1918, true
2018-10-09 11:49:17, 2018-10-09 11:49:59, false, -0.0026, 0.0108, -0.1286, true
2018-10-09 11:50:02, 2018-10-09 11:50:53, false, 0.0000, 0.0082, -0.1887, true
2018-10-09 11:51:00, 2018-10-09 11:51:58, false, -0.0021, 0.0011, -0.0006, true
2018-10-09 11:52:02, 2018-10-09 11:52:59, true, 0.0229, 0.0291, 0.2791, true
2018-10-09 11:53:13, 2018-10-09 11:53:57, true, 0.0098, 0.0435, -0.1537, true
2018-10-09 11:54:12, 2018-10-09 11:54:58, false, -0.0002, 0.0132, -0.1219, true
2018-10-09 11:55:00, 2018-10-09 11:55:59, false, -0.0068, 0.0029, 0.3100, true
2018-10-09 11:56:00, 2018-10-09 11:56:48, true, 0.0015, 0.0036, -0.3059, true
2018-10-09 11:57:00, 2018-10-09 11:57:42, true, 0.0309, 0.0516, 0.7309, true
2018-10-09 11:58:15, 2018-10-09 11:58:59, true, 0.0027, 0.0403, -0.2358, true
2018-10-09 11:59:00, 2018-10-09 11:59:59, true, 0.0210, 0.0324, -0.0356, true
2018-10-09 12:00:01, 2018-10-09 12:00:54, true, 0.0008, 0.0342, -0.4347, true
2018-10-09 12:01:00, 2018-10-09 12:01:56, false, -0.0062, 0.0076, 0.1656, true
2018-10-09 12:02:04, 2018-10-09 12:02:45, true, 0.0023, 0.0135, -0.0837, true
2018-10-09 12:03:00, 2018-10-09 12:03:59, true, 0.0082, 0.0139, 0.0702, true
2018-10-09 12:04:08, 2018-10-09 12:04:59, true, 0.0120, 0.0229, 0.0900, true
2018-10-09 12:05:00, 2018-10-09 12:05:48, false, -0.0054, 0.0153, -0.2294, true
2018-10-09 12:06:00, 2018-10-09 12:06:59, true, 0.0219, 0.0232, 0.0283, true
2018-10-09 12:07:02, 2018-10-09 12:07:59, true, 0.0051, 0.0280, 0.1513, true
2018-10-09 12:08:00, 2018-10-09 12:08:59, true, 0.0035, 0.0154, -0.1402, true
2018-10-09 12:09:04, 2018-10-09 12:09:57, false, -0.0124, 0.0091, 0.1374, true
2018-10-09 12:10:00, 2018-10-09 12:10:51, false, 0.0000, 0.0012, -0.1387, true
2018-10-09 12:11:00, 2018-10-09 12:11:56, true, 0.0035, 0.0083, -0.0958, true
2018-10-09 12:12:02, 2018-10-09 12:12:59, false, -0.0035, 0.0057, 0.0501, true
2018-10-09 12:13:00, 2018-10-09 12:13:50, false, -0.0056, 0.0027, 0.0000, true
2018-10-09 12:14:05, 2018-10-09 12:14:59, true, 0.0030, 0.0035, -0.0501, true
2018-10-09 12:15:00, 2018-10-09 12:15:43, true, 0.0053, 0.0083, 0.0142, true
2018-10-09 12:16:00, 2018-10-09 12:16:59, true, 0.0005, 0.0065, 0.0073, true
2018-10-09 12:17:00, 2018-10-09 12:17:59, true, 0.0113, 0.0216, -0.0297, true
2018-10-09 12:18:00, 2018-10-09 12:18:59, false, -0.0103, 0.0080, 0.3274, true
2018-10-09 12:19:00, 2018-10-09 12:19:58, true, 0.0109, 0.0130, -0.2979, true
2018-10-09 12:20:12, 2018-10-09 12:20:46, true, 0.0110, 0.0290, 0.5810, true
2018-10-09 12:21:01, 2018-10-09 12:21:59, false, -0.0048, 0.0147, -0.3658, true
2018-10-09 12:22:00, 2018-10-09 12:22:58, true, 0.0101, 0.0110, 0.0982, true
2018-10-09 12:23:00, 2018-10-09 12:23:49, true, 0.0012, 0.0126, -0.0856, true
2018-10-09 12:24:11, 2018-10-09 12:24:48, false, -0.0107, 0.0123, 0.1588, true
2018-10-09 12:25:00, 2018-10-09 12:25:51, true, 0.0071, 0.0089, -0.1918, true
2018-10-09 12:26:12, 2018-10-09 12:26:59, true, 0.0020, 0.0135, -0.1479, true
2018-10-09 12:27:06, 2018-10-09 12:27:59, true, 0.0042, 0.0062, 0.0752, true
2018-10-09 12:28:16, 2018-10-09 12:28:53, false, -0.0009, 0.0054, 0.3479, true
2018-10-09 12:29:00, 2018-10-09 12:29:59, true, 0.0097, 0.0151, -0.4224, true
2018-10-09 12:30:00, 2018-10-09 12:30:53, false, -0.0092, 0.0110, -0.0688, true
2018-10-09 12:31:16, 2018-10-09 12:31:50, true, 0.0129, 0.0151, 0.0992, true
2018-10-09 12:32:00, 2018-10-09 12:32:59, true, 0.0080, 0.0222, 0.5051, true
2018-10-09 12:33:06, 2018-10-09 12:33:38, false, -0.0086, 0.0123, -0.5030, true
2018-10-09 12:34:00, 2018-10-09 12:34:59, false, -0.0026, 0.0048, 0.5006, true
2018-10-09 12:35:00, 2018-10-09 12:35:59, true, 0.0045, 0.0077, -0.5074, true
2018-10-09 12:36:00, 2018-10-09 12:36:59, true, 0.0017, 0.0083, 0.4478, true
2018-10-09 12:37:04, 2018-10-09 12:37:59, true, 0.0057, 0.0089, -0.3092, true
2018-10-09 12:38:00, 2018-10-09 12:38:59, false, -0.0150, 0.0119, -0.0181, true
2018-10-09 12:39:00, 2018-10-09 12:39:59, true, 0.0045, 0.0053, -0.1384, true
2018-10-09 12:40:00, 2018-10-09 12:40:59, false, -0.0094, 0.0053, 0.0000, true
2018-10-09 12:41:00, 2018-10-09 12:41:45, false, -0.0038, 0.0009, 0.0712, true
2018-10-09 12:42:06, 2018-10-09 12:42:46, false, -0.0012, 0.0047, -0.0368, true
2018-10-09 12:43:00, 2018-10-09 12:43:59, true, 0.0100, 0.0148, 0.5413, true
2018-10-09 12:44:00, 2018-10-09 12:44:59, true, 0.0171, 0.0331, -0.5807, true
2018-10-09 12:45:09, 2018-10-09 12:45:58, false, -0.0039, 0.0189, -0.0774, true
2018-10-09 12:46:00, 2018-10-09 12:46:44, true, 0.0024, 0.0047, 0.0537, true
2018-10-09 12:47:00, 2018-10-09 12:47:59, false, -0.0027, 0.0026, 0.0824, true
2018-10-09 12:48:02, 2018-10-09 12:48:44, false, -0.0201, 0.0002, 0.0395, true
2018-10-09 12:49:02, 2018-10-09 12:49:59, true, 0.0029, 0.0178, -0.0980, true
2018-10-09 12:50:00, 2018-10-09 12:50:46, false, -0.0020, 0.0024, -0.0957, true
2018-10-09 12:51:00, 2018-10-09 12:51:49, true, 0.0092, 0.0103, -0.0364, true
2018-10-09 12:52:00, 2018-10-09 12:52:59, false, -0.0008, 0.0092, 0.0150, true
2018-10-09 12:53:00, 2018-10-09 12:53:52, false, -0.0027, 0.0024, 0.1177, true
2018-10-09 12:54:00, 2018-10-09 12:54:59, true, 0.0089, 0.0139, 0.5104, true
2018-10-09 12:55:01, 2018-10-09 12:55:52, true, 0.0053, 0.0198, -0.2379, true
2018-10-09 12:56:00, 2018-10-09 12:56:59, true, 0.0076, 0.0272, 0.2050, true
2018-10-09 12:57:00, 2018-10-09 12:57:59, true, 0.0009, 0.0094, -0.3847, true
2018-10-09 12:58:05, 2018-10-09 12:58:59, false, -0.0048, 0.0017, 1.0316, true
2018-10-09 12:59:00, 2018-10-09 12:59:49, true, 0.0079, 0.0250, -1.0263, true
2018-10-09 13:00:00, 2018-10-09 13:00:59, true, 0.0018, 0.0141, -0.0753, true
2018-10-09 13:01:00, 2018-10-09 13:01:50, false, -0.0064, 0.0030, 0.0741, true
2018-10-09 13:02:00, 2018-10-09 13:02:59, true, 0.0011, 0.0029, -0.1178, true
2018-10-09 13:03:00, 2018-10-09 13:03:59, true, 0.0012, 0.0085, 0.6846, true
2018-10-09 13:04:00, 2018-10-09 13:04:46, false, -0.0103, 0.0000, 0.0569, true
2018-10-09 13:05:00, 2018-10-09 13:05:42, false, -0.0100, 0.0129, 0.5385, true
2018-10-09 13:06:06, 2018-10-09 13:06:59, true, 0.0067, 0.0141, -1.1818, true
2018-10-09 13:07:12, 2018-10-09 13:07:59, false, -0.0029, 0.0077, -0.1540, true
2018-10-09 13:08:00, 2018-10-09 13:08:59, false, -0.0634, 0.0023, 0.6564, true
2018-10-09 13:09:00, 2018-10-09 13:09:59, false, -0.0145, 0.0006, -0.0560, true
2018-10-09 13:10:00, 2018-10-09 13:10:58, false, -0.0365, 0.0176, -0.2622, true
2018-10-09 13:11:00, 2018-10-09 13:11:59, true, 0.0277, 0.0312, -0.2632, true
2018-10-09 13:12:01, 2018-10-09 13:12:59, false, -0.0135, 0.0365, 0.0068, true
2018-10-09 13:13:11, 2018-10-09 13:13:52, false, -0.0194, 0.0089, 0.4656, true
2018-10-09 13:14:00, 2018-10-09 13:14:54, true, 0.0038, 0.0235, -0.2382, true
2018-10-09 13:15:00, 2018-10-09 13:15:59, true, 0.0058, 0.0117, -0.0238, true
2018-10-09 13:16:05, 2018-10-09 13:16:59, false, -0.0048, 0.0079, -0.1185, true
2018-10-09 13:17:00, 2018-10-09 13:17:51, false, -0.0018, 0.0045, -0.1514, true
2018-10-09 13:18:00, 2018-10-09 13:18:58, true, 0.0359, 0.0386, 1.1625, true
2018-10-09 13:19:17, 2018-10-09 13:19:59, true, 0.0144, 0.0519, -1.0428, true
2018-10-09 13:20:05, 2018-10-09 13:20:59, true, 0.0003, 0.0315, -0.0781, true
2018-10-09 13:21:13, 2018-10-09 13:21:59, true, 0.0117, 0.0188, 0.1316, true
2018-10-09 13:22:00, 2018-10-09 13:22:59, true, 0.0050, 0.0171, -0.0937, true
2018-10-09 13:23:00, 2018-10-09 13:23:59, false, -0.0062, 0.0098, -0.0235, true
2018-10-09 13:24:00, 2018-10-09 13:24:54, false, -0.0014, 0.0017, 0.0690, true
2018-10-09 13:25:00, 2018-10-09 13:25:49, true, 0.0112, 0.0120, 0.0477, true
2018-10-09 13:26:00, 2018-10-09 13:26:59, true, 0.0042, 0.0162, -0.1023, true
2018-10-09 13:27:06, 2018-10-09 13:27:59, true, 0.0021, 0.0070, 0.0191, true
2018-10-09 13:28:18, 2018-10-09 13:28:58, false, 0.0000, 0.0045, -0.0584, true
2018-10-09 13:29:00, 2018-10-09 13:29:58, true, 0.0011, 0.0018, 0.1091, true
2018-10-09 13:30:00, 2018-10-09 13:30:45, false, -0.0294, 0.0065, 0.1025, true
2018-10-09 13:31:01, 2018-10-09 13:31:59, false, -0.0042, 0.0003, -0.0454, true
2018-10-09 13:32:00, 2018-10-09 13:32:44, false, -0.0310, 0.0006, 0.8356, true
2018-10-09 13:33:00, 2018-10-09 13:33:58, true, 0.0024, 0.0132, -0.3579, true
2018-10-09 13:34:03, 2018-10-09 13:34:48, false, -0.0086, 0.0092, -0.4819, true
2018-10-09 13:35:11, 2018-10-09 13:35:44, true, 0.0227, 0.0400, 1.1040, true
2018-10-09 13:36:00, 2018-10-09 13:36:59, true, 0.0185, 0.0418, -1.0051, true
2018-10-09 13:37:00, 2018-10-09 13:37:59, true, 0.0129, 0.0357, 0.4951, true
2018-10-09 13:38:02, 2018-10-09 13:38:52, false, -0.0035, 0.0218, -0.4824, true
2018-10-09 13:39:13, 2018-10-09 13:39:50, false, -0.0042, 0.0080, 0.1592, true
2018-10-09 13:40:08, 2018-10-09 13:40:57, false, -0.0219, 0.0002, 0.5128, true
2018-10-09 13:41:00, 2018-10-09 13:41:59, true, 0.0064, 0.0114, -0.8813, true
2018-10-09 13:42:00, 2018-10-09 13:42:42, false, -0.0002, 0.0130, -0.0565, true
2018-10-09 13:43:09, 2018-10-09 13:43:59, false, -0.0017, 0.0012, 0.0655, true
2018-10-09 13:44:00, 2018-10-09 13:44:59, false, -0.0020, 0.0024, -0.1479, true
2018-10-09 13:45:01, 2018-10-09 13:45:46, true, 0.0523, 0.0540, 0.2115, true
2018-10-09 13:46:00, 2018-10-09 13:46:58, true, 0.0094, 0.0635, -0.1576, true
2018-10-09 13:47:08, 2018-10-09 13:47:48, false, -0.0106, 0.0104, 0.0911, true
2018-10-09 13:48:06, 2018-10-09 13:48:59, false, -0.0020, 0.0024, 0.0116, true
2018-10-09 13:49:07, 2018-10-09 13:49:49, true, 0.0085, 0.0088, 0.4688, true
2018-10-09 13:50:00, 2018-10-09 13:50:59, false, -0.0020, 0.0470, -0.2410, true
2018-10-09 13:51:12, 2018-10-09 13:51:58, true, 0.0017, 0.0076, -0.3160, true
2018-10-09 13:52:14, 2018-10-09 13:52:59, false, -0.0006, 0.0032, 0.0092, true
2018-10-09 13:53:00, 2018-10-09 13:53:52, true, 0.0039, 0.0073, 0.3443, true
