t0,t1,close_price_up,close_price_variation,prive_variation,volumeFrom,pos
2018-10-01 08:08:19, 2018-10-01 08:08:59, false, -0.0421, 0.0068, -0.8741, true
2018-10-01 08:09:00, 2018-10-01 08:09:59, false, -0.0385, 0.0000, 0.5766, true
2018-10-01 08:10:00, 2018-10-01 08:10:59, false, -0.0367, 0.0175, -1.6413, true
2018-10-01 08:11:00, 2018-10-01 08:11:58, true, 0.0266, 0.0266, -0.0697, true
2018-10-01 08:12:00, 2018-10-01 08:12:59, true, 0.0541, 0.1042, -0.0409, true
2018-10-01 08:13:00, 2018-10-01 08:13:59, true, 0.0578, 0.1213, -0.0670, true
2018-10-01 08:14:01, 2018-10-01 08:14:59, false, -0.0202, 0.0643, -0.1430, true
2018-10-01 08:15:00, 2018-10-01 08:15:59, true, 0.0637, 0.0705, 0.1246, true
2018-10-01 08:16:00, 2018-10-01 08:16:58, true, 0.0873, 0.1489, 0.6783, true
2018-10-01 08:17:00, 2018-10-01 08:17:59, true, 0.0760, 0.1633, -0.4941, true
2018-10-01 08:18:00, 2018-10-01 08:18:59, true, 0.0127, 0.0927, -0.2666, true
2018-10-01 08:19:00, 2018-10-01 08:19:58, true, 0.0221, 0.0628, 0.1486, true
2018-10-01 08:20:00, 2018-10-01 08:20:59, false, -0.0287, 0.0241, 0.0170, true
2018-10-01 08:21:00, 2018-10-01 08:21:59, false, -0.0349, 0.0021, -0.1547, true
2018-10-01 08:22:00, 2018-10-01 08:22:59, true, 0.0317, 0.0367, -0.1169, true
2018-10-01 08:23:00, 2018-10-01 08:23:59, true, 0.0364, 0.0699, 0.0525, true
2018-10-01 08:24:00, 2018-10-01 08:24:59, false, -0.0136, 0.0337, 0.0005, true
2018-10-01 08:25:00, 2018-10-01 08:25:59, true, 0.0003, 0.0003, -0.1008, true
2018-10-01 08:26:00, 2018-10-01 08:26:59, false, -0.0002, 0.0143, -0.0265, true
2018-10-01 08:27:00, 2018-10-01 08:27:59, false, -0.0059, 0.0173, 0.0505, true
2018-10-01 08:28:00, 2018-10-01 08:28:59, false, -0.0873, 0.0050, 0.4026, true
2018-10-01 08:29:02, 2018-10-01 08:29:59, false, -0.0648, -0.0035, -0.2366, true
2018-10-01 08:30:00, 2018-10-01 08:30:59, true, 0.0049, 0.0070, -0.1226, true
2018-10-01 08:31:00, 2018-10-01 08:31:59, true, 0.0035, 0.0111, 0.1601, true
2018-10-01 08:32:00, 2018-10-01 08:32:59, true, 0.0170, 0.0442, 0.1213, true
2018-10-01 08:33:00, 2018-10-01 08:33:58, true, 0.0627, 0.0829, -0.1350, true
2018-10-01 08:34:00, 2018-10-01 08:34:59, true, 0.0696, 0.1338, 0.6365, true
2018-10-01 08:35:00, 2018-10-01 08:35:59, true, 0.0297, 0.0993, -0.3765, true
2018-10-01 08:36:00, 2018-10-01 08:36:58, true, 0.0221, 0.0503, 0.0124, true
2018-10-01 08:37:00, 2018-10-01 08:37:59, false, -0.0059, 0.0447, 0.0694, true
2018-10-01 08:38:02, 2018-10-01 08:38:59, false, -0.0062, 0.0005, -0.3400, true
2018-10-01 08:39:00, 2018-10-01 08:39:59, true, 0.0109, 0.0141, 0.1609, true
2018-10-01 08:40:00, 2018-10-01 08:40:59, true, 0.0209, 0.0327, 0.0929, true
2018-10-01 08:41:00, 2018-10-01 08:41:59, true, 0.0192, 0.0406, 0.0439, true
2018-10-01 08:42:00, 2018-10-01 08:42:59, false, -0.0221, 0.0253, -0.3387, true
2018-10-01 08:43:00, 2018-10-01 08:43:59, false, -0.0018, 0.0029, 0.6173, true
2018-10-01 08:44:00, 2018-10-01 08:44:59, false, -0.0121, 0.0023, -0.5498, true
2018-10-01 08:45:00, 2018-10-01 08:45:59, false, -0.0288, 0.0056, 0.0561, true
2018-10-01 08:46:00, 2018-10-01 08:46:59, false, -0.0370, 0.0006, 0.6457, true
2018-10-01 08:47:00, 2018-10-01 08:47:59, true, 0.0056, 0.0328, -0.4943, true
2018-10-01 08:48:00, 2018-10-01 08:48:58, true, 0.0170, 0.0190, 0.1204, true
2018-10-01 08:49:00, 2018-10-01 08:49:59, false, -0.0516, 0.0170, -0.3131, true
2018-10-01 08:50:00, 2018-10-01 08:50:59, false, -0.0168, 0.0082, -0.0162, true
2018-10-01 08:51:00, 2018-10-01 08:51:59, true, 0.0093, 0.0261, 0.0543, true
2018-10-01 08:52:00, 2018-10-01 08:52:59, true, 0.0337, 0.0481, -0.2205, true
2018-10-01 08:53:01, 2018-10-01 08:53:59, false, -0.0282, 0.0337, 0.0033, true
2018-10-01 08:54:00, 2018-10-01 08:54:59, false, -0.0096, 0.0079, -0.0843, true
2018-10-01 08:55:00, 2018-10-01 08:55:59, false, -0.0164, 0.0077, 0.1728, true
2018-10-01 08:56:00, 2018-10-01 08:56:59, false, -0.0055, 0.0003, -0.1363, true
2018-10-01 08:57:00, 2018-10-01 08:57:59, false, -0.0049, 0.0002, 0.1264, true
2018-10-01 08:58:00, 2018-10-01 08:58:59, false, -0.0074, 0.0049, 0.0521, true
2018-10-01 08:59:01, 2018-10-01 08:59:59, true, 0.0291, 0.0493, -0.0017, true
2018-10-01 09:00:00, 2018-10-01 09:00:59, false, -0.0135, 0.0329, -0.0540, true
2018-10-01 09:01:00, 2018-10-01 09:01:59, false, -0.0027, 0.0015, 0.1379, true
2018-10-01 09:02:00, 2018-10-01 09:02:59, false, -0.0225, 0.0232, -0.0565, true
2018-10-01 09:03:00, 2018-10-01 09:03:59, false, -0.0936, 0.0030, 0.3205, true
2018-10-01 09:04:01, 2018-10-01 09:04:59, true, 0.0164, 0.0246, 0.7247, true
2018-10-01 09:05:00, 2018-10-01 09:05:58, false, -0.0806, 0.0234, -0.3156, true
2018-10-01 09:06:00, 2018-10-01 09:06:59, false, -0.0837, -0.0017, 0.2019, true
2018-10-01 09:07:01, 2018-10-01 09:07:59, true, 0.0453, 0.0735, -1.0213, true
2018-10-01 09:08:03, 2018-10-01 09:08:57, false, -0.0344, 0.0572, -0.0648, true
2018-10-01 09:09:00, 2018-10-01 09:09:59, true, 0.0493, 0.0583, 0.2678, true
2018-10-01 09:10:00, 2018-10-01 09:10:59, true, 0.0035, 0.0988, 0.2148, true
2018-10-01 09:11:00, 2018-10-01 09:11:59, true, 0.0585, 0.0696, 0.0605, true
2018-10-01 09:12:01, 2018-10-01 09:12:57, true, 0.1635, 0.2349, 1.1868, true
2018-10-01 09:13:01, 2018-10-01 09:13:59, true, 0.0393, 0.2148, -1.6577, true
2018-10-01 09:14:00, 2018-10-01 09:14:59, true, 0.0079, 0.0499, -0.1101, true
2018-10-01 09:15:00, 2018-10-01 09:15:57, false, -0.0008, 0.0405, 0.0699, true
2018-10-01 09:16:00, 2018-10-01 09:16:59, true, 0.1015, 0.1177, 1.1554, true
2018-10-01 09:17:00, 2018-10-01 09:17:59, true, 0.0042, 0.1106, -1.2429, true
2018-10-01 09:18:00, 2018-10-01 09:18:59, true, 0.0239, 0.0407, 0.0244, true
2018-10-01 09:19:00, 2018-10-01 09:19:59, true, 0.0106, 0.0575, 0.5463, true
2018-10-01 09:20:00, 2018-10-01 09:20:59, false, -0.0045, 0.0182, -0.3380, true
2018-10-01 09:21:00, 2018-10-01 09:21:57, false, -0.0353, 0.0003, -0.1142, true
2018-10-01 09:22:01, 2018-10-01 09:22:59, true, 0.0064, 0.0124, -0.0153, true
2018-10-01 09:23:00, 2018-10-01 09:23:59, false, -0.0145, 0.0091, 0.1998, true
2018-10-01 09:24:00, 2018-10-01 09:24:59, true, 0.0126, 0.0491, -0.2986, true
2018-10-01 09:25:00, 2018-10-01 09:25:58, false, -0.0086, 0.0203, 0.1466, true
2018-10-01 09:26:00, 2018-10-01 09:26:59, false, -0.0459, 0.0097, 0.0017, true
2018-10-01 09:27:00, 2018-10-01 09:27:59, false, -0.0635, 0.0000, -0.0446, true
2018-10-01 09:28:00, 2018-10-01 09:28:59, true, 0.0111, 0.0311, -0.1342, true
2018-10-01 09:29:00, 2018-10-01 09:29:58, true, 0.0280, 0.0550, 0.0996, true
2018-10-01 09:30:00, 2018-10-01 09:30:59, true, 0.0165, 0.0208, -0.0582, true
2018-10-01 09:31:00, 2018-10-01 09:31:57, true, 0.0541, 0.0706, 0.1836, true
2018-10-01 09:32:00, 2018-10-01 09:32:59, true, 0.0005, 0.0745, 0.3908, true
2018-10-01 09:33:00, 2018-10-01 09:33:59, true, 0.0136, 0.0238, 0.3899, true
2018-10-01 09:34:01, 2018-10-01 09:34:59, false, -0.0050, 0.0150, -0.3119, true
2018-10-01 09:35:00, 2018-10-01 09:35:59, false, -0.0080, 0.0164, 0.0356, true
2018-10-01 09:36:00, 2018-10-01 09:36:56, true, 0.0121, 0.0135, -0.3276, true
2018-10-01 09:37:00, 2018-10-01 09:37:59, false, -0.0115, 0.0127, -0.1432, true
2018-10-01 09:38:00, 2018-10-01 09:38:59, true, 0.0230, 0.0242, -0.1325, true
2018-10-01 09:39:00, 2018-10-01 09:39:59, false, -0.0050, 0.0192, 0.1069, true
2018-10-01 09:40:00, 2018-10-01 09:40:58, true, 0.0410, 0.0701, -0.1034, true
2018-10-01 09:41:00, 2018-10-01 09:41:56, true, 0.0173, 0.0607, -0.0496, true
2018-10-01 09:42:00, 2018-10-01 09:42:59, true, 0.0372, 0.0718, 0.3565, true
2018-10-01 09:43:00, 2018-10-01 09:43:59, false, -0.0015, 0.0421, 0.0567, true
2018-10-01 09:44:00, 2018-10-01 09:44:59, false, -0.0059, 0.0008, -0.3231, true
2018-10-01 09:45:00, 2018-10-01 09:45:59, true, 0.0100, 0.0229, -0.0029, true
2018-10-01 09:46:00, 2018-10-01 09:46:59, false, -0.0117, 0.0173, 0.0113, true
2018-10-01 09:47:00, 2018-10-01 09:47:59, false, -0.0076, 0.0138, 0.1277, true
2018-10-01 09:48:00, 2018-10-01 09:48:59, false, -0.0353, 0.0053, 0.4172, true
2018-10-01 09:49:00, 2018-10-01 09:49:59, false, -0.0053, 0.0080, -0.5741, true
2018-10-01 09:50:00, 2018-10-01 09:50:59, false, -0.0041, 0.0055, -0.0357, true
2018-10-01 09:51:00, 2018-10-01 09:51:59, true, 0.0042, 0.0151, 0.0943, true
2018-10-01 09:52:00, 2018-10-01 09:52:59, true, 0.0044, 0.0176, 0.1897, true
2018-10-01 09:53:00, 2018-10-01 09:53:59, true, 0.0026, 0.0354, -0.3730, true
2018-10-01 09:54:00, 2018-10-01 09:54:59, true, 0.0151, 0.0457, 0.1538, true
2018-10-01 09:55:00, 2018-10-01 09:55:59, false, -0.0117, 0.0192, 0.1111, true
2018-10-01 09:56:00, 2018-10-01 09:56:59, false, -0.0024, 0.0056, 0.1845, true
2018-10-01 09:57:00, 2018-10-01 09:57:59, true, 0.0036, 0.0070, -0.0162, true
2018-10-01 09:58:01, 2018-10-01 09:58:58, false, -0.0136, 0.0055, -0.1803, true
2018-10-01 09:59:00, 2018-10-01 09:59:59, true, 0.0121, 0.0151, -0.0035, true
2018-10-01 10:00:00, 2018-10-01 10:00:58, true, 0.0300, 0.0494, -0.1474, true
2018-10-01 10:01:00, 2018-10-01 10:01:59, true, 0.0216, 0.0619, -0.0741, true
2018-10-01 10:02:00, 2018-10-01 10:02:59, true, 0.0038, 0.0357, 0.1055, true
2018-10-01 10:03:00, 2018-10-01 10:03:59, true, 0.0166, 0.0266, -0.0062, true
2018-10-01 10:04:00, 2018-10-01 10:04:59, false, -0.0124, 0.0188, -0.0915, true
2018-10-01 10:05:00, 2018-10-01 10:05:59, false, -0.0118, 0.0328, 0.0634, true
2018-10-01 10:06:00, 2018-10-01 10:06:59, false, -0.0082, 0.0144, -0.1531, true
2018-10-01 10:07:00, 2018-10-01 10:07:59, true, 0.0068, 0.0144, 0.4140, true
2018-10-01 10:08:01, 2018-10-01 10:08:58, true, 0.0103, 0.0194, 0.1996, true
2018-10-01 10:09:00, 2018-10-01 10:09:58, true, 0.0094, 0.0315, -0.2481, true
2018-10-01 10:10:00, 2018-10-01 10:10:59, false, -0.0218, 0.0386, -0.1422, true
2018-10-01 10:11:00, 2018-10-01 10:11:59, true, 0.0355, 0.0410, 0.0260, true
2018-10-01 10:12:00, 2018-10-01 10:12:59, false, -0.0110, 0.0395, -0.1132, true
2018-10-01 10:13:00, 2018-10-01 10:13:58, false, -0.0042, 0.0176, 0.4076, true
2018-10-01 10:14:00, 2018-10-01 10:14:59, true, 0.0027, 0.0130, -0.3059, true
2018-10-01 10:15:00, 2018-10-01 10:15:59, true, 0.0080, 0.0230, 0.1122, true
2018-10-01 10:16:00, 2018-10-01 10:16:59, false, -0.0053, 0.0163, -0.3012, true
2018-10-01 10:17:00, 2018-10-01 10:17:59, false, -0.0100, 0.0169, 0.0407, true
2018-10-01 10:18:00, 2018-10-01 10:18:59, false, -0.0097, 0.0098, -0.0946, true
2018-10-01 10:19:00, 2018-10-01 10:19:58, false, -0.0044, 0.0117, 0.0254, true
2018-10-01 10:20:00, 2018-10-01 10:20:59, false, -0.0521, 0.0065, 0.3708, true
2018-10-01 10:21:01, 2018-10-01 10:21:59, false, -0.0151, 0.0127, 0.0111, true
2018-10-01 10:22:00, 2018-10-01 10:22:59, false, -0.0332, 0.0000, -0.1857, true
2018-10-01 10:23:00, 2018-10-01 10:23:59, false, -0.0024, 0.0202, 1.0841, true
2018-10-01 10:24:00, 2018-10-01 10:24:59, false, -0.0352, 0.0320, -1.1337, true
2018-10-01 10:25:00, 2018-10-01 10:25:59, false, -0.0343, 0.0246, 0.2025, true
2018-10-01 10:26:00, 2018-10-01 10:26:59, false, -0.0049, 0.0158, -0.0911, true
2018-10-01 10:27:00, 2018-10-01 10:27:59, false, -0.0554, 0.0279, 0.1371, true
2018-10-01 10:28:00, 2018-10-01 10:28:58, true, 0.0177, 0.0256, -0.1697, true
2018-10-01 10:29:00, 2018-10-01 10:29:59, true, 0.0450, 0.0675, 0.4189, true
2018-10-01 10:30:00, 2018-10-01 10:30:59, true, 0.0053, 0.0529, -0.1055, true
2018-10-01 10:31:00, 2018-10-01 10:31:59, false, -0.1228, 0.0188, 0.4065, true
2018-10-01 10:32:00, 2018-10-01 10:32:59, true, 0.0156, 0.0508, -0.1721, true
2018-10-01 10:33:00, 2018-10-01 10:33:59, false, -0.0955, 0.0279, 0.2509, true
2018-10-01 10:34:00, 2018-10-01 10:34:58, false, -0.0257, 0.0070, -0.1086, true
2018-10-01 10:35:00, 2018-10-01 10:35:59, true, 0.0533, 0.0858, 1.3016, true
2018-10-01 10:36:00, 2018-10-01 10:36:59, true, 0.0715, 0.1445, -2.1809, true
2018-10-01 10:37:00, 2018-10-01 10:37:58, true, 0.0473, 0.1190, 0.1060, true
2018-10-01 10:38:00, 2018-10-01 10:38:59, true, 0.0320, 0.0931, 0.0625, true
2018-10-01 10:39:01, 2018-10-01 10:39:58, false, -0.0015, 0.0332, -0.1772, true
2018-10-01 10:40:00, 2018-10-01 10:40:59, false, -0.0105, 0.0112, -0.0023, true
2018-10-01 10:41:01, 2018-10-01 10:41:59, true, 0.0105, 0.0111, 0.6184, true
2018-10-01 10:42:00, 2018-10-01 10:42:59, true, 0.0008, 0.0244, -0.5415, true
2018-10-01 10:43:00, 2018-10-01 10:43:57, false, -0.0165, 0.0038, 0.1027, true
2018-10-01 10:44:00, 2018-10-01 10:44:59, true, 0.0362, 0.0734, 0.1981, true
2018-10-01 10:45:00, 2018-10-01 10:45:59, false, -0.0309, 0.0382, 0.0817, true
2018-10-01 10:46:00, 2018-10-01 10:46:59, false, -0.0147, 0.0171, 0.0616, true
2018-10-01 10:47:00, 2018-10-01 10:47:59, true, 0.0129, 0.0582, -0.1527, true
2018-10-01 10:48:01, 2018-10-01 10:48:59, false, -0.1014, 0.0129, 0.2922, true
2018-10-01 10:49:01, 2018-10-01 10:49:59, false, -0.0041, 0.0366, -0.1029, true
2018-10-01 10:50:00, 2018-10-01 10:50:59, false, -0.3564, 0.0200, 2.8957, true
2018-10-01 10:51:00, 2018-10-01 10:51:59, true, 0.0251, 0.0264, -1.5449, true
2018-10-01 10:52:00, 2018-10-01 10:52:59, true, 0.0049, 0.0851, -1.5883, true
2018-10-01 10:53:00, 2018-10-01 10:53:59, false, -0.0489, 0.0084, 0.0932, true
2018-10-01 10:54:00, 2018-10-01 10:54:59, false, -0.0437, 0.0049, -0.1436, true
2018-10-01 10:55:00, 2018-10-01 10:55:58, true, 0.0375, 0.0415, 0.2810, true
2018-10-01 10:56:00, 2018-10-01 10:56:59, true, 0.0636, 0.1106, 0.3537, true
2018-10-01 10:57:00, 2018-10-01 10:57:57, true, 0.0100, 0.0798, -0.3149, true
2018-10-01 10:58:00, 2018-10-01 10:58:59, false, -0.0550, 0.0052, 0.0760, true
2018-10-01 10:59:00, 2018-10-01 10:59:59, true, 0.0190, 0.0277, -0.0862, true
2018-10-01 11:00:00, 2018-10-01 11:00:59, true, 0.0515, 0.0705, 0.4616, true
2018-10-01 11:01:00, 2018-10-01 11:01:59, true, 0.0300, 0.1091, -0.6110, true
2018-10-01 11:02:00, 2018-10-01 11:02:59, false, -0.0336, 0.0441, -0.0817, true
2018-10-01 11:03:00, 2018-10-01 11:03:59, false, -0.0608, 0.0055, 2.3469, true
2018-10-01 11:04:00, 2018-10-01 11:04:58, false, -0.0703, 0.0348, -0.7701, true
2018-10-01 11:05:00, 2018-10-01 11:05:59, false, -0.3310, 0.0268, 5.4802, true
2018-10-01 11:06:00, 2018-10-01 11:06:59, false, -0.2359, -0.0154, 9.2328, true
2018-10-01 11:07:00, 2018-10-01 11:07:59, true, 0.1709, 0.3702, -15.3846, true
2018-10-01 11:08:00, 2018-10-01 11:08:59, true, 0.1038, 0.2806, 0.3082, true
2018-10-01 11:09:00, 2018-10-01 11:09:59, false, -0.1257, 0.1218, -0.6389, true
2018-10-01 11:10:00, 2018-10-01 11:10:59, false, -0.0107, 0.0066, 0.0678, true
2018-10-01 11:11:00, 2018-10-01 11:11:59, true, 0.0129, 0.0580, -0.4549, true
2018-10-01 11:12:00, 2018-10-01 11:12:59, false, -0.0971, 0.0110, 0.3777, true
2018-10-01 11:13:00, 2018-10-01 11:13:59, true, 0.0322, 0.0416, 1.4477, true
2018-10-01 11:14:01, 2018-10-01 11:14:59, true, 0.0776, 0.1930, -1.4374, true
2018-10-01 11:15:00, 2018-10-01 11:15:59, false, -0.0107, 0.1319, -0.2859, true
2018-10-01 11:16:00, 2018-10-01 11:16:59, false, -0.0556, 0.0173, -0.0058, true
2018-10-01 11:17:00, 2018-10-01 11:17:58, true, 0.0889, 0.1631, 0.4951, true
2018-10-01 11:18:00, 2018-10-01 11:18:59, true, 0.0981, 0.1894, -0.5459, true
2018-10-01 11:19:00, 2018-10-01 11:19:59, true, 0.0177, 0.1131, -0.5514, true
2018-10-01 11:20:00, 2018-10-01 11:20:59, false, -0.0245, 0.0168, 0.3776, true
2018-10-01 11:21:00, 2018-10-01 11:21:59, true, 0.0286, 0.0350, -0.1304, true
2018-10-01 11:22:00, 2018-10-01 11:22:59, true, 0.0829, 0.1120, 0.6587, true
2018-10-01 11:23:01, 2018-10-01 11:23:59, true, 0.0671, 0.1635, 0.4784, true
2018-10-01 11:24:00, 2018-10-01 11:24:59, false, -0.0044, 0.0923, -0.8761, true
2018-10-01 11:25:00, 2018-10-01 11:25:59, false, -0.0026, 0.0066, -0.2069, true
2018-10-01 11:26:00, 2018-10-01 11:26:59, false, -0.0096, 0.0435, -0.0827, true
2018-10-01 11:27:01, 2018-10-01 11:27:59, true, 0.0189, 0.0429, 0.2100, true
2018-10-01 11:28:00, 2018-10-01 11:28:59, true, 0.0014, 0.0287, -0.4691, true
2018-10-01 11:29:00, 2018-10-01 11:29:59, false, -0.0936, 0.0067, 0.5552, true
2018-10-01 11:30:00, 2018-10-01 11:30:59, false, -0.0413, 0.0000, -0.3748, true
2018-10-01 11:31:00, 2018-10-01 11:31:59, true, 0.0553, 0.0649, 0.5246, true
2018-10-01 11:32:00, 2018-10-01 11:32:59, true, 0.0121, 0.0732, -0.3204, true
2018-10-01 11:33:00, 2018-10-01 11:33:59, false, -0.0055, 0.0220, -0.0938, true
2018-10-01 11:34:00, 2018-10-01 11:34:59, false, -0.0292, 0.0196, -0.2151, true
2018-10-01 11:35:00, 2018-10-01 11:35:59, false, -0.0015, 0.0086, -0.0437, true
2018-10-01 11:36:00, 2018-10-01 11:36:59, true, 0.0547, 0.0695, 0.0676, true
2018-10-01 11:37:01, 2018-10-01 11:37:59, true, 0.0003, 0.0681, -0.0392, true
2018-10-01 11:38:00, 2018-10-01 11:38:59, false, -0.0009, 0.0078, 0.0095, true
2018-10-01 11:39:00, 2018-10-01 11:39:59, true, 0.0047, 0.0189, 0.0258, true
2018-10-01 11:40:00, 2018-10-01 11:40:59, true, 0.0072, 0.0286, 0.4744, true
2018-10-01 11:41:00, 2018-10-01 11:41:59, true, 0.0208, 0.0508, -0.4978, true
2018-10-01 11:42:00, 2018-10-01 11:42:59, true, 0.0319, 0.0527, 0.1454, true
2018-10-01 11:43:00, 2018-10-01 11:43:59, true, 0.0090, 0.0450, 0.0612, true
2018-10-01 11:44:00, 2018-10-01 11:44:58, true, 0.0590, 0.0755, 0.1023, true
2018-10-01 11:45:00, 2018-10-01 11:45:58, false, -0.0079, 0.0657, -0.0770, true
2018-10-01 11:46:00, 2018-10-01 11:46:59, true, 0.0142, 0.0264, -0.0895, true
2018-10-01 11:47:01, 2018-10-01 11:47:59, true, 0.0253, 0.0407, 0.1216, true
2018-10-01 11:48:00, 2018-10-01 11:48:59, true, 0.0126, 0.0463, -0.0866, true
2018-10-01 11:49:00, 2018-10-01 11:49:59, true, 0.0602, 0.0735, 0.6965, true
2018-10-01 11:50:00, 2018-10-01 11:50:59, false, -0.0169, 0.0812, -0.0500, true
2018-10-01 11:51:00, 2018-10-01 11:51:59, true, 0.0137, 0.0315, -0.6720, true
2018-10-01 11:52:00, 2018-10-01 11:52:59, false, -0.0059, 0.0302, 0.0865, true
2018-10-01 11:53:00, 2018-10-01 11:53:59, true, 0.0059, 0.0230, -0.2009, true
2018-10-01 11:54:00, 2018-10-01 11:54:59, false, -0.0065, 0.0018, 0.0088, true
2018-10-01 11:55:00, 2018-10-01 11:55:59, false, -0.0131, 0.0023, 0.0300, true
2018-10-01 11:56:00, 2018-10-01 11:56:59, true, 0.0072, 0.0161, 0.1045, true
2018-10-01 11:57:00, 2018-10-01 11:57:59, false, -0.0023, 0.0134, 0.8130, true
2018-10-01 11:58:00, 2018-10-01 11:58:59, false, -0.0040, 0.0087, -0.9643, true
2018-10-01 11:59:00, 2018-10-01 11:59:59, false, -0.0482, 0.0152, 0.9430, true
2018-10-01 12:00:00, 2018-10-01 12:00:59, true, 0.0708, 0.0796, -0.4424, true
2018-10-01 12:01:00, 2018-10-01 12:01:59, false, -0.0059, 0.0710, -0.4530, true
2018-10-01 12:02:00, 2018-10-01 12:02:59, true, 0.0123, 0.0323, 0.4013, true
2018-10-01 12:03:00, 2018-10-01 12:03:59, false, -0.0047, 0.0294, -0.0134, true
2018-10-01 12:04:00, 2018-10-01 12:04:59, false, -0.0002, 0.0029, -0.4015, true
2018-10-01 12:05:00, 2018-10-01 12:05:59, false, -0.0058, 0.0084, -0.0734, true
2018-10-01 12:06:00, 2018-10-01 12:06:59, true, 0.0075, 0.0075, 0.7778, true
2018-10-01 12:07:00, 2018-10-01 12:07:59, true, 0.0040, 0.0291, -0.6562, true
2018-10-01 12:08:00, 2018-10-01 12:08:58, false, -0.0414, 0.0140, -0.0868, true
2018-10-01 12:09:00, 2018-10-01 12:09:59, true, 0.0032, 0.0069, 0.2892, true
2018-10-01 12:10:00, 2018-10-01 12:10:59, true, 0.0480, 0.0814, 0.6834, true
2018-10-01 12:11:00, 2018-10-01 12:11:59, true, 0.0212, 0.0796, -0.9713, true
2018-10-01 12:12:00, 2018-10-01 12:12:59, false, -0.0364, 0.0305, -0.0369, true
2018-10-01 12:13:00, 2018-10-01 12:13:59, false, -0.0285, 0.0000, 0.9842, true
2018-10-01 12:14:00, 2018-10-01 12:14:59, false, -0.0238, 0.0029, -0.7055, true
2018-10-01 12:15:00, 2018-10-01 12:15:59, false, -0.0120, -0.0104, -0.1455, true
2018-10-01 12:16:00, 2018-10-01 12:16:58, true, 0.0069, 0.0160, 0.4535, true
2018-10-01 12:17:00, 2018-10-01 12:17:59, false, -0.0110, 0.0212, -0.3874, true
2018-10-01 12:18:00, 2018-10-01 12:18:59, true, 0.0062, 0.0405, -0.0844, true
2018-10-01 12:19:01, 2018-10-01 12:19:59, true, 0.0291, 0.0486, 0.2464, true
2018-10-01 12:20:00, 2018-10-01 12:20:59, true, 0.0082, 0.0628, -0.2477, true
2018-10-01 12:21:00, 2018-10-01 12:21:59, false, -0.0046, 0.0145, -0.1194, true
2018-10-01 12:22:01, 2018-10-01 12:22:59, false, -0.0270, 0.0187, 0.7257, true
2018-10-01 12:23:01, 2018-10-01 12:23:59, false, -0.0511, 0.0047, 0.0503, true
2018-10-01 12:24:00, 2018-10-01 12:24:58, false, -0.0127, 0.0000, -0.6813, true
2018-10-01 12:25:00, 2018-10-01 12:25:59, false, -0.0044, 0.0084, 0.1453, true
2018-10-01 12:26:00, 2018-10-01 12:26:59, true, 0.0331, 0.0404, -0.1369, true
2018-10-01 12:27:00, 2018-10-01 12:27:59, true, 0.0494, 0.0834, 0.3076, true
2018-10-01 12:28:00, 2018-10-01 12:28:59, true, 0.0116, 0.0846, 1.1917, true
2018-10-01 12:29:00, 2018-10-01 12:29:59, true, 0.0062, 0.0180, -1.5357, true
2018-10-01 12:30:00, 2018-10-01 12:30:59, false, -0.0081, 0.0070, 0.3190, true
2018-10-01 12:31:00, 2018-10-01 12:31:58, false, -0.0434, 0.0005, 2.2800, true
2018-10-01 12:32:00, 2018-10-01 12:32:59, false, -0.0188, 0.0009, -2.6520, true
2018-10-01 12:33:00, 2018-10-01 12:33:59, false, -0.0197, 0.0081, 0.1584, true
2018-10-01 12:34:00, 2018-10-01 12:34:59, true, 0.0053, 0.0111, -0.2118, true
2018-10-01 12:35:00, 2018-10-01 12:35:59, false, -0.0555, 0.0067, 0.4509, true
2018-10-01 12:36:00, 2018-10-01 12:36:59, true, 0.0131, 0.0224, 0.1696, true
2018-10-01 12:37:00, 2018-10-01 12:37:59, false, -0.0238, 0.0464, -0.5236, true
2018-10-01 12:38:00, 2018-10-01 12:38:59, false, 0.0000, 0.0002, -0.0580, true
2018-10-01 12:39:00, 2018-10-01 12:39:59, false, -0.0221, 0.0056, 0.0551, true
2018-10-01 12:40:00, 2018-10-01 12:40:59, false, -0.0186, 0.0116, -0.0125, true
2018-10-01 12:41:00, 2018-10-01 12:41:59, false, -0.0102, 0.0130, -0.0307, true
2018-10-01 12:42:00, 2018-10-01 12:42:59, false, -0.0463, 0.0017, 0.0609, true
2018-10-01 12:43:00, 2018-10-01 12:43:59, true, 0.0058, 0.0058, 0.1242, true
2018-10-01 12:44:00, 2018-10-01 12:44:59, true, 0.0947, 0.1208, 0.0845, true
2018-10-01 12:45:00, 2018-10-01 12:45:59, true, 0.0293, 0.1242, -0.1331, true
2018-10-01 12:46:00, 2018-10-01 12:46:59, false, -0.0017, 0.0502, -0.1618, true
2018-10-01 12:47:00, 2018-10-01 12:47:59, true, 0.0111, 0.0418, 0.1475, true
2018-10-01 12:48:00, 2018-10-01 12:48:59, true, 0.0050, 0.0395, -0.1305, true
2018-10-01 12:49:00, 2018-10-01 12:49:59, true, 0.0072, 0.0165, 0.1880, true
2018-10-01 12:50:00, 2018-10-01 12:50:59, false, -0.0307, 0.0072, -0.1568, true
2018-10-01 12:51:00, 2018-10-01 12:51:59, false, -0.0256, 0.0099, -0.0096, true
2018-10-01 12:52:00, 2018-10-01 12:52:59, false, -0.0291, 0.0061, -0.0110, true
2018-10-01 12:53:00, 2018-10-01 12:53:59, false, -0.0229, 0.0044, -0.0566, true
2018-10-01 12:54:00, 2018-10-01 12:54:59, true, 0.0078, 0.0119, 0.0063, true
2018-10-01 12:55:00, 2018-10-01 12:55:59, true, 0.1115, 0.1294, 0.1891, true
2018-10-01 12:56:00, 2018-10-01 12:56:59, true, 0.0329, 0.1450, -0.1055, true
2018-10-01 12:57:00, 2018-10-01 12:57:58, true, 0.0111, 0.0453, 0.1411, true
2018-10-01 12:58:00, 2018-10-01 12:58:59, false, -0.0008, 0.0191, 0.2519, true
2018-10-01 12:59:00, 2018-10-01 12:59:59, false, -0.0139, 0.0088, 0.1498, true
2018-10-01 13:00:00, 2018-10-01 13:00:59, false, -0.0091, 0.0000, -0.5372, true
2018-10-01 13:01:00, 2018-10-01 13:01:59, true, 0.0069, 0.0069, 0.0834, true
2018-10-01 13:02:00, 2018-10-01 13:02:58, true, 0.0091, 0.0498, -0.0116, true
2018-10-01 13:03:00, 2018-10-01 13:03:59, false, -0.0354, 0.0096, 0.1877, true
2018-10-01 13:04:00, 2018-10-01 13:04:59, true, 0.0066, 0.0213, 0.7702, true
2018-10-01 13:05:00, 2018-10-01 13:05:59, false, -0.0018, 0.0142, -0.9091, true
2018-10-01 13:06:01, 2018-10-01 13:06:58, false, -0.0116, 0.0127, -0.1619, true
2018-10-01 13:07:00, 2018-10-01 13:07:58, false, -0.0177, 0.0026, 0.3646, true
2018-10-01 13:08:00, 2018-10-01 13:08:59, false, -0.0668, 0.0070, 0.1663, true
2018-10-01 13:09:00, 2018-10-01 13:09:59, false, -0.0476, 0.0000, -0.4016, true
2018-10-01 13:10:00, 2018-10-01 13:10:59, false, -0.0339, 0.0041, 0.1853, true
2018-10-01 13:11:01, 2018-10-01 13:11:59, true, 0.0046, 0.0179, 0.0667, true
2018-10-01 13:12:00, 2018-10-01 13:12:59, false, -0.0098, 0.0133, -0.4538, true
2018-10-01 13:13:00, 2018-10-01 13:13:59, false, -0.0362, 0.0034, 0.0736, true
2018-10-01 13:14:00, 2018-10-01 13:14:59, false, -0.0596, -0.0034, 0.1030, true
2018-10-01 13:15:00, 2018-10-01 13:15:59, false, -0.0055, 0.0029, -0.0485, true
2018-10-01 13:16:00, 2018-10-01 13:16:58, true, 0.0886, 0.0954, 0.9077, true
2018-10-01 13:17:00, 2018-10-01 13:17:59, true, 0.0528, 0.1451, -0.9011, true
2018-10-01 13:18:00, 2018-10-01 13:18:59, true, 0.0056, 0.0515, 0.2641, true
2018-10-01 13:19:00, 2018-10-01 13:19:59, true, 0.0288, 0.0527, 0.1740, true
2018-10-01 13:20:00, 2018-10-01 13:20:59, false, -0.0043, 0.0424, -0.3234, true
2018-10-01 13:21:00, 2018-10-01 13:21:58, true, 0.0075, 0.0160, 0.2373, true
2018-10-01 13:22:00, 2018-10-01 13:22:59, false, -0.0362, 0.0072, -0.2363, true
2018-10-01 13:23:00, 2018-10-01 13:23:59, true, 0.0027, 0.0414, -0.1973, true
2018-10-01 13:24:00, 2018-10-01 13:24:59, false, -0.0012, 0.0118, -0.0511, true
2018-10-01 13:25:00, 2018-10-01 13:25:59, false, -0.0003, 0.0073, 0.1971, true
2018-10-01 13:26:00, 2018-10-01 13:26:59, true, 0.0110, 0.0168, -0.1299, true
2018-10-01 13:27:00, 2018-10-01 13:27:59, false, -0.0014, 0.0159, 0.1666, true
2018-10-01 13:28:00, 2018-10-01 13:28:58, true, 0.0354, 0.0412, -0.0751, true
2018-10-01 13:29:00, 2018-10-01 13:29:59, true, 0.0433, 0.1033, 0.2282, true
2018-10-01 13:30:00, 2018-10-01 13:30:59, true, 0.0021, 0.0627, -0.0746, true
2018-10-01 13:31:00, 2018-10-01 13:31:59, true, 0.0587, 0.0761, 0.7470, true
2018-10-01 13:32:00, 2018-10-01 13:32:59, true, 0.0198, 0.0753, -0.8564, true
2018-10-01 13:33:00, 2018-10-01 13:33:59, true, 0.0040, 0.0352, -0.1046, true
2018-10-01 13:34:00, 2018-10-01 13:34:58, true, 0.0006, 0.0174, 0.0518, true
2018-10-01 13:35:00, 2018-10-01 13:35:59, true, 0.0277, 0.0419, 0.2506, true
2018-10-01 13:36:00, 2018-10-01 13:36:59, true, 0.0818, 0.1114, -0.1793, true
2018-10-01 13:37:00, 2018-10-01 13:37:59, true, 0.0067, 0.0892, -0.1527, true
2018-10-01 13:38:00, 2018-10-01 13:38:59, true, 0.1620, 0.1975, 1.4750, true
2018-10-01 13:39:00, 2018-10-01 13:39:59, true, 0.0216, 0.1983, 0.1632, true
2018-10-01 13:40:00, 2018-10-01 13:40:59, true, 0.0033, 0.0796, -1.0269, true
2018-10-01 13:41:00, 2018-10-01 13:41:59, false, -0.0033, 0.0240, -0.2870, true
2018-10-01 13:42:00, 2018-10-01 13:42:59, true, 0.0403, 0.0576, 0.4324, true
2018-10-01 13:43:00, 2018-10-01 13:43:59, true, 0.1344, 0.1755, 1.3414, true
2018-10-01 13:44:00, 2018-10-01 13:44:59, false, -0.0545, 0.1615, -0.9486, true
2018-10-01 13:45:00, 2018-10-01 13:45:59, false, -0.0091, 0.0000, -0.8265, true
2018-10-01 13:46:00, 2018-10-01 13:46:59, false, -0.0500, 0.0036, -0.1834, true
2018-10-01 13:47:00, 2018-10-01 13:47:59, false, -0.0266, 0.0149, -0.0895, true
2018-10-01 13:48:00, 2018-10-01 13:48:59, false, -0.0079, 0.0000, -0.0316, true
2018-10-01 13:49:00, 2018-10-01 13:49:59, true, 0.0207, 0.0542, 0.3161, true
2018-10-01 13:50:00, 2018-10-01 13:50:59, false, -0.0178, 0.0453, -0.0722, true
2018-10-01 13:51:00, 2018-10-01 13:51:59, false, -0.0488, 0.0418, -0.0450, true
2018-10-01 13:52:00, 2018-10-01 13:52:59, false, -0.0036, 0.0094, -0.0587, true
2018-10-01 13:53:00, 2018-10-01 13:53:59, true, 0.0073, 0.0445, -0.0707, true
2018-10-01 13:54:00, 2018-10-01 13:54:58, false, -0.0062, 0.0254, -0.1313, true
2018-10-01 13:55:00, 2018-10-01 13:55:59, true, 0.0307, 0.0474, 0.1670, true
2018-10-01 13:56:00, 2018-10-01 13:56:59, false, -0.0122, 0.0353, -0.0872, true
2018-10-01 13:57:00, 2018-10-01 13:57:59, false, -0.0012, 0.0062, -0.0129, true
2018-10-01 13:58:00, 2018-10-01 13:58:59, true, 0.0330, 0.0368, 0.3113, true
2018-10-01 13:59:00, 2018-10-01 13:59:59, true, 0.0267, 0.0792, 1.1053, true
2018-10-01 14:00:00, 2018-10-01 14:00:59, false, -0.0030, 0.0524, -1.1272, true
2018-10-01 14:01:00, 2018-10-01 14:01:59, true, 0.0012, 0.0384, -0.1391, true
2018-10-01 14:02:00, 2018-10-01 14:02:59, true, 0.0005, 0.0102, -0.0873, true
2018-10-01 14:03:00, 2018-10-01 14:03:59, true, 0.0014, 0.0041, 0.0314, true
2018-10-01 14:04:00, 2018-10-01 14:04:59, false, -0.0205, 0.0232, 0.2353, true
2018-10-01 14:05:00, 2018-10-01 14:05:59, false, -0.0225, 0.0141, -0.2797, true
2018-10-01 14:06:00, 2018-10-01 14:06:59, false, -0.0149, 0.0017, 0.0547, true
2018-10-01 14:07:00, 2018-10-01 14:07:59, true, 0.0240, 0.0451, 0.1709, true
2018-10-01 14:08:00, 2018-10-01 14:08:59, false, -0.0391, 0.0497, -0.1635, true
2018-10-01 14:09:00, 2018-10-01 14:09:59, false, -0.0084, 0.0377, -0.1183, true
2018-10-01 14:10:00, 2018-10-01 14:10:59, false, -0.0452, 0.0108, 0.1293, true
2018-10-01 14:11:00, 2018-10-01 14:11:58, true, 0.0085, 0.0332, -0.0357, true
2018-10-01 14:12:00, 2018-10-01 14:12:59, false, -0.0061, 0.0217, -0.0217, true
2018-10-01 14:13:00, 2018-10-01 14:13:59, true, 0.0543, 0.0557, -0.0892, true
2018-10-01 14:14:00, 2018-10-01 14:14:59, false, -0.0394, 0.0538, 0.3266, true
2018-10-01 14:15:00, 2018-10-01 14:15:59, false, -0.0567, 0.0026, -0.1120, true
2018-10-01 14:16:00, 2018-10-01 14:16:59, false, -0.0152, 0.0040, -0.1751, true
2018-10-01 14:17:00, 2018-10-01 14:17:59, true, 0.0072, 0.0444, 0.0762, true
2018-10-01 14:18:01, 2018-10-01 14:18:59, true, 0.0654, 0.0765, -0.0254, true
2018-10-01 14:19:00, 2018-10-01 14:19:58, true, 0.0211, 0.0996, -0.0369, true
2018-10-01 14:20:00, 2018-10-01 14:20:59, false, -0.0306, 0.0348, -0.1399, true
2018-10-01 14:21:00, 2018-10-01 14:21:59, true, 0.0040, 0.0081, 0.3026, true
2018-10-01 14:22:00, 2018-10-01 14:22:59, true, 0.0015, 0.0189, -0.2115, true
2018-10-01 14:23:00, 2018-10-01 14:23:59, true, 0.0119, 0.0239, 0.0459, true
2018-10-01 14:24:00, 2018-10-01 14:24:58, false, -0.0278, 0.0123, 0.0693, true
2018-10-01 14:25:00, 2018-10-01 14:25:59, false, -0.0635, 0.0050, -0.0746, true
2018-10-01 14:26:00, 2018-10-01 14:26:59, false, -0.0088, 0.0002, -0.0218, true
2018-10-01 14:27:01, 2018-10-01 14:27:59, false, -0.0061, 0.0087, 0.0059, true
2018-10-01 14:28:00, 2018-10-01 14:28:58, true, 0.0552, 0.0671, 0.0929, true
2018-10-01 14:29:00, 2018-10-01 14:29:59, true, 0.0591, 0.1253, 0.2981, true
2018-10-01 14:30:00, 2018-10-01 14:30:59, true, 0.0109, 0.0947, -0.0015, true
2018-10-01 14:31:00, 2018-10-01 14:31:59, false, -0.0163, 0.0157, -0.3253, true
2018-10-01 14:32:00, 2018-10-01 14:32:59, true, 0.0552, 0.0567, -0.1323, true
2018-10-01 14:33:00, 2018-10-01 14:33:59, false, -0.0234, 0.0615, 0.0308, true
2018-10-01 14:34:00, 2018-10-01 14:34:59, true, 0.0258, 0.0284, 0.4585, true
2018-10-01 14:35:00, 2018-10-01 14:35:59, true, 0.0226, 0.0799, -0.4302, true
2018-10-01 14:36:00, 2018-10-01 14:36:59, false, -0.0064, 0.0371, -0.0995, true
2018-10-01 14:37:00, 2018-10-01 14:37:59, false, -0.0210, 0.0093, 0.0770, true
2018-10-01 14:38:00, 2018-10-01 14:38:59, true, 0.0112, 0.0293, 0.4266, true
2018-10-01 14:39:00, 2018-10-01 14:39:59, false, -0.0153, 0.0239, -0.2720, true
2018-10-01 14:40:00, 2018-10-01 14:40:59, false, -0.0164, 0.0249, -0.1758, true
2018-10-01 14:41:00, 2018-10-01 14:41:59, true, 0.0131, 0.0158, -0.0460, true
2018-10-01 14:42:00, 2018-10-01 14:42:59, true, 0.0058, 0.0267, 0.1620, true
2018-10-01 14:43:00, 2018-10-01 14:43:59, false, -0.0036, 0.0097, 0.1039, true
2018-10-01 14:44:00, 2018-10-01 14:44:59, true, 0.0275, 0.0277, -0.0732, true
2018-10-01 14:45:00, 2018-10-01 14:45:59, true, 0.0518, 0.0887, -0.1362, true
2018-10-01 14:46:00, 2018-10-01 14:46:59, false, -0.0068, 0.0603, -0.0243, true
2018-10-01 14:47:01, 2018-10-01 14:47:59, true, 0.0190, 0.0206, -0.0178, true
2018-10-01 14:48:01, 2018-10-01 14:48:59, false, -0.0112, 0.0128, 0.1801, true
2018-10-01 14:49:00, 2018-10-01 14:49:59, false, -0.0244, 0.0111, -0.1139, true
2018-10-01 14:50:00, 2018-10-01 14:50:59, false, -0.0067, 0.0062, -0.0858, true
2018-10-01 14:51:00, 2018-10-01 14:51:59, false, -0.0109, 0.0047, 0.0172, true
2018-10-01 14:52:00, 2018-10-01 14:52:59, false, 0.0000, 0.0085, 0.3805, true
2018-10-01 14:53:00, 2018-10-01 14:53:59, true, 0.0039, 0.0134, -0.0749, true
2018-10-01 14:54:00, 2018-10-01 14:54:59, true, 0.0106, 0.0208, 0.5031, true
2018-10-01 14:55:00, 2018-10-01 14:55:59, false, -0.0082, 0.0172, -0.4831, true
2018-10-01 14:56:00, 2018-10-01 14:56:59, false, -0.0111, 0.0125, -0.1402, true
2018-10-01 14:57:00, 2018-10-01 14:57:59, true, 0.0046, 0.0199, 0.0851, true
2018-10-01 14:58:00, 2018-10-01 14:58:59, true, 0.0162, 0.0255, 0.1221, true
2018-10-01 14:59:00, 2018-10-01 14:59:59, true, 0.0036, 0.0226, -0.2017, true
2018-10-01 15:00:00, 2018-10-01 15:00:58, false, -0.0263, 0.0144, -0.1042, true
2018-10-01 15:01:00, 2018-10-01 15:01:59, true, 0.0026, 0.0261, 0.3105, true
2018-10-01 15:02:00, 2018-10-01 15:02:58, false, -0.0150, 0.0071, -0.0822, true
2018-10-01 15:03:01, 2018-10-01 15:03:59, false, -0.0398, 0.0263, 0.1252, true
2018-10-01 15:04:00, 2018-10-01 15:04:59, false, -0.0271, 0.0003, -0.3591, true
2018-10-01 15:05:01, 2018-10-01 15:05:59, false, -0.0394, 0.0014, 0.2435, true
2018-10-01 15:06:00, 2018-10-01 15:06:59, true, 0.0975, 0.1081, 0.1317, true
2018-10-01 15:07:00, 2018-10-01 15:07:59, false, -0.0029, 0.1138, -0.3549, true
2018-10-01 15:08:01, 2018-10-01 15:08:59, true, 0.0032, 0.0178, 0.1376, true
2018-10-01 15:09:00, 2018-10-01 15:09:59, true, 0.0023, 0.0226, 0.1193, true
2018-10-01 15:10:00, 2018-10-01 15:10:59, true, 0.0006, 0.0295, 0.4403, true
2018-10-01 15:11:00, 2018-10-01 15:11:59, true, 0.0194, 0.0201, -0.5521, true
2018-10-01 15:12:01, 2018-10-01 15:12:59, false, -0.0103, 0.0155, 0.2584, true
2018-10-01 15:13:00, 2018-10-01 15:13:58, true, 0.0267, 0.0401, 0.5162, true
2018-10-01 15:14:00, 2018-10-01 15:14:59, true, 0.0061, 0.0533, -0.6008, true
2018-10-01 15:15:00, 2018-10-01 15:15:59, true, 0.0123, 0.0228, -0.1365, true
2018-10-01 15:16:00, 2018-10-01 15:16:59, false, -0.0444, 0.0132, 0.0029, true
2018-10-01 15:17:00, 2018-10-01 15:17:59, false, -0.0170, 0.0137, 0.2644, true
2018-10-01 15:18:00, 2018-10-01 15:18:59, true, 0.0324, 0.0482, -0.4273, true
2018-10-01 15:19:00, 2018-10-01 15:19:59, false, -0.0047, 0.0422, 0.1236, true
2018-10-01 15:20:00, 2018-10-01 15:20:59, false, -0.0172, 0.0439, -0.0848, true
2018-10-01 15:21:00, 2018-10-01 15:21:59, true, 0.0692, 0.0813, 0.3408, true
2018-10-01 15:22:00, 2018-10-01 15:22:58, true, 0.0017, 0.0946, -0.4310, true
2018-10-01 15:23:00, 2018-10-01 15:23:59, true, 0.0437, 0.0458, 0.1203, true
2018-10-01 15:24:00, 2018-10-01 15:24:59, false, -0.0137, 0.0408, 0.0149, true
2018-10-01 15:25:00, 2018-10-01 15:25:59, true, 0.0723, 0.0766, 0.0699, true
2018-10-01 15:26:00, 2018-10-01 15:26:59, true, 0.0096, 0.0945, 0.4382, true
2018-10-01 15:27:00, 2018-10-01 15:27:59, true, 0.0280, 0.0434, -0.2400, true
2018-10-01 15:28:00, 2018-10-01 15:28:59, true, 0.0206, 0.0479, -0.0694, true
2018-10-01 15:29:00, 2018-10-01 15:29:59, true, 0.0023, 0.0279, -0.0479, true
2018-10-01 15:30:00, 2018-10-01 15:30:59, false, -0.0417, 0.0045, 0.0619, true
2018-10-01 15:31:00, 2018-10-01 15:31:59, true, 0.0341, 0.0341, 0.3124, true
2018-10-01 15:32:00, 2018-10-01 15:32:58, true, 0.0003, 0.0502, -0.1147, true
2018-10-01 15:33:00, 2018-10-01 15:33:59, false, -0.0214, 0.0262, -0.2791, true
2018-10-01 15:34:01, 2018-10-01 15:34:59, false, -0.0026, -0.0002, -0.2394, true
2018-10-01 15:35:00, 2018-10-01 15:35:59, true, 0.0123, 0.0133, -0.0371, true
2018-10-01 15:36:00, 2018-10-01 15:36:59, false, -0.0349, 0.0118, 0.4208, true
2018-10-01 15:37:00, 2018-10-01 15:37:59, true, 0.0321, 0.0431, -0.4713, true
2018-10-01 15:38:00, 2018-10-01 15:38:59, false, -0.0097, 0.0368, 0.1722, true
2018-10-01 15:39:00, 2018-10-01 15:39:59, true, 0.0020, 0.0097, -0.1512, true
2018-10-01 15:40:00, 2018-10-01 15:40:59, false, -0.0140, 0.0102, 0.2012, true
2018-10-01 15:41:00, 2018-10-01 15:41:59, false, -0.0140, 0.0076, -0.1642, true
2018-10-01 15:42:00, 2018-10-01 15:42:59, false, -0.0047, 0.0126, 0.0849, true
2018-10-01 15:43:00, 2018-10-01 15:43:59, true, 0.0056, 0.0143, 0.1503, true
2018-10-01 15:44:00, 2018-10-01 15:44:59, false, -0.0449, 0.0106, 1.1302, true
2018-10-01 15:45:00, 2018-10-01 15:45:59, false, -0.1529, 0.0147, -0.6561, true
2018-10-01 15:46:01, 2018-10-01 15:46:59, false, -0.0306, 0.0005, -0.4966, true
2018-10-01 15:47:00, 2018-10-01 15:47:59, false, -0.0109, 0.0081, -0.2571, true
2018-10-01 15:48:00, 2018-10-01 15:48:59, false, -0.0131, 0.0020, -0.0739, true
2018-10-01 15:49:00, 2018-10-01 15:49:59, true, 0.0386, 0.0386, 0.4046, true
2018-10-01 15:50:00, 2018-10-01 15:50:59, false, -0.0005, 0.0474, -0.3415, true
2018-10-01 15:51:00, 2018-10-01 15:51:59, false, -0.0526, -0.0014, 0.0040, true
2018-10-01 15:52:00, 2018-10-01 15:52:58, false, -0.0012, 0.0008, -0.0087, true
2018-10-01 15:53:00, 2018-10-01 15:53:59, true, 0.0040, 0.0041, 0.0640, true
2018-10-01 15:54:00, 2018-10-01 15:54:59, true, 0.0599, 0.0643, -0.0260, true
2018-10-01 15:55:00, 2018-10-01 15:55:59, true, 0.0940, 0.1580, 0.3729, true
2018-10-01 15:56:00, 2018-10-01 15:56:59, true, 0.0041, 0.1313, -0.4129, true
2018-10-01 15:57:00, 2018-10-01 15:57:59, true, 0.0980, 0.1010, 0.4970, true
2018-10-01 15:58:00, 2018-10-01 15:58:59, false, -0.0738, 0.1059, 0.0543, true
2018-10-01 15:59:00, 2018-10-01 15:59:59, false, -0.0404, 0.0091, -0.2621, true
2018-10-01 16:00:00, 2018-10-01 16:00:59, true, 0.0389, 0.0389, -0.2656, true
2018-10-01 16:01:00, 2018-10-01 16:01:59, false, -0.0250, 0.0431, 0.1494, true
2018-10-01 16:02:00, 2018-10-01 16:02:59, false, -0.0121, 0.0023, -0.1095, true
2018-10-01 16:03:00, 2018-10-01 16:03:59, false, -0.0120, 0.0080, -0.0630, true
2018-10-01 16:04:00, 2018-10-01 16:04:59, false, -0.0155, 0.0015, 0.0961, true
2018-10-01 16:05:00, 2018-10-01 16:05:59, false, -0.0193, 0.0008, 0.1047, true
2018-10-01 16:06:00, 2018-10-01 16:06:59, false, -0.0041, 0.0258, -0.1730, true
2018-10-01 16:07:00, 2018-10-01 16:07:58, false, -0.0024, 0.0021, -0.0609, true
2018-10-01 16:08:00, 2018-10-01 16:08:59, false, -0.0182, 0.0018, 0.0561, true
2018-10-01 16:09:00, 2018-10-01 16:09:59, true, 0.0041, 0.0272, 0.0492, true
2018-10-01 16:10:00, 2018-10-01 16:10:59, false, -0.0263, 0.0036, 0.1426, true
2018-10-01 16:11:01, 2018-10-01 16:11:59, true, 0.0144, 0.0193, -0.0851, true
2018-10-01 16:12:00, 2018-10-01 16:12:59, false, -0.0213, 0.0328, -0.0733, true
2018-10-01 16:13:00, 2018-10-01 16:13:59, true, 0.0026, 0.0030, -0.0789, true
2018-10-01 16:14:00, 2018-10-01 16:14:59, false, -0.0017, 0.0064, 0.0906, true
2018-10-01 16:15:00, 2018-10-01 16:15:59, false, -0.0112, 0.0014, -0.0596, true
2018-10-01 16:16:01, 2018-10-01 16:16:59, false, -0.0338, 0.0122, 0.2600, true
2018-10-01 16:17:00, 2018-10-01 16:17:59, true, 0.0568, 0.0699, -0.0091, true
2018-10-01 16:18:01, 2018-10-01 16:18:59, true, 0.0050, 0.0647, -0.2105, true
2018-10-01 16:19:00, 2018-10-01 16:19:58, true, 0.0008, 0.0173, 0.0380, true
2018-10-01 16:20:00, 2018-10-01 16:20:59, false, -0.0205, 0.0154, -0.0424, true
2018-10-01 16:21:00, 2018-10-01 16:21:59, true, 0.0065, 0.0272, 0.3327, true
2018-10-01 16:22:00, 2018-10-01 16:22:59, true, 0.0023, 0.0140, -0.3933, true
2018-10-01 16:23:00, 2018-10-01 16:23:59, true, 0.0155, 0.0205, 0.0074, true
2018-10-01 16:24:00, 2018-10-01 16:24:59, false, -0.0867, 0.0167, 0.3287, true
2018-10-01 16:25:00, 2018-10-01 16:25:59, false, -0.1090, 0.0148, 0.6490, true
2018-10-01 16:26:00, 2018-10-01 16:26:59, false, -0.0032, 0.0428, -0.2715, true
2018-10-01 16:27:00, 2018-10-01 16:27:59, true, 0.0831, 0.1098, 0.2839, true
2018-10-01 16:28:00, 2018-10-01 16:28:59, true, 0.0246, 0.1155, -0.7980, true
2018-10-01 16:29:00, 2018-10-01 16:29:57, false, -0.0656, 0.0291, 0.6949, true
2018-10-01 16:30:00, 2018-10-01 16:30:59, false, -0.0303, 0.1110, -0.6607, true
2018-10-01 16:31:00, 2018-10-01 16:31:59, false, -0.0245, 0.0344, -0.0987, true
2018-10-01 16:32:00, 2018-10-01 16:32:59, false, -0.0529, 0.0003, 0.1639, true
2018-10-01 16:33:01, 2018-10-01 16:33:59, true, 0.0772, 0.0958, -0.0629, true
2018-10-01 16:34:00, 2018-10-01 16:34:59, true, 0.0040, 0.0901, -0.1334, true
2018-10-01 16:35:00, 2018-10-01 16:35:58, false, -0.0972, 0.0072, 1.3735, true
2018-10-01 16:36:00, 2018-10-01 16:36:59, false, -0.1089, 0.0673, -0.6700, true
2018-10-01 16:37:00, 2018-10-01 16:37:58, true, 0.0160, 0.0349, -0.6264, true
2018-10-01 16:38:00, 2018-10-01 16:38:59, true, 0.0093, 0.0253, 0.3546, true
2018-10-01 16:39:00, 2018-10-01 16:39:59, true, 0.1004, 0.1142, 2.1293, true
2018-10-01 16:40:00, 2018-10-01 16:40:59, true, 0.0650, 0.1745, -2.2686, true
2018-10-01 16:41:00, 2018-10-01 16:41:57, false, -0.0350, 0.0880, 0.0122, true
2018-10-01 16:42:00, 2018-10-01 16:42:59, true, 0.0085, 0.0277, -0.3431, true
2018-10-01 16:43:00, 2018-10-01 16:43:59, true, 0.0245, 0.0251, 0.1545, true
2018-10-01 16:44:00, 2018-10-01 16:44:59, true, 0.0621, 0.0863, 0.0499, true
2018-10-01 16:45:00, 2018-10-01 16:45:59, true, 0.0111, 0.0796, -0.1657, true
2018-10-01 16:46:00, 2018-10-01 16:46:59, true, 0.0531, 0.0644, -0.0814, true
2018-10-01 16:47:00, 2018-10-01 16:47:59, false, -0.0052, 0.0613, 0.1466, true
2018-10-01 16:48:00, 2018-10-01 16:48:59, true, 0.0085, 0.0205, -0.0771, true
2018-10-01 16:49:00, 2018-10-01 16:49:59, true, 0.0146, 0.0257, 0.2452, true
2018-10-01 16:50:00, 2018-10-01 16:50:59, false, -0.0015, 0.0201, -0.2670, true
2018-10-01 16:51:00, 2018-10-01 16:51:58, false, -0.0137, 0.0088, 0.1005, true
2018-10-01 16:52:00, 2018-10-01 16:52:59, false, -0.0131, 0.0068, -0.0798, true
2018-10-01 16:53:00, 2018-10-01 16:53:59, false, -0.0005, 0.0084, 0.0061, true
2018-10-01 16:54:00, 2018-10-01 16:54:59, false, -0.0110, 0.0026, 0.2937, true
2018-10-01 16:55:00, 2018-10-01 16:55:59, false, -0.0061, 0.0006, -0.1241, true
2018-10-01 16:56:00, 2018-10-01 16:56:59, false, -0.0012, 0.0043, -0.2295, true
2018-10-01 16:57:00, 2018-10-01 16:57:59, true, 0.0059, 0.0097, 0.2420, true
2018-10-01 16:58:00, 2018-10-01 16:58:59, true, 0.0380, 0.0484, -0.0447, true
2018-10-01 16:59:00, 2018-10-01 16:59:59, false, -0.0249, 0.0412, 3.5363, true
2018-10-01 17:00:00, 2018-10-01 17:00:59, false, -0.0009, 0.0298, -3.5076, true
2018-10-01 17:01:00, 2018-10-01 17:01:59, false, -0.0254, 0.0202, -0.0796, true
2018-10-01 17:02:00, 2018-10-01 17:02:59, true, 0.0078, 0.0362, 0.0975, true
2018-10-01 17:03:00, 2018-10-01 17:03:59, true, 0.0597, 0.0913, -0.1493, true
2018-10-01 17:04:01, 2018-10-01 17:04:58, false, -0.0389, 0.0587, 0.0990, true
2018-10-01 17:05:00, 2018-10-01 17:05:58, false, -0.0134, 0.0020, -0.1614, true
2018-10-01 17:06:00, 2018-10-01 17:06:59, false, -0.0033, 0.0047, -0.0029, true
2018-10-01 17:07:00, 2018-10-01 17:07:59, true, 0.0018, 0.0126, 0.0446, true
2018-10-01 17:08:00, 2018-10-01 17:08:59, true, 0.0003, 0.0023, 0.1275, true
2018-10-01 17:09:00, 2018-10-01 17:09:59, false, -0.0058, 0.0158, -0.0677, true
2018-10-01 17:10:00, 2018-10-01 17:10:59, true, 0.0047, 0.0067, 0.0070, true
2018-10-01 17:11:00, 2018-10-01 17:11:59, false, -0.0129, 0.0068, 0.4285, true
2018-10-01 17:12:00, 2018-10-01 17:12:59, true, 0.0006, 0.0027, -0.4386, true
2018-10-01 17:13:00, 2018-10-01 17:13:59, true, 0.0024, 0.0059, -0.0418, true
2018-10-01 17:14:00, 2018-10-01 17:14:57, true, 0.0385, 0.0558, 0.5459, true
2018-10-01 17:15:00, 2018-10-01 17:15:58, true, 0.0758, 0.1150, -0.3021, true
2018-10-01 17:16:00, 2018-10-01 17:16:59, true, 0.0275, 0.1088, -0.1243, true
2018-10-01 17:17:00, 2018-10-01 17:17:59, false, -0.0020, 0.0415, -0.1555, true
2018-10-01 17:18:00, 2018-10-01 17:18:59, true, 0.0070, 0.0082, 0.0017, true
2018-10-01 17:19:00, 2018-10-01 17:19:59, false, -0.0258, 0.0169, 0.0570, true
2018-10-01 17:20:00, 2018-10-01 17:20:59, true, 0.0153, 0.0389, 0.2122, true
2018-10-01 17:21:00, 2018-10-01 17:21:59, false, -0.0246, 0.0170, -0.1437, true
2018-10-01 17:22:00, 2018-10-01 17:22:59, false, -0.0011, 0.0005, -0.1205, true
2018-10-01 17:23:00, 2018-10-01 17:23:59, false, -0.0167, 0.0088, 0.0141, true
2018-10-01 17:24:00, 2018-10-01 17:24:59, true, 0.0041, 0.0047, -0.1453, true
2018-10-01 17:25:00, 2018-10-01 17:25:59, false, -0.0123, 0.0044, -0.0058, true
2018-10-01 17:26:00, 2018-10-01 17:26:59, true, 0.0252, 0.0283, 0.0824, true
2018-10-01 17:27:00, 2018-10-01 17:27:59, false, -0.0068, 0.0255, 0.0670, true
2018-10-01 17:28:00, 2018-10-01 17:28:59, false, -0.0084, 0.0002, -0.0634, true
2018-10-01 17:29:00, 2018-10-01 17:29:59, true, 0.0050, 0.0050, 0.2366, true
2018-10-01 17:30:00, 2018-10-01 17:30:59, false, -0.0108, 0.0064, -0.0295, true
2018-10-01 17:31:00, 2018-10-01 17:31:59, false, -0.0067, 0.0026, 0.5584, true
2018-10-01 17:32:01, 2018-10-01 17:32:59, true, 0.0076, 0.0084, -0.6240, true
2018-10-01 17:33:00, 2018-10-01 17:33:59, true, 0.0050, 0.0141, -0.1401, true
2018-10-01 17:34:00, 2018-10-01 17:34:59, true, 0.0020, 0.0074, -0.0138, true
2018-10-01 17:35:00, 2018-10-01 17:35:59, false, -0.0029, 0.0030, 0.4895, true
2018-10-01 17:36:00, 2018-10-01 17:36:59, false, -0.0173, 0.0223, -0.4417, true
2018-10-01 17:37:00, 2018-10-01 17:37:59, true, 0.0286, 0.0362, 0.0664, true
2018-10-01 17:38:00, 2018-10-01 17:38:57, true, 0.0115, 0.0514, 0.2118, true
2018-10-01 17:39:00, 2018-10-01 17:39:59, false, -0.0119, 0.0299, -0.3600, true
2018-10-01 17:40:00, 2018-10-01 17:40:59, false, -0.0023, 0.0055, 0.0666, true
2018-10-01 17:41:00, 2018-10-01 17:41:59, true, 0.0190, 0.0257, 0.2441, true
2018-10-01 17:42:00, 2018-10-01 17:42:59, false, -0.0081, 0.0193, -0.1690, true
2018-10-01 17:43:00, 2018-10-01 17:43:59, true, 0.0041, 0.0044, 0.0152, true
2018-10-01 17:44:00, 2018-10-01 17:44:59, false, -0.0052, 0.0167, 0.0237, true
2018-10-01 17:45:01, 2018-10-01 17:45:58, false, -0.0263, 0.0040, -0.0660, true
2018-10-01 17:46:01, 2018-10-01 17:46:59, true, 0.0172, 0.0316, 0.3477, true
2018-10-01 17:47:00, 2018-10-01 17:47:59, true, 0.0017, 0.0298, -0.3996, true
2018-10-01 17:48:00, 2018-10-01 17:48:59, true, 0.0061, 0.0085, 0.1586, true
2018-10-01 17:49:00, 2018-10-01 17:49:59, false, -0.0157, 0.0088, -0.0246, true
2018-10-01 17:50:00, 2018-10-01 17:50:56, false, -0.0059, 0.0081, -0.0088, true
2018-10-01 17:51:00, 2018-10-01 17:51:59, false, -0.0207, 0.0003, 0.0400, true
2018-10-01 17:52:01, 2018-10-01 17:52:59, false, -0.0040, 0.0211, -0.2321, true
2018-10-01 17:53:00, 2018-10-01 17:53:59, false, -0.0091, 0.0026, -0.0143, true
2018-10-01 17:54:00, 2018-10-01 17:54:59, true, 0.0062, 0.0062, 0.8799, true
2018-10-01 17:55:00, 2018-10-01 17:55:59, false, -0.0163, 0.0441, -0.6951, true
2018-10-01 17:56:00, 2018-10-01 17:56:59, false, -0.0023, 0.0038, -0.1072, true
2018-10-01 17:57:00, 2018-10-01 17:57:58, false, -0.0172, 0.0000, -0.0026, true
2018-10-01 17:58:00, 2018-10-01 17:58:59, true, 0.0003, 0.0062, 0.2143, true
2018-10-01 17:59:00, 2018-10-01 17:59:59, false, -0.0455, 0.0090, 0.5260, true
2018-10-01 18:00:00, 2018-10-01 18:00:59, true, 0.0284, 0.0286, 0.3979, true
2018-10-01 18:01:00, 2018-10-01 18:01:59, true, 0.0109, 0.0418, -0.9817, true
2018-10-01 18:02:00, 2018-10-01 18:02:59, true, 0.0117, 0.0297, 0.0316, true
2018-10-01 18:03:00, 2018-10-01 18:03:58, false, -0.0117, 0.0224, 0.2955, true
2018-10-01 18:04:00, 2018-10-01 18:04:59, false, -0.0193, 0.0172, -0.3865, true
2018-10-01 18:05:00, 2018-10-01 18:05:59, true, 0.0084, 0.0084, 0.1795, true
2018-10-01 18:06:00, 2018-10-01 18:06:59, false, -0.0037, 0.0327, -0.2721, true
2018-10-01 18:07:00, 2018-10-01 18:07:59, true, 0.0065, 0.0214, -0.0075, true
2018-10-01 18:08:00, 2018-10-01 18:08:59, true, 0.0003, 0.0154, -0.0360, true
2018-10-01 18:09:00, 2018-10-01 18:09:59, false, -0.0059, 0.0114, 0.2910, true
2018-10-01 18:10:00, 2018-10-01 18:10:59, true, 0.0044, 0.0126, -0.0316, true
2018-10-01 18:11:00, 2018-10-01 18:11:59, true, 0.0265, 0.0318, -0.1364, true
2018-10-01 18:12:00, 2018-10-01 18:12:59, true, 0.0120, 0.0544, 0.0500, true
2018-10-01 18:13:00, 2018-10-01 18:13:59, true, 0.0050, 0.0345, -0.0430, true
2018-10-01 18:14:00, 2018-10-01 18:14:59, true, 0.0088, 0.0164, 0.0015, true
2018-10-01 18:15:00, 2018-10-01 18:15:59, false, -0.0106, 0.0099, -0.1636, true
2018-10-01 18:16:00, 2018-10-01 18:16:58, false, -0.0078, 0.0087, 0.0455, true
2018-10-01 18:17:00, 2018-10-01 18:17:59, false, -0.0046, 0.0035, 0.0693, true
2018-10-01 18:18:00, 2018-10-01 18:18:59, true, 0.0017, 0.0029, -0.0166, true
2018-10-01 18:19:00, 2018-10-01 18:19:58, true, 0.0111, 0.0233, -0.0380, true
2018-10-01 18:20:00, 2018-10-01 18:20:59, true, 0.0172, 0.0385, 0.2143, true
2018-10-01 18:21:00, 2018-10-01 18:21:59, true, 0.0030, 0.0213, -0.0026, true
2018-10-01 18:22:01, 2018-10-01 18:22:59, true, 0.0012, 0.0198, -0.1313, true
2018-10-01 18:23:02, 2018-10-01 18:23:59, true, 0.0023, 0.0154, -0.0330, true
2018-10-01 18:24:00, 2018-10-01 18:24:59, true, 0.0359, 0.0451, 0.0258, true
2018-10-01 18:25:01, 2018-10-01 18:25:59, false, -0.0158, 0.0419, 0.1033, true
2018-10-01 18:26:00, 2018-10-01 18:26:59, true, 0.0202, 0.0299, 0.3212, true
2018-10-01 18:27:00, 2018-10-01 18:27:59, true, 0.5505, 0.5801, 7.0698, true
2018-10-01 18:28:00, 2018-10-01 18:28:59, false, -0.2594, 0.6183, -2.3661, true
2018-10-01 18:29:00, 2018-10-01 18:29:59, true, 0.1671, 0.1857, -4.4104, true
2018-10-01 18:30:00, 2018-10-01 18:30:59, false, -0.0433, 0.1675, -0.7214, true
2018-10-01 18:31:00, 2018-10-01 18:31:59, true, 0.0204, 0.0396, -0.0033, true
2018-10-01 18:32:00, 2018-10-01 18:32:59, true, 0.0293, 0.0594, 0.2522, true
2018-10-01 18:33:00, 2018-10-01 18:33:59, true, 0.0151, 0.0482, 0.1991, true
2018-10-01 18:34:00, 2018-10-01 18:34:59, false, -0.0582, 0.0175, -0.2828, true
2018-10-01 18:35:00, 2018-10-01 18:35:59, false, -0.0342, 0.0030, -0.2217, true
2018-10-01 18:36:00, 2018-10-01 18:36:59, false, -0.0628, 0.0095, 0.1142, true
2018-10-01 18:37:00, 2018-10-01 18:37:59, true, 0.0011, 0.0011, -0.1722, true
2018-10-01 18:38:00, 2018-10-01 18:38:59, true, 0.0433, 0.0536, 0.1632, true
2018-10-01 18:39:00, 2018-10-01 18:39:59, false, -0.0012, 0.0584, -0.0512, true
2018-10-01 18:40:00, 2018-10-01 18:40:59, false, -0.0067, 0.0145, -0.0566, true
2018-10-01 18:41:00, 2018-10-01 18:41:59, false, -0.0207, 0.0074, 0.0319, true
2018-10-01 18:42:00, 2018-10-01 18:42:59, false, -0.0542, -0.0006, 0.0639, true
2018-10-01 18:43:00, 2018-10-01 18:43:59, false, -0.0147, 0.0000, 0.0797, true
2018-10-01 18:44:00, 2018-10-01 18:44:59, false, -0.0064, 0.0202, -0.1558, true
2018-10-01 18:45:00, 2018-10-01 18:45:58, false, -0.0147, 0.0033, 0.3543, true
2018-10-01 18:46:00, 2018-10-01 18:46:58, false, -0.0011, 0.0379, -0.3937, true
2018-10-01 18:47:01, 2018-10-01 18:47:59, false, -0.0575, 0.0032, 0.0760, true
2018-10-01 18:48:00, 2018-10-01 18:48:58, false, -0.0221, 0.0088, 0.4314, true
2018-10-01 18:49:00, 2018-10-01 18:49:59, false, -0.0085, 0.0035, -0.5305, true
2018-10-01 18:50:00, 2018-10-01 18:50:59, true, 0.0153, 0.0379, -0.0271, true
2018-10-01 18:51:00, 2018-10-01 18:51:59, true, 0.0053, 0.0224, 0.3628, true
2018-10-01 18:52:00, 2018-10-01 18:52:59, false, -0.0319, -0.0138, 0.3140, true
2018-10-01 18:53:00, 2018-10-01 18:53:59, false, -0.0055, 0.0000, -0.4626, true
2018-10-01 18:54:00, 2018-10-01 18:54:58, true, 0.0074, 0.0205, -0.1021, true
2018-10-01 18:55:00, 2018-10-01 18:55:59, false, -0.0008, 0.0194, -0.0643, true
2018-10-01 18:56:00, 2018-10-01 18:56:59, true, 0.0162, 0.0162, 0.0058, true
2018-10-01 18:57:01, 2018-10-01 18:57:59, true, 0.0014, 0.0191, 0.0112, true
2018-10-01 18:58:00, 2018-10-01 18:58:58, true, 0.0036, 0.0112, 0.1445, true
2018-10-01 18:59:00, 2018-10-01 18:59:59, false, -0.0527, 0.0123, 0.2161, true
2018-10-01 19:00:00, 2018-10-01 19:00:59, true, 0.0205, 0.0457, -0.1485, true
2018-10-01 19:01:00, 2018-10-01 19:01:59, false, -0.0027, 0.0317, -0.1982, true
2018-10-01 19:02:00, 2018-10-01 19:02:58, false, -0.0094, 0.0082, 0.2111, true
2018-10-01 19:03:00, 2018-10-01 19:03:59, true, 0.0002, 0.0047, -0.2055, true
2018-10-01 19:04:00, 2018-10-01 19:04:58, false, -0.0287, 0.0226, 0.0779, true
2018-10-01 19:05:00, 2018-10-01 19:05:59, false, -0.0135, 0.0015, -0.1252, true
2018-10-01 19:06:00, 2018-10-01 19:06:54, true, 0.0027, 0.0046, -0.0134, true
2018-10-01 19:07:00, 2018-10-01 19:07:59, false, -0.0068, 0.0065, -0.0103, true
2018-10-01 19:08:00, 2018-10-01 19:08:59, false, -0.0205, 0.0017, 0.0668, true
2018-10-01 19:09:00, 2018-10-01 19:09:59, false, -0.0059, 0.0043, -0.0366, true
2018-10-01 19:10:00, 2018-10-01 19:10:59, true, 0.0014, 0.0076, 0.1506, true
2018-10-01 19:11:00, 2018-10-01 19:11:59, true, 0.0237, 0.0270, -0.2015, true
2018-10-01 19:12:00, 2018-10-01 19:12:59, true, 0.0080, 0.0393, 0.1588, true
2018-10-01 19:13:00, 2018-10-01 19:13:59, false, -0.0021, 0.0105, 0.0993, true
2018-10-01 19:14:00, 2018-10-01 19:14:59, true, 0.0191, 0.0354, -0.1477, true
2018-10-01 19:15:00, 2018-10-01 19:15:59, false, -0.0073, 0.0191, -0.0182, true
2018-10-01 19:16:00, 2018-10-01 19:16:59, true, 0.0035, 0.0111, 0.0915, true
2018-10-01 19:17:00, 2018-10-01 19:17:59, false, -0.0439, 0.0056, 0.9799, true
2018-10-01 19:18:00, 2018-10-01 19:18:59, false, -0.0444, -0.0044, -0.9830, true
2018-10-01 19:19:00, 2018-10-01 19:19:59, true, 0.0173, 0.0243, -0.0375, true
2018-10-01 19:20:01, 2018-10-01 19:20:57, true, 0.0443, 0.0623, 0.0809, true
2018-10-01 19:21:00, 2018-10-01 19:21:59, true, 0.0222, 0.0758, -0.2104, true
2018-10-01 19:22:00, 2018-10-01 19:22:59, true, 0.0073, 0.0381, 0.1396, true
2018-10-01 19:23:00, 2018-10-01 19:23:59, true, 0.0002, 0.0118, -0.0912, true
2018-10-01 19:24:00, 2018-10-01 19:24:59, false, -0.0024, 0.0015, -0.0735, true
2018-10-01 19:25:00, 2018-10-01 19:25:59, false, -0.0047, 0.0000, 0.0232, true
2018-10-01 19:26:00, 2018-10-01 19:26:59, true, 0.0038, 0.0117, -0.0449, true
2018-10-01 19:27:00, 2018-10-01 19:27:59, true, 0.0212, 0.0264, 0.0766, true
2018-10-01 19:28:00, 2018-10-01 19:28:59, true, 0.0076, 0.0311, 0.1815, true
2018-10-01 19:29:00, 2018-10-01 19:29:59, true, 0.0234, 0.0366, -0.1117, true
2018-10-01 19:30:00, 2018-10-01 19:30:59, false, -0.0247, 0.0270, -0.1445, true
2018-10-01 19:31:00, 2018-10-01 19:31:59, true, 0.0127, 0.0184, 0.2399, true
2018-10-01 19:32:00, 2018-10-01 19:32:59, true, 0.0097, 0.0269, -0.1880, true
2018-10-01 19:33:01, 2018-10-01 19:33:58, false, -0.0005, 0.0123, -0.0320, true
2018-10-01 19:34:00, 2018-10-01 19:34:59, true, 0.0130, 0.0153, 0.1166, true
2018-10-01 19:35:02, 2018-10-01 19:35:59, true, 0.0103, 0.0290, 0.4450, true
2018-10-01 19:36:00, 2018-10-01 19:36:58, true, 0.0136, 0.0278, -0.4555, true
2018-10-01 19:37:00, 2018-10-01 19:37:59, true, 0.0014, 0.0165, -0.0173, true
2018-10-01 19:38:00, 2018-10-01 19:38:59, true, 0.0173, 0.0255, -0.0578, true
2018-10-01 19:39:00, 2018-10-01 19:39:59, false, -0.0740, 0.0223, 0.4429, true
2018-10-01 19:40:01, 2018-10-01 19:40:59, false, -0.0149, 0.0000, -0.1894, true
2018-10-01 19:41:00, 2018-10-01 19:41:59, true, 0.0029, 0.0126, -0.1401, true
2018-10-01 19:42:00, 2018-10-01 19:42:59, true, 0.0071, 0.0328, 0.4520, true
2018-10-01 19:43:00, 2018-10-01 19:43:59, true, 0.0006, 0.0237, -0.5203, true
2018-10-01 19:44:00, 2018-10-01 19:44:59, false, -0.0014, 0.0296, 0.0100, true
2018-10-01 19:45:00, 2018-10-01 19:45:59, true, 0.0079, 0.0170, -0.0085, true
2018-10-01 19:46:00, 2018-10-01 19:46:59, false, -0.0008, 0.0079, -0.0294, true
2018-10-01 19:47:00, 2018-10-01 19:47:59, false, -0.0784, 0.0008, 0.5365, true
2018-10-01 19:48:01, 2018-10-01 19:48:59, false, -0.0102, -0.0003, -0.6134, true
2018-10-01 19:49:00, 2018-10-01 19:49:59, true, 0.0118, 0.0128, 0.1406, true
2018-10-01 19:50:00, 2018-10-01 19:50:59, true, 0.0067, 0.0284, -0.0326, true
2018-10-01 19:51:00, 2018-10-01 19:51:57, false, -0.0014, 0.0194, 0.0480, true
2018-10-01 19:52:00, 2018-10-01 19:52:59, false, -0.0103, 0.0108, -0.0683, true
2018-10-01 19:53:00, 2018-10-01 19:53:59, false, -0.0024, 0.0117, 0.2102, true
2018-10-01 19:54:01, 2018-10-01 19:54:59, false, -0.0058, 0.0038, -0.2076, true
2018-10-01 19:55:00, 2018-10-01 19:55:59, true, 0.0647, 0.0758, 0.1592, true
2018-10-01 19:56:00, 2018-10-01 19:56:59, false, -0.0036, 0.0659, -0.1928, true
2018-10-01 19:57:00, 2018-10-01 19:57:59, true, 0.0083, 0.0103, 0.0038, true
2018-10-01 19:58:00, 2018-10-01 19:58:58, false, -0.0314, 0.0147, 0.1043, true
2018-10-01 19:59:00, 2018-10-01 19:59:58, true, 0.0105, 0.0115, 0.0613, true
2018-10-01 20:00:00, 2018-10-01 20:00:59, true, 0.0167, 0.0328, -0.0555, true
2018-10-01 20:01:00, 2018-10-01 20:01:59, true, 0.0036, 0.0272, -0.0346, true
2018-10-01 20:02:00, 2018-10-01 20:02:58, true, 0.0179, 0.0229, 0.1149, true
2018-10-01 20:03:00, 2018-10-01 20:03:59, false, -0.0184, 0.0246, -0.0947, true
2018-10-01 20:04:00, 2018-10-01 20:04:59, true, 0.0026, 0.0061, -0.0375, true
2018-10-01 20:05:00, 2018-10-01 20:05:59, false, -0.0079, 0.0064, -0.0688, true
2018-10-01 20:06:01, 2018-10-01 20:06:58, false, -0.0020, 0.0005, -0.0083, true
2018-10-01 20:07:01, 2018-10-01 20:07:59, false, -0.0131, -0.0008, 0.5123, true
2018-10-01 20:08:00, 2018-10-01 20:08:59, false, -0.0146, 0.0305, -0.4403, true
2018-10-01 20:09:00, 2018-10-01 20:09:59, false, -0.0431, 0.0000, -0.0431, true
2018-10-01 20:10:00, 2018-10-01 20:10:59, false, -0.0111, 0.0000, 0.1414, true
2018-10-01 20:11:00, 2018-10-01 20:11:59, false, -0.0067, 0.0223, 0.5251, true
2018-10-01 20:12:00, 2018-10-01 20:12:59, true, 0.0495, 0.0600, -0.7039, true
2018-10-01 20:13:00, 2018-10-01 20:13:59, false, -0.0960, 0.0534, 1.2014, true
2018-10-01 20:14:00, 2018-10-01 20:14:58, false, -0.0158, 0.0211, -1.1455, true
2018-10-01 20:15:00, 2018-10-01 20:15:59, false, -0.0401, 0.0059, 0.1784, true
2018-10-01 20:16:00, 2018-10-01 20:16:59, true, 0.0216, 0.0310, -0.1946, true
2018-10-01 20:17:02, 2018-10-01 20:17:59, false, -0.0189, 0.0304, 0.2767, true
2018-10-01 20:18:00, 2018-10-01 20:18:58, false, -0.0388, 0.0146, 0.1594, true
2018-10-01 20:19:00, 2018-10-01 20:19:59, true, 0.0439, 0.0440, -0.4327, true
2018-10-01 20:20:00, 2018-10-01 20:20:33, true, 0.0009, 0.0616, -0.0134, true
